"spot_id","Activated_Fib","Adventitial_Fib","B cells","Cycling cells","ECM_Fib","Endothelial cells","Epithelial cells","Inflammatory_Fib","Macrophages","Mast cells","Neutrophils","pDCs","Pericytes","PI16_Fib","Plasma cells","T cells"
"AAACATTTCCCGGATT-1",0,0,0,0,0,0,1,0,0,0,0,0,0,0,0,0
"AAACGGGCGTACGGGT-1",0,0,0,0,0,0,1,0,0,0,0,0,0,0,0,0
"AAAGAATGTGGACTAA-1",0,0,0,0,0,0,1,0,0,0,0,0,0,0,0,0
"AAAGGGATGTAGCAAG-1",0,0,0,0,0,0,0.745798586049843,0,0.254201413950157,0,0,0,0,0,0,0
"AAATCCGATACACGCC-1",0,0,0,0,0,0,1,0,0,0,0,0,0,0,0,0
"AACAACTGGTAGTTGC-1",0,0,0,0,0,0,1,0,0,0,0,0,0,0,0,0
"AACAGGAAATCGAATA-1",0,0,0,0,0,0,1,0,0,0,0,0,0,0,0,0
"AACCGAGCTTGGTCAT-1",0,0,0,0,0,0,0,0,0,0,0,0,0,0,1,0
"AACGATAGAAGGGCCG-1",0,0,0,0,0.767231454595687,0,0.232768545404313,0,0,0,0,0,0,0,0,0
"AACGCGGTCTCCAGCC-1",0,0,0,0.799458331450653,0,0,0,0,0.200541668549347,0,0,0,0,0,0,0
"AACGTCAGACTAGTGG-1",0,0,0,0,0,0,1,0,0,0,0,0,0,0,0,0
"AACGTCGCTGCACTTC-1",0,0,0,0,0.0510933980880553,0,0.948906601911945,0,0,0,0,0,0,0,0,0
"AACTCCAGAGCGTGTT-1",0,0,0,0,0.0597211974851048,0,0.940278802514895,0,0,0,0,0,0,0,0,0
"AACTGATATTAGGCCT-1",0,0,0,0.789565663769992,0,0,0.210434336230008,0,0,0,0,0,0,0,0,0
"AACTGGGTCCCGACGT-1",0,0,0,1,0,0,0,0,0,0,0,0,0,0,0,0
"AAGGAGCGGTTGGTGC-1",0,0,0,0,0,0,1,0,0,0,0,0,0,0,0,0
"AAGGCGCGTAAAGCTT-1",0,0,0,0,0,0,1,0,0,0,0,0,0,0,0,0
"AAGGCTGTGCTCATCG-1",0,0,0,0,0,0,0.911914647709692,0,0.0880853522903077,0,0,0,0,0,0,0
"AAGTAGAAGACCGGGT-1",0,0,0,0,0.337043319810727,0,0.662956680189273,0,0,0,0,0,0,0,0,0
"AATACCTGATGTGAAC-1",0,0,0,0,0,0,1,0,0,0,0,0,0,0,0,0
"AATCGGTATAGCCCTC-1",0,0,0,0,0,0,1,0,0,0,0,0,0,0,0,0
"AATGACTGTCAGCCGG-1",0,0,0,0,0,0,1,0,0,0,0,0,0,0,0,0
"AATGCAACCGGGTACC-1",0,0,0,0,0,0,0.825599924630995,0,0.174400075369005,0,0,0,0,0,0,0
"AATGGTTCTCACAAGC-1",0,0,0,0,0,0,1,0,0,0,0,0,0,0,0,0
"AATGTTGTCGTGAGAC-1",0,0,0,0,0,0,1,0,0,0,0,0,0,0,0,0
"AATTGCAGCAATCGAC-1",0,0,0,0,0,0,1,0,0,0,0,0,0,0,0,0
"ACAAAGCATGACCTAG-1",0,0,0,0,0.0460822402864257,0,0.953917759713574,0,0,0,0,0,0,0,0,0
"ACACAAAGACGGGTGG-1",0,0,0,0,0,0,0,0,1,0,0,0,0,0,0,0
"ACACACTTTCTACACG-1",0,0.290076449723555,0.709923550276445,0,0,0,0,0,0,0,0,0,0,0,0,0
"ACACCCAGCATGCAGC-1",0,0,0,0.226922842430081,0,0,0.773077157569919,0,0,0,0,0,0,0,0,0
"ACACCCGAGAAATCCG-1",0,0,0,0,0,0,1,0,0,0,0,0,0,0,0,0
"ACACCTTAAGTAGGGC-1",0,0,0,0,0,0,1,0,0,0,0,0,0,0,0,0
"ACAGGCACGGATCCTT-1",0,0,0,0,0.0325264082597647,0,0.967473591740235,0,0,0,0,0,0,0,0,0
"ACATAATAAGGCGGTG-1",0,0,0,0.802129005688149,0,0,0,0,0.197870994311851,0,0,0,0,0,0,0
"ACATACAATCAAGCGG-1",0,0,0,0,0,0,1,0,0,0,0,0,0,0,0,0
"ACATTTGAAACCTAAC-1",0,0,0,0,0,0,1,0,0,0,0,0,0,0,0,0
"ACCAACCGCACTCCAC-1",0,0,0,0,0.0358351456884828,0,0.964164854311517,0,0,0,0,0,0,0,0,0
"ACCAAGAACGCGTGTC-1",0,0,0,0,0,0,0.279139186539351,0,0,0,0,0,0.720860813460649,0,0,0
"ACCAAGTCATCGGCAG-1",0,0,0,0,0,0,1,0,0,0,0,0,0,0,0,0
"ACCACAAGTTTCTATC-1",0,0,0,0,0,0,1,0,0,0,0,0,0,0,0,0
"ACCCTTCATCTGCGAA-1",0,0,0,0.801210514373007,0,0,0.198789485626993,0,0,0,0,0,0,0,0,0
"ACCGACTGAGTCCCAC-1",0,0,0,0.813576794280504,0,0,0.186423205719496,0,0,0,0,0,0,0,0,0
"ACCTCAGCGAGGCGCA-1",0,0,0,0,0,0,1,0,0,0,0,0,0,0,0,0
"ACGACTCTAGGGCCGA-1",0,0,0,0,0,0,1,0,0,0,0,0,0,0,0,0
"ACGATCATACATAGAG-1",0,0,0,0.578300121032861,0,0,0.421699878967139,0,0,0,0,0,0,0,0,0
"ACGCCAGATGATTTCT-1",0,0,0,0,0,0,1,0,0,0,0,0,0,0,0,0
"ACGCCAGTGCGTTTGC-1",0,0,0,0,0,0,1,0,0,0,0,0,0,0,0,0
"ACGGAACACGAGTGCC-1",0,0,0,0,0,0,1,0,0,0,0,0,0,0,0,0
"ACGGAATTTAGCAAAT-1",0,0,0,0,0,0,1,0,0,0,0,0,0,0,0,0
"ACGGTACAGTTCAATG-1",0,0,0,0,0,0,1,0,0,0,0,0,0,0,0,0
"ACGTGCGCCTCGTGCA-1",0,0,0,0,0,0,0,0,0,0,0,0,0,0,0,0
"ACGTTCTGTACAAGTC-1",0,0,0,0,0.051849037968011,0,0.948150962031989,0,0,0,0,0,0,0,0,0
"ACGTTTAGTTGTGATC-1",0,0,0,0.741421567521961,0,0,0.258578432478039,0,0,0,0,0,0,0,0,0
"ACTACCAGCTCTCTGG-1",0,0,0,0,0.0386107327455883,0,0.961389267254412,0,0,0,0,0,0,0,0,0
"ACTCAATAAAGGCACG-1",0,0,0,0.830223006736884,0,0,0.169776993263116,0,0,0,0,0,0,0,0,0
"ACTCCGGCCGACCACT-1",0,0,0,0,0.0535551439596915,0,0.946444856040308,0,0,0,0,0,0,0,0,0
"ACTGCCGTCGTAACTC-1",0,0,0,0,0,0,1,0,0,0,0,0,0,0,0,0
"ACTGTAGCACTTTGGA-1",0,0,0,0,0,0,1,0,0,0,0,0,0,0,0,0
"ACTTGGGACCCGGTGG-1",0,0,0,0,0,0,1,0,0,0,0,0,0,0,0,0
"ACTTTCCTATAGCTTC-1",0,0,0,0.651879117085647,0,0,0.348120882914353,0,0,0,0,0,0,0,0,0
"AGAACTGTACTTTGTA-1",0,0,0,0,0,0,1,0,0,0,0,0,0,0,0,0
"AGAATACAGGCTATCC-1",0,0,0,0,0.222418832126491,0,0.777581167873509,0,0,0,0,0,0,0,0,0
"AGACCCGCCCTCCTCG-1",0,0,0,0,0,0,0.767384912795359,0,0.232615087204641,0,0,0,0,0,0,0
"AGACTAGCCTTCCAGA-1",0,0,0,0,0,0,1,0,0,0,0,0,0,0,0,0
"AGAGCGGGCTAATCAT-1",0,0,0,0.85305157610248,0,0,0.14694842389752,0,0,0,0,0,0,0,0,0
"AGATGACTCGCCCACG-1",0,0,0,0,0,0,0,0,1,0,0,0,0,0,0,0
"AGCACCAGTACTCACG-1",0,0,0,0.632810616262403,0,0,0.367189383737597,0,0,0,0,0,0,0,0,0
"AGCATCGTCGATAATT-1",0,0,0,0.692738252782817,0,0,0.307261747217183,0,0,0,0,0,0,0,0,0
"AGCATTACGAGGCAAG-1",0,0,0,0,0,0,1,0,0,0,0,0,0,0,0,0
"AGCCACAGGTTACCCG-1",0,0,0.190133518522107,0,0,0,0.809866481477893,0,0,0,0,0,0,0,0,0
"AGCCCGCACTACAATG-1",0,0,0,0,0.86887047636644,0,0.13112952363356,0,0,0,0,0,0,0,0,0
"AGCCCTAAGCGAAGTT-1",0,0,0,0,0,0,0.268847999660564,0,0,0,0,0,0.731152000339436,0,0,0
"AGCGACATCCCATTCA-1",0,0,0,0,0.746959652463687,0,0.253040347536313,0,0,0,0,0,0,0,0,0
"AGCGACCAACGATATT-1",0,0,0,0.702632133520408,0,0,0.297367866479592,0,0,0,0,0,0,0,0,0
"AGCTAAGTACGCAGGC-1",0,0,0,0,0,0,1,0,0,0,0,0,0,0,0,0
"AGCTACGAATGGTGGT-1",0,0,0,0,0.80617013721753,0,0.19382986278247,0,0,0,0,0,0,0,0,0
"AGGACATCGCACGTCG-1",0,0,0,0,0,0,0.952579413672388,0,0,0,0,0,0,0,0.0474205863276122,0
"AGGCCCATTGTACAGG-1",0,0,0,0,0,0,1,0,0,0,0,0,0,0,0,0
"AGGCCTGAGAATCTCG-1",0,0,0,0,0,0,1,0,0,0,0,0,0,0,0,0
"AGGGCGTGATCGGCTA-1",0,0,0,0,0.340988336650077,0,0.659011663349923,0,0,0,0,0,0,0,0,0
"AGGTGCACGTCCACAT-1",0,0,0,0,0,0,1,0,0,0,0,0,0,0,0,0
"AGGTTGAGGCACGCTT-1",0,0.249517396632135,0,0,0,0,0,0,0,0,0,0,0,0,0.750482603367865,0
"AGTAACTATAGCAGCC-1",0,0,0,0,0,0,1,0,0,0,0,0,0,0,0,0
"AGTAAGGGACAGAATC-1",0,0,0,0,0.452936650379557,0,0.547063349620443,0,0,0,0,0,0,0,0,0
"AGTAATGTCTTGCCGC-1",0,0,0,0,0.767642778682941,0,0.232357221317059,0,0,0,0,0,0,0,0,0
"AGTAGGTAACATACAT-1",0,0,0,0.646288356210525,0,0,0.353711643789475,0,0,0,0,0,0,0,0,0
"AGTCAGCCACCGCCTG-1",0,0,0,0,0,0,1,0,0,0,0,0,0,0,0,0
"AGTCGGCCCAAACGAC-1",0,0,0,0,0,0,1,0,0,0,0,0,0,0,0,0
"AGTCTTCTCCTCAAAT-1",0,0,0,1,0,0,0,0,0,0,0,0,0,0,0,0
"AGTGAGTCGAATTAAC-1",0,0,0,0,0,0,1,0,0,0,0,0,0,0,0,0
"AGTGCTAAACACAGCA-1",0,0,0,0,0,0,0.937409313935133,0,0,0,0.0625906860648674,0,0,0,0,0
"AGTGGCCCGCAAATGG-1",0,0,0,0,0,0,1,0,0,0,0,0,0,0,0,0
"AGTTATTCAGACTGTG-1",0,0,0,0,0.548547527732574,0,0.451452472267426,0,0,0,0,0,0,0,0,0
"AGTTCCTACAGAATTA-1",0,0,0,0,0,0,1,0,0,0,0,0,0,0,0,0
"AGTTGGCAAGGCTAGA-1",0,0,0,0,0,0,1,0,0,0,0,0,0,0,0,0
"ATAATAGTGTAGGGAC-1",0,0,0,0,0,0,1,0,0,0,0,0,0,0,0,0
"ATACTAGCATGACCCT-1",0,0,0,1,0,0,0,0,0,0,0,0,0,0,0,0
"ATAGAGTACTGGGACA-1",0,0,0,0,0,0,1,0,0,0,0,0,0,0,0,0
"ATAGCAACTAGGGAAG-1",0,0,0,0,0,0,1,0,0,0,0,0,0,0,0,0
"ATAGGGATATCCTTGA-1",0,0,0,0.391748451694954,0,0,0.608251548305046,0,0,0,0,0,0,0,0,0
"ATAGGTTGGGCAGATG-1",0,0,0,0.728579797117028,0,0,0.271420202882972,0,0,0,0,0,0,0,0,0
"ATATAACACGGGCGCA-1",0,0,0,0,0,0,1,0,0,0,0,0,0,0,0,0
"ATATTGCTGTCAAAGT-1",0,0,0,0,0,0,1,0,0,0,0,0,0,0,0,0
"ATATTTAACCCTCAAG-1",0,0,0,0,0,0,0.931275954646116,0,0.0687240453538837,0,0,0,0,0,0,0
"ATCACTTCATCCTCGC-1",0.206150880780844,0,0,0.793849119219156,0,0,0,0,0,0,0,0,0,0,0,0
"ATCCAACGCAGTCATA-1",0,0,0,0,0,0,1,0,0,0,0,0,0,0,0,0
"ATCGACTCTTTCCGTT-1",0,0,0,0.729989431858503,0,0,0,0,0.270010568141497,0,0,0,0,0,0,0
"ATCGCACGCCGGGAGA-1",0,0,0,0,0,0,0.80665390020436,0,0.19334609979564,0,0,0,0,0,0,0
"ATCTACCATCTGCTCC-1",0,0,0,0,0,0,0.896991034309122,0,0.103008965690878,0,0,0,0,0,0,0
"ATCTCCCTGCAATCTA-1",0,0,0,0.66001959806997,0,0,0.33998040193003,0,0,0,0,0,0,0,0,0
"ATCTGTAATTGTACCC-1",0,0,0,0,0.611776153402757,0,0.388223846597243,0,0,0,0,0,0,0,0,0
"ATCTTGACCTGCAACG-1",0,0,0,0,0,0,1,0,0,0,0,0,0,0,0,0
"ATGAAGCCAAGGAGCC-1",0,0,0,0,0,0,1,0,0,0,0,0,0,0,0,0
"ATGACGCCGGCTCTAA-1",0,0,0,0,0.72801340603336,0,0.27198659396664,0,0,0,0,0,0,0,0,0
"ATGAGGAGTGTTAATC-1",0,0,0,0,0,0,1,0,0,0,0,0,0,0,0,0
"ATGATCGGGAATAGAC-1",0,0,0,0,0.677250609324065,0,0.322749390675935,0,0,0,0,0,0,0,0,0
"ATGCACTACCGCATTG-1",0,0,0,0,0,0,1,0,0,0,0,0,0,0,0,0
"ATGCATGATCCAGGAT-1",0,0,0,0.883141546705805,0,0,0.116858453294195,0,0,0,0,0,0,0,0,0
"ATGGATTGACCAAACG-1",0,0,0,0.533830617837934,0,0,0.466169382162066,0,0,0,0,0,0,0,0,0
"ATGTGCATCCGACGCA-1",0,0,0,0.769814293019017,0,0,0.230185706980983,0,0,0,0,0,0,0,0,0
"ATGTTGATTAGAGACT-1",0,0,0,0,0.0398954312811058,0,0.960104568718894,0,0,0,0,0,0,0,0,0
"ATTAATACTACGCGGG-1",0,0,0,0.76134111644399,0,0,0,0,0.23865888355601,0,0,0,0,0,0,0
"ATTAATTCGGTCACTC-1",0,0,0,0,0,0,1,0,0,0,0,0,0,0,0,0
"ATTACTAGCCTCTTGC-1",0,0,0,0,0.421916984856135,0,0.578083015143865,0,0,0,0,0,0,0,0,0
"ATTAGATTGATAGCGG-1",0,0,0,0,0,0,1,0,0,0,0,0,0,0,0,0
"ATTATGCCATAGGGAG-1",0,0,0,0,0.759767804151549,0,0.240232195848451,0,0,0,0,0,0,0,0,0
"ATTATTCAGAGTCACT-1",0,0,0,0,0,0,1,0,0,0,0,0,0,0,0,0
"ATTCCTCCGCCAGTGC-1",0,0,0,0,0,0,1,0,0,0,0,0,0,0,0,0
"ATTCGTGTACCCATTC-1",0,0,0,0,0,0,1,0,0,0,0,0,0,0,0,0
"ATTCGTTTATCGTATT-1",0,0,0,0,0.798763671038751,0,0.201236328961249,0,0,0,0,0,0,0,0,0
"ATTGGTTGTGCATTAC-1",0,0,0,0,0,0,1,0,0,0,0,0,0,0,0,0
"ATTTAACTCGTATTAC-1",0,0,0,0.567897160975652,0,0,0.432102839024348,0,0,0,0,0,0,0,0,0
"ATTTGTTCCAGGGCTC-1",0,0,0,0.894507592509514,0,0,0.105492407490486,0,0,0,0,0,0,0,0,0
"CAACGACCCGTTTACA-1",0,0,0,0,0.476264696604365,0,0.523735303395635,0,0,0,0,0,0,0,0,0
"CAACGGTTCTTGATAC-1",0,0,0,0,0,0,1,0,0,0,0,0,0,0,0,0
"CAACTCCTTGATCCCG-1",0,0,0,0,0,0,1,0,0,0,0,0,0,0,0,0
"CAAGCACCAAATGCCT-1",0,0,0,1,0,0,0,0,0,0,0,0,0,0,0,0
"CAAGGCCAGTGGTGCA-1",0,0,0,0,0,0,1,0,0,0,0,0,0,0,0,0
"CACAGCTAGGGAGTGA-1",0,0,0,0.414524717598117,0.585475282401883,0,0,0,0,0,0,0,0,0,0,0
"CACCCACACGTCACCC-1",0,0,0,0,0.158363804960068,0,0.841636195039932,0,0,0,0,0,0,0,0,0
"CACCGCCAGAAGGTTT-1",0,0,0,0,0,0,0.339510651933999,0,0.660489348066001,0,0,0,0,0,0,0
"CACCTAATCAGTTTAC-1",0,0.248851644669165,0,0.751148355330835,0,0,0,0,0,0,0,0,0,0,0,0
"CACCTCGATGGTGGAC-1",0,0,0,0.875469486273777,0,0,0.124530513726223,0,0,0,0,0,0,0,0,0
"CACGCACAGCGCAGCT-1",0,0,0,0.372957047532021,0,0,0,0,0,0,0,0,0,0,0.627042952467979,0
"CACTGTCCAAGTGAGA-1",0,0,0,0,0.29739584512641,0,0.70260415487359,0,0,0,0,0,0,0,0,0
"CACTTCGCCACAGGCT-1",0,0,0,0,0,0,1,0,0,0,0,0,0,0,0,0
"CAGAGCATGAGCTTGC-1",0,0,0,0,0,0.443508727507093,0,0,0,0,0,0,0,0,0.556491272492907,0
"CAGATACTAACATAGT-1",0,0,0,0,0,0,1,0,0,0,0,0,0,0,0,0
"CAGTTCAAATTGACAC-1",0,0,0,0,0,0,0.928693860509833,0,0.0713061394901673,0,0,0,0,0,0,0
"CATAGAGGAGATACTA-1",0,0,0,0,0,0,0.840275244831934,0,0.159724755168066,0,0,0,0,0,0,0
"CATAGTAGCATAGTAG-1",0,0,0,0,0,0,1,0,0,0,0,0,0,0,0,0
"CATAGTCAAATACATA-1",0,0,0,0.180905853187798,0,0,0.819094146812202,0,0,0,0,0,0,0,0,0
"CATGATGCACAATTCT-1",0,0,0,0.855851592201762,0,0,0,0,0.144148407798238,0,0,0,0,0,0,0
"CATGCGTTAGACAGAA-1",0,0,0,0.865718353511819,0,0,0.134281646488181,0,0,0,0,0,0,0,0,0
"CATGGCAGGAAGATCG-1",0,0,0,0,1,0,0,0,0,0,0,0,0,0,0,0
"CATGGTCTAGATACCG-1",0,0,0,0.675352047772471,0,0,0.324647952227529,0,0,0,0,0,0,0,0,0
"CATGGTTTATTAATCA-1",0,0,0,0,0,0,1,0,0,0,0,0,0,0,0,0
"CATTACGCAGGAAGGG-1",0,0,0,0,0,0,1,0,0,0,0,0,0,0,0,0
"CATTACGTCGGCCCGT-1",0,0,0,1,0,0,0,0,0,0,0,0,0,0,0,0
"CATTATGCTTGTTGTG-1",0,0,0,0,0,0,1,0,0,0,0,0,0,0,0,0
"CATTTCTAGCAGACTA-1",0,0,0,0,0,0,1,0,0,0,0,0,0,0,0,0
"CCAAACAGAACCCTCG-1",0,0,0,0,0,0,1,0,0,0,0,0,0,0,0,0
"CCAAGACTTCTGCGAA-1",0,0,0,1,0,0,0,0,0,0,0,0,0,0,0,0
"CCAAGGAACAGAGAGG-1",0,0,0,0.729411016941784,0,0,0.270588983058216,0,0,0,0,0,0,0,0,0
"CCAAGGTTGCCCTTTC-1",0,0,0,0,0,0,1,0,0,0,0,0,0,0,0,0
"CCAATTGAATGTTAAT-1",0,0,0,0,0,0,1,0,0,0,0,0,0,0,0,0
"CCACGAGAAGAGAATC-1",0,0,0,0,0,0,1,0,0,0,0,0,0,0,0,0
"CCACTTTCCTTCTAGG-1",0,0,0,0,0.169500347706431,0,0.830499652293569,0,0,0,0,0,0,0,0,0
"CCAGGGACGTGGCCTC-1",0,0,0,0,0,0,0.953057615597338,0,0.0469423844026623,0,0,0,0,0,0,0
"CCATAGGTTGGCGTGG-1",0,0,0,0.847330547122872,0,0,0.152669452877128,0,0,0,0,0,0,0,0,0
"CCATGCTCTGCAGGAA-1",0,0,0,0,0,0,1,0,0,0,0,0,0,0,0,0
"CCCAAGTCATTACACT-1",0,0,0,0,0,0,1,0,0,0,0,0,0,0,0,0
"CCCGACCATAGTCCGC-1",0,0,0,0,0,0,0,0,0,0,0,0,0,0,1,0
"CCCGCCATGCTCCCGT-1",0,0,0,0,0,0,1,0,0,0,0,0,0,0,0,0
"CCCGGCACGTGTCAGG-1",0,0,0,0,0.506456197940638,0,0.493543802059361,0,0,0,0,0,0,0,0,0
"CCCGTCAGCGTCTGAC-1",0,0,0,0.419775863213268,0,0,0.580224136786732,0,0,0,0,0,0,0,0,0
"CCCTCATTCTGGAATT-1",0,0,0,0,0,0,1,0,0,0,0,0,0,0,0,0
"CCGAAAGTGGTGAGCA-1",0,0,0,0,0,0,1,0,0,0,0,0,0,0,0,0
"CCGCACTTGCAATGAC-1",0,0,0,0,0,0,1,0,0,0,0,0,0,0,0,0
"CCGCCGGTCAACACAC-1",0,0,0,0.725540280103825,0,0,0.274459719896175,0,0,0,0,0,0,0,0,0
"CCGCTCTTCCGAACTA-1",0,0,0,0,0,0,1,0,0,0,0,0,0,0,0,0
"CCGGAAGTGCAATATG-1",0,0,0,0,0.0850216050351472,0,0.914978394964853,0,0,0,0,0,0,0,0,0
"CCGGCGCATATTGGAT-1",0,0,0,0,0.620724459756423,0,0.379275540243577,0,0,0,0,0,0,0,0,0
"CCGGGACCCGCAGAGA-1",0,0,0,0,0.651389959144561,0,0.348610040855439,0,0,0,0,0,0,0,0,0
"CCGTAGGAAATCCCTG-1",0,0,0,0,0,0,0.859424765508639,0,0.140575234491361,0,0,0,0,0,0,0
"CCTACGGCTCAGTCGA-1",0,0,0,0,0,0,1,0,0,0,0,0,0,0,0,0
"CCTACTGCTTACACTT-1",0,0,0,0,0,0.0634468062592063,0.936553193740794,0,0,0,0,0,0,0,0,0
"CCTATCTATATCGGAA-1",0,0,0,0,0.263697997585755,0,0.736302002414245,0,0,0,0,0,0,0,0,0
"CCTATGTCCACTCCAC-1",0,0,0,0,0.0478342908040065,0,0.952165709195994,0,0,0,0,0,0,0,0,0
"CCTCACCAATCTTGAC-1",0,0,0,0,0,0,1,0,0,0,0,0,0,0,0,0
"CCTCCTGTTGTGTCGT-1",0,0,0,0,0,0,0.925701177865896,0,0.0742988221341042,0,0,0,0,0,0,0
"CCTCGAAGTGGACGGG-1",0,0,0,0.701675648126107,0,0,0.298324351873893,0,0,0,0,0,0,0,0,0
"CCTCGCCAGCAAATTA-1",0,0,0,0,0.577695768625249,0,0.422304231374751,0,0,0,0,0,0,0,0,0
"CCTCTAATCTGCCAAG-1",0,0.258876238021351,0,0,0,0,0,0,0,0,0,0,0,0,0.741123761978649,0
"CCTGAATATTTACATA-1",0,0,0,1,0,0,0,0,0,0,0,0,0,0,0,0
"CCTGATTCGCGAAGAA-1",0,0,0,0,0.0300133153959209,0,0.969986684604079,0,0,0,0,0,0,0,0,0
"CCTGCTACAACCATAC-1",0,0,0,0,0.367939407684319,0,0,0,0,0,0,0,0,0,0.632060592315681,0
"CCTGCTATTTGAGAAG-1",0,0,0,0,0,0,1,0,0,0,0,0,0,0,0,0
"CCTGGCTAGACCCGCC-1",0,0,0,0,0,0,1,0,0,0,0,0,0,0,0,0
"CCTTAAGTACGCAATT-1",0,0,0,0,0,0,1,0,0,0,0,0,0,0,0,0
"CCTTCTTGATCCAGTG-1",0,0.446292292401071,0,0.553707707598929,0,0,0,0,0,0,0,0,0,0,0,0
"CGAGACTACTGCTGCT-1",0,0,0,0,0,0,1,0,0,0,0,0,0,0,0,0
"CGAGAGCTTTCACTAC-1",0,0,0,0,0,0,1,0,0,0,0,0,0,0,0,0
"CGAGCTGGGCTTTAGG-1",0,0,0.606194146890125,0,0.393805853109875,0,0,0,0,0,0,0,0,0,0,0
"CGATAGTCGTACTGCA-1",0,0,0,0.166511891221535,0,0,0.833488108778465,0,0,0,0,0,0,0,0,0
"CGCAATTACTTTCGGT-1",0,0,0,0,0,0,1,0,0,0,0,0,0,0,0,0
"CGCAATTAGGGTAATA-1",0,0,0,0,0,0,1,0,0,0,0,0,0,0,0,0
"CGCATGCCGAATGCGT-1",0,0,0,0,0,0,1,0,0,0,0,0,0,0,0,0
"CGCATTAGCTAATAGG-1",0,0,0,0,0,0,0.819316802966409,0,0.180683197033591,0,0,0,0,0,0,0
"CGCCCAGCGTTTCACG-1",0,0,0,0.180282179735791,0,0,0.81971782026421,0,0,0,0,0,0,0,0,0
"CGCGAAGTGGCATACT-1",0,0,0,0,0.0319878315829395,0,0.968012168417061,0,0,0,0,0,0,0,0,0
"CGCGCCCGACTTAATA-1",0,0,0,0,0.128120363723957,0,0,0,0,0,0,0,0,0,0.871879636276043,0
"CGCGTTCATGAAATAC-1",0,0,0,0,0,0,1,0,0,0,0,0,0,0,0,0
"CGCTATTCAATGTATG-1",0,0,0,0,0,0,1,0,0,0,0,0,0,0,0,0
"CGCTCGACATAATGAT-1",0,0,0,0,0,0,1,0,0,0,0,0,0,0,0,0
"CGCTGTGACGCCGCAC-1",0,0,0,0,0,0,1,0,0,0,0,0,0,0,0,0
"CGCTTCCACTGAAATC-1",0,0,0,0,0.338217497656591,0,0.661782502343409,0,0,0,0,0,0,0,0,0
"CGCTTTCATACCGGTG-1",0,0,0,0,0,0,1,0,0,0,0,0,0,0,0,0
"CGGGATCAATGTAAGA-1",0,0,0,0,0,0,0.850812364444122,0,0.149187635555878,0,0,0,0,0,0,0
"CGGTGTACTTGATCCC-1",0,0,0,0,0,0,1,0,0,0,0,0,0,0,0,0
"CGTACCTGATAGGCCT-1",0,0,0,0.804459233319093,0,0,0,0,0.195540766680907,0,0,0,0,0,0,0
"CGTAGAGAGTAATTAT-1",0,0,0,0,0,0,0.822233840070626,0,0,0,0,0,0,0,0,0.177766159929374
"CGTCCTCATCGCGTGC-1",0,0,0,0,0.563443176319139,0,0.436556823680861,0,0,0,0,0,0,0,0,0
"CGTCTGGAAGGGCCCG-1",0,0,0,0,0.71783568376534,0,0.28216431623466,0,0,0,0,0,0,0,0,0
"CGTGTCCCATTCGCGA-1",0,0,0,0,0,0,1,0,0,0,0,0,0,0,0,0
"CGTTTAAGCGGAGCAC-1",0,0,0.654013146978628,0,0,0,0,0.345986853021372,0,0,0,0,0,0,0,0
"CTACTGCCACCTGACC-1",0,0,0,0.646466237455722,0,0,0.353533762544278,0,0,0,0,0,0,0,0,0
"CTAGTTGGGCCCGGTA-1",0,0,0,0.743163433648777,0,0,0.256836566351223,0,0,0,0,0,0,0,0,0
"CTCAGGACTCACCTGT-1",0,0,0,0,0,0,1,0,0,0,0,0,0,0,0,0
"CTCATAAATGTGTATA-1",0,0,0,0,0.353084712188971,0,0.646915287811029,0,0,0,0,0,0,0,0,0
"CTCATGGCTCACAATC-1",0,0,0,0,0,0,0.426249413741554,0,0.573750586258446,0,0,0,0,0,0,0
"CTCATTTGATGGGCGG-1",0,0,0,0.815904923086755,0,0,0,0,0.184095076913245,0,0,0,0,0,0,0
"CTCCGGCCTAATATGC-1",0,0,0,0,0.763724612616469,0,0.236275387383531,0,0,0,0,0,0,0,0,0
"CTCGAGGTCGAACAGT-1",0,0,0,0.469679413609357,0,0,0.530320586390643,0,0,0,0,0,0,0,0,0
"CTCGCACCTATATAGT-1",0,0,0,0.901550247946619,0,0,0.098449752053381,0,0,0,0,0,0,0,0,0
"CTCGCTAGGTAAGCGA-1",0,0,0,0,0,0,1,0,0,0,0,0,0,0,0,0
"CTCGGTCCGTAGCCTG-1",0,0,0,0.627598358114429,0,0,0.372401641885571,0,0,0,0,0,0,0,0,0
"CTCTAGCCCTCGGAAA-1",0,0,0,0.154463201913931,0,0,0.845536798086069,0,0,0,0,0,0,0,0,0
"CTGAAAGAGATCCGAC-1",0,0,0,0.848332531845653,0,0,0,0,0.151667468154347,0,0,0,0,0,0,0
"CTGCACCTGGAACCGC-1",0,0,0,0,0.341962783538238,0,0.658037216461761,0,0,0,0,0,0,0,0,0
"CTGCCTTTCTAGTAAA-1",0,0,0,0,0.0436780447465233,0,0.956321955253477,0,0,0,0,0,0,0,0,0
"CTGGAAATGGATGCTT-1",0,0,0,0,0,0,1,0,0,0,0,0,0,0,0,0
"CTGGCGATTTACATGT-1",0,0,0,0,0.0775381908060217,0,0.922461809193978,0,0,0,0,0,0,0,0,0
"CTGGGCTACTGGAGAG-1",0,0,0,0,0.753808316414917,0,0.246191683585083,0,0,0,0,0,0,0,0,0
"CTGGTAAAGACTTACA-1",0,0,0,0,0,0,1,0,0,0,0,0,0,0,0,0
"CTGTATGGTGTAGAAA-1",0,0,0,0,0,0,1,0,0,0,0,0,0,0,0,0
"CTGTTCACTGCCTGTG-1",0,0,0,1,0,0,0,0,0,0,0,0,0,0,0,0
"CTGTTCATCTCACGGG-1",0,0,0,0,0,0,1,0,0,0,0,0,0,0,0,0
"CTTAACTTACAGTATA-1",0,0,0,0,0,0,1,0,0,0,0,0,0,0,0,0
"CTTACACGGTATTCCA-1",0,0,0,0,0,0,1,0,0,0,0,0,0,0,0,0
"CTTACACTGGGAAATA-1",0,0,0,0,0,0,1,0,0,0,0,0,0,0,0,0
"CTTCATAGCTCAAGAA-1",0,0,0,0,0,0,1,0,0,0,0,0,0,0,0,0
"CTTCGATTGCGCAAGC-1",0,0,0,0,0,0,1,0,0,0,0,0,0,0,0,0
"CTTCTTACGTCGTATA-1",0,0,0,0,0,0,0.208014978174692,0,0,0,0,0,0.791985021825308,0,0,0
"CTTGATGACCATCCAG-1",0,0,0,0,0,0,1,0,0,0,0,0,0,0,0,0
"CTTGCCCACCCACGCA-1",0,0,0,0,0,0,1,0,0,0,0,0,0,0,0,0
"CTTGTACTTGTTGACT-1",0,0,0,0,0,0,1,0,0,0,0,0,0,0,0,0
"CTTGTTTATGTAGCCA-1",0,0,0,0,0,0,1,0,0,0,0,0,0,0,0,0
"CTTTAACTTTCAAAGG-1",0,0,0,0.806575845145931,0,0,0,0,0.193424154854069,0,0,0,0,0,0,0
"CTTTGCATCGCTCTTG-1",0,0,0,0,0,0,1,0,0,0,0,0,0,0,0,0
"GAAACAGCCATGCAGT-1",0,0,0,0.782797694102919,0,0,0.217202305897081,0,0,0,0,0,0,0,0,0
"GAAATCGCGCGCAACT-1",0,0,0,0.828147210484613,0,0,0,0,0.171852789515387,0,0,0,0,0,0,0
"GAAATGGCGGTGTTAG-1",0,0,0,0,0,0,1,0,0,0,0,0,0,0,0,0
"GAACACACATCAACCA-1",0,0,0,0,0,0,1,0,0,0,0,0,0,0,0,0
"GAACGACCGAATGATA-1",0,0,0,1,0,0,0,0,0,0,0,0,0,0,0,0
"GAAGTGCTGGATAGCT-1",0,0,0,0,0.794681295761872,0,0.205318704238128,0,0,0,0,0,0,0,0,0
"GAATCGACATGGTCAC-1",0,0,0,0,0,0,1,0,0,0,0,0,0,0,0,0
"GAATGTTGGGTAATCT-1",0,0,0,0.831235551600118,0,0,0,0,0.168764448399882,0,0,0,0,0,0,0
"GACAACGCAGCTTACG-1",0,0,0,0,0.639360015459969,0,0.360639984540031,0,0,0,0,0,0,0,0,0
"GACACAGCCGGGACTG-1",0,0,0,0,0,0,1,0,0,0,0,0,0,0,0,0
"GACCAGAGCCCTGTAG-1",0,0,0,0,0,0,1,0,0,0,0,0,0,0,0,0
"GACGGGCATCGAATTT-1",0,0,0,0.791153538595,0,0,0.208846461405,0,0,0,0,0,0,0,0,0
"GACTAAGATCATGCAC-1",0,0,0,1,0,0,0,0,0,0,0,0,0,0,0,0
"GACTAAGTAGGCTCAC-1",0,0,0,0,0,0,1,0,0,0,0,0,0,0,0,0
"GACTTCAACGCATCAA-1",0,0,0,0,0,0,1,0,0,0,0,0,0,0,0,0
"GAGACTGATGGGTAGA-1",0,0,0,0,0,0,0.855488163068379,0,0.144511836931621,0,0,0,0,0,0,0
"GAGCGAGGGAGTACCG-1",0,0,0,0,0.431648008163838,0,0.568351991836162,0,0,0,0,0,0,0,0,0
"GAGTACGGGTATACAA-1",0,0,0,0,0,0,0.647063124361113,0,0.352936875638887,0,0,0,0,0,0,0
"GAGTCCACCAGGTTTA-1",0,0,0,0,0,0,1,0,0,0,0,0,0,0,0,0
"GATAGATAGTACAGTC-1",0,0,0,0,0,0,1,0,0,0,0,0,0,0,0,0
"GATCCCTTTATACTGC-1",0,0,0,0.561320077763414,0,0,0.438679922236586,0,0,0,0,0,0,0,0,0
"GATCGACACTATCTGA-1",0,0,0,0,0,0,1,0,0,0,0,0,0,0,0,0
"GATGCTACAAGCGCCT-1",0,0,0,0,0.636753875655837,0,0.363246124344163,0,0,0,0,0,0,0,0,0
"GATGGCGCACACATTA-1",0,0,0,0,0,0,1,0,0,0,0,0,0,0,0,0
"GATGTTTGTGCGAGAT-1",0,0,0,0,0,0,1,0,0,0,0,0,0,0,0,0
"GATTATCTTGCATTAT-1",0,0,0,0,0.0234750601119529,0,0.976524939888047,0,0,0,0,0,0,0,0,0
"GATTCCCTTGTCGCAG-1",0,0,0,0.879594980777097,0,0,0.120405019222903,0,0,0,0,0,0,0,0,0
"GCAAGTGCACAGAGAA-1",0,0,0,0,0,0,1,0,0,0,0,0,0,0,0,0
"GCACCTAGGCGAGTCC-1",0,0,0,0,0,0,1,0,0,0,0,0,0,0,0,0
"GCATCCCTAACTTTGA-1",0,0,0,0.333429588960179,0,0,0.666570411039821,0,0,0,0,0,0,0,0,0
"GCATGCTAATAACGAT-1",0,0,0,0,0,0,1,0,0,0,0,0,0,0,0,0
"GCCACTCAGAGCGCGA-1",0,0,0,0,0,0,1,0,0,0,0,0,0,0,0,0
"GCCCAGTTGGTATGCC-1",0,0,0,0,0,0,1,0,0,0,0,0,0,0,0,0
"GCCCGCGCGTTTGACA-1",0,0,0,0,0,0,1,0,0,0,0,0,0,0,0,0
"GCCTAGCGATCTGACC-1",0,0,0,0,0,0,1,0,0,0,0,0,0,0,0,0
"GCCTCCGACAATTCAC-1",0,0,0,0,0,0,1,0,0,0,0,0,0,0,0,0
"GCCTTCAGCCCTACCG-1",0,0,0,0,0.544279175391091,0,0.455720824608909,0,0,0,0,0,0,0,0,0
"GCGGATTACTTGTTCT-1",0,0,0,0,0.768694391392455,0,0.231305608607545,0,0,0,0,0,0,0,0,0
"GCGGGAACCAGGCCCT-1",0,0,0,0,0,0,1,0,0,0,0,0,0,0,0,0
"GCGTCGAAATGTCGGT-1",0,0,0,0.507162145593125,0,0,0,0.492837854406875,0,0,0,0,0,0,0,0
"GCTAAGCCCAGTATGC-1",0,0,0,0,0.735383650565832,0,0.264616349434168,0,0,0,0,0,0,0,0,0
"GCTAATACCGAATGCC-1",0,0,0,0.337709514807585,0,0,0.662290485192415,0,0,0,0,0,0,0,0,0
"GCTAGCAACGCACCTA-1",0,0,0,0,0,0,1,0,0,0,0,0,0,0,0,0
"GCTAGTTTCATTGAGG-1",0,0,0,0,0,0,1,0,0,0,0,0,0,0,0,0
"GCTATAAGGGCCAGGA-1",0,0,0,0,0.69884472292084,0,0.30115527707916,0,0,0,0,0,0,0,0,0
"GCTCTAAACCCTGACG-1",0,0,0,0,0,0,0.835456534160111,0,0.164543465839889,0,0,0,0,0,0,0
"GCTCTATGTTACGTGC-1",0,0,0,0,0,0,1,0,0,0,0,0,0,0,0,0
"GCTCTCGGGTACCGAA-1",0,0,0,0,0,0,0.704678832144347,0,0.295321167855653,0,0,0,0,0,0,0
"GCTTCCATGTAACCGC-1",0,0,0,0,0,0,1,0,0,0,0,0,0,0,0,0
"GCTTCCCGTAAGCTCC-1",0,0,0,0,0,0,1,0,0,0,0,0,0,0,0,0
"GCTTGAGTGACCTCTG-1",0,0,0,0,0.210287319490654,0,0.789712680509346,0,0,0,0,0,0,0,0,0
"GCTTGATGATAATCAG-1",0,0,0,0,0,0,1,0,0,0,0,0,0,0,0,0
"GGACAACCATGAAGCC-1",0,0,0,0,0,0,1,0,0,0,0,0,0,0,0,0
"GGAGAAGTCATTGGCA-1",0.0863756789772957,0,0,0,0,0,0.913624321022704,0,0,0,0,0,0,0,0,0
"GGAGTGCCGCCCTGGA-1",0,0,0,0,0,0,1,0,0,0,0,0,0,0,0,0
"GGATGGCTTGAAGTAT-1",0,0,0,0,0,0,1,0,0,0,0,0,0,0,0,0
"GGATTCAGTACGGTGG-1",0,0,0,0,0,0,1,0,0,0,0,0,0,0,0,0
"GGATTGAAGTAGCCTC-1",0,0,0,0,0.0144027603337576,0,0.985597239666242,0,0,0,0,0,0,0,0,0
"GGCACGCTGCTACAGT-1",0,0,0,0,0.531036752702924,0,0.468963247297076,0,0,0,0,0,0,0,0,0
"GGCACTGCGGTGGTTT-1",0,0,0,0,0.0659340819329804,0,0.93406591806702,0,0,0,0,0,0,0,0,0
"GGCATTCCCTCCCTCG-1",0,0,0,0,0.552465278344443,0,0.447534721655557,0,0,0,0,0,0,0,0,0
"GGCCAATTGTATAGAC-1",0,0,0,0,0,0,1,0,0,0,0,0,0,0,0,0
"GGCGCACAGTTTACCT-1",0,0,0,0,0.0317207938891649,0,0.968279206110835,0,0,0,0,0,0,0,0,0
"GGCTCGTGCCACCAGC-1",0,0,0,0.198422744829512,0,0,0.801577255170488,0,0,0,0,0,0,0,0,0
"GGGAAAGAATGCCAAC-1",0,0,0,0,0,0,1,0,0,0,0,0,0,0,0,0
"GGGAAGGGCTTTCTCA-1",0,0,0,0,0,0,1,0,0,0,0,0,0,0,0,0
"GGGAGCGACCGTAGTG-1",0,0,0,0,0,0,1,0,0,0,0,0,0,0,0,0
"GGGCGATATGTGTGAA-1",0,0,0,0,0,0,0.674151145124396,0,0.325848854875604,0,0,0,0,0,0,0
"GGGCGTACATTTATAT-1",0,0,0,0.775564616842057,0,0,0.224435383157943,0,0,0,0,0,0,0,0,0
"GGGTGTTTCAGCTATG-1",0,0,0,0,0,0,1,0,0,0,0,0,0,0,0,0
"GGTCTCCGTCCAGGTT-1",0,0,0,0,0,0,1,0,0,0,0,0,0,0,0,0
"GGTGCGGATAAGTGGC-1",0,0,0,0,0,0,1,0,0,0,0,0,0,0,0,0
"GGTTCGCATTTGCCGT-1",0,0,0,0,0.0416840594079855,0,0.958315940592015,0,0,0,0,0,0,0,0,0
"GTAAGCGGGCAGTCAG-1",0,0,0,0.468972124872047,0,0,0.531027875127953,0,0,0,0,0,0,0,0,0
"GTAAGTAGGGTATACC-1",0,0,0,0,0,0,1,0,0,0,0,0,0,0,0,0
"GTACGAGATTGCGACA-1",0,0,0,0.499465541204221,0,0,0,0.500534458795779,0,0,0,0,0,0,0,0
"GTACTAAGATTTGGAG-1",0,0,0,0,0,0,0.677734696798601,0,0.3222653032014,0,0,0,0,0,0,0
"GTACTTGGGCACTTCT-1",0,0,0,0,0,0,1,0,0,0,0,0,0,0,0,0
"GTATAGGACTCAGTAG-1",0,0,0,0,0.668005773053889,0,0.331994226946111,0,0,0,0,0,0,0,0,0
"GTATCAGCTTGGGTTC-1",0,0,0,0,0,0,1,0,0,0,0,0,0,0,0,0
"GTATCCTTTGGTAACC-1",0,0,0,0,0.0525401650233388,0,0.947459834976661,0,0,0,0,0,0,0,0,0
"GTCATGCACCTCCGTT-1",0,0,0,0.593715480587803,0,0,0.406284519412197,0,0,0,0,0,0,0,0,0
"GTCATGCGCGAGGGCT-1",0,0,0,0,0,0,1,0,0,0,0,0,0,0,0,0
"GTCATGGACATGACTA-1",0,0,0,0.46648179741019,0,0,0.53351820258981,0,0,0,0,0,0,0,0,0
"GTCCGGCTGAATTGCG-1",0,0,0,0,0,0,1,0,0,0,0,0,0,0,0,0
"GTCTAGTGAGCCGCTT-1",0,0,0,0,0.0547036440063207,0,0.945296355993679,0,0,0,0,0,0,0,0,0
"GTCTCCCGAGTCCCGT-1",0,0,0,0,0.0159749387408275,0,0.984025061259172,0,0,0,0,0,0,0,0,0
"GTGCAACAAATGTGGC-1",0,0,0,0,0,0.76180459728823,0.23819540271177,0,0,0,0,0,0,0,0,0
"GTGCACGAAAGTGACT-1",0,0,0,0.812121429764178,0,0,0.187878570235822,0,0,0,0,0,0,0,0,0
"GTGCCTGAGACCAAAC-1",0,0,0,0.184126928133283,0,0,0.815873071866718,0,0,0,0,0,0,0,0,0
"GTGCGGGTCTCCAAAT-1",0,0,0,0,0,0,1,0,0,0,0,0,0,0,0,0
"GTGGACGTGCTGAGAC-1",0,0,0,0.258390077907948,0,0,0.741609922092052,0,0,0,0,0,0,0,0,0
"GTGGCTGTTTCTGTTC-1",0,0,0,0,0.0336849795357432,0,0.966315020464257,0,0,0,0,0,0,0,0,0
"GTTATCAAGCTATCGA-1",0,0,0,0,0,0,1,0,0,0,0,0,0,0,0,0
"GTTCCAGTCTGACCAT-1",0,0,0,0,0.553180519634647,0,0.446819480365353,0,0,0,0,0,0,0,0,0
"GTTCTTCCCTCGATGT-1",0,0,0,0,0.662259082944716,0,0.337740917055284,0,0,0,0,0,0,0,0,0
"GTTGCACGGAGTTTCG-1",0,0,0,0,0,0,1,0,0,0,0,0,0,0,0,0
"GTTGTCGTGTTAGTTG-1",0,0,0,0.54080384148568,0,0,0.45919615851432,0,0,0,0,0,0,0,0,0
"GTTTCCTGGAGGGTGA-1",0,0,0,0,0,0,1,0,0,0,0,0,0,0,0,0
"GTTTCTAGAGGCGCGG-1",0,0,0,0,0,0,1,0,0,0,0,0,0,0,0,0
"GTTTGGGTTTCGCCCG-1",0,0,0,0,0,0,1,0,0,0,0,0,0,0,0,0
"TAACAAAGGGAGAAGC-1",0,0,0,0,0,0,1,0,0,0,0,0,0,0,0,0
"TAACTATCGAAGGTCC-1",0,0,0,0,0,0,1,0,0,0,0,0,0,0,0,0
"TAAGGAACTTGTGGGA-1",0,0,0,0,0,0,1,0,0,0,0,0,0,0,0,0
"TAAGGCAACATAAGAT-1",0,0,0,0,0,0.581803336723956,0,0,0,0,0,0,0,0,0.418196663276044,0
"TAATACACAGTAGTAT-1",0,0,0,1,0,0,0,0,0,0,0,0,0,0,0,0
"TAATATTGAAATTCGC-1",0,0,0,0,0.575496070069811,0,0.424503929930189,0,0,0,0,0,0,0,0,0
"TACAACAGCGCATACA-1",0,0,0,0,0.834703127953919,0,0.165296872046081,0,0,0,0,0,0,0,0,0
"TACAAGGGCTTCTTTA-1",0,0,0,0.156143868156233,0,0,0.843856131843767,0,0,0,0,0,0,0,0,0
"TACACCTCTTCGAATC-1",0,0,0,0,0.0343765716015572,0,0.965623428398443,0,0,0,0,0,0,0,0,0
"TACCGAATAATTGTAA-1",0,0,0,0,0,0,1,0,0,0,0,0,0,0,0,0
"TACCTCACGCTTGTAC-1",0,0,0,0,0.761134429248641,0,0.238865570751359,0,0,0,0,0,0,0,0,0
"TACGAACACGACTTCA-1",0,0,0,0,0,0,1,0,0,0,0,0,0,0,0,0
"TACGTGCACTATGCTG-1",0,0,0,0,0,0,1,0,0,0,0,0,0,0,0,0
"TACTTAAACATGTACA-1",0,0,0,0,0,0,1,0,0,0,0,0,0,0,0,0
"TAGAATAGCCGATGAA-1",0,0,0,0,0,0,1,0,0,0,0,0,0,0,0,0
"TAGAGCTACGAAGAAC-1",0,0,0,0.662782520193043,0,0,0.337217479806957,0,0,0,0,0,0,0,0,0
"TAGAGTCTAAGCGAAC-1",0,0,0,0,0,0,0.83274326094195,0,0.16725673905805,0,0,0,0,0,0,0
"TAGAGTGTTCCGGGTA-1",0,0,0,0,0,0,1,0,0,0,0,0,0,0,0,0
"TAGATGGTTCCTTACT-1",0,0,0,0,0,0,1,0,0,0,0,0,0,0,0,0
"TAGCAGTATGACTAAA-1",0,0,0,0,0,0,1,0,0,0,0,0,0,0,0,0
"TAGCTAAGTCCGGGAG-1",0,0,0,0.190693244622428,0,0,0.809306755377572,0,0,0,0,0,0,0,0,0
"TAGGCTAAAGTGGCAC-1",0,0,0,0,0,0,1,0,0,0,0,0,0,0,0,0
"TAGGGTGTTTCAAGAG-1",0,0,0,0,0.813465880285581,0,0.186534119714419,0,0,0,0,0,0,0,0,0
"TAGTTTATTCTTGCTT-1",0,0,0,0.757220356572424,0,0,0.242779643427576,0,0,0,0,0,0,0,0,0
"TATAAATCCACAAGCT-1",0,0,0,0,0,0,1,0,0,0,0,0,0,0,0,0
"TATAAGTGAGGATAGC-1",0,0,0,0,0,0,1,0,0,0,0,0,0,0,0,0
"TATACACGCAAAGTAT-1",0,0,0,0,0,0,1,0,0,0,0,0,0,0,0,0
"TATCCATATCATGCGA-1",0,0,0,0,0.571684798417871,0,0.428315201582129,0,0,0,0,0,0,0,0,0
"TATCCTGCATGGGAAT-1",0,0,0,0,0,0,1,0,0,0,0,0,0,0,0,0
"TATCGATGATTAAACG-1",0,0,0,0,0,0,1,0,0,0,0,0,0,0,0,0
"TATGAAGAATTAAGGT-1",0,0,0,0,0,0,1,0,0,0,0,0,0,0,0,0
"TATGCTCCCTACTTAC-1",0,0,0,0.307393065961383,0,0,0.692606934038617,0,0,0,0,0,0,0,0,0
"TATGGATGTGCTACGC-1",0,0,0,0.405968049370352,0,0,0.594031950629648,0,0,0,0,0,0,0,0,0
"TATTTAGTCTAGATCG-1",0,0,0,1,0,0,0,0,0,0,0,0,0,0,0,0
"TATTTGTTACCCTTTA-1",0,0,0,0,0,0,1,0,0,0,0,0,0,0,0,0
"TCAAACAACCGCGTCG-1",0,0,0,0,0,0,0.851894606746825,0,0.148105393253175,0,0,0,0,0,0,0
"TCAACCATGTTCGGGC-1",0,0,0,0,0,0,1,0,0,0,0,0,0,0,0,0
"TCAATCCGGGAAGTTT-1",0,0,0,0,0.0866974205255485,0,0.913302579474451,0,0,0,0,0,0,0,0,0
"TCACAAACCGAGGTAC-1",0,0,0,0,0,0,1,0,0,0,0,0,0,0,0,0
"TCACGGTCATCGCACA-1",0,0,0,0,0,0,1,0,0,0,0,0,0,0,0,0
"TCACTATCCCTTCGGT-1",0,0,0,0,0,0,1,0,0,0,0,0,0,0,0,0
"TCATCACTCGAGCTCG-1",0,0,0,0,0,0,1,0,0,0,0,0,0,0,0,0
"TCATCCTCAGCTGCTT-1",0,0,0,0,0.0502035813955764,0,0.949796418604424,0,0,0,0,0,0,0,0,0
"TCCAACTCAGCTATCT-1",0,0,0,0.130380143501692,0,0,0.869619856498308,0,0,0,0,0,0,0,0,0
"TCCACCAAGACATAGG-1",0,0,0,0,0,0,1,0,0,0,0,0,0,0,0,0
"TCCCAAAGACGAAGGA-1",0,0,0,0,0,0,0.858083233249113,0,0.141916766750887,0,0,0,0,0,0,0
"TCCCAATATCGACGAC-1",0,0,0,0,0.0432007374951639,0,0.956799262504836,0,0,0,0,0,0,0,0,0
"TCCCAGGCTTAGCTAA-1",0,0,0,0,0,0,1,0,0,0,0,0,0,0,0,0
"TCCGATAATTGCCATA-1",0,0,0,0,0.313905356630654,0.686094643369346,0,0,0,0,0,0,0,0,0,0
"TCCGATGGTGCGACAT-1",0,0,0,0,0,0,0.843102947599278,0,0.156897052400722,0,0,0,0,0,0,0
"TCCGGGCCACTAACGG-1",0,0,0,0,0,0,1,0,0,0,0,0,0,0,0,0
"TCCGGGCTTGACGGGA-1",0,0,0,0,0.0441873352339829,0,0.955812664766017,0,0,0,0,0,0,0,0,0
"TCCTTCAGTGGTCGAA-1",0,0,0,0.781089587203998,0,0,0.218910412796002,0,0,0,0,0,0,0,0,0
"TCGAAATTTAGGACCA-1",0,0,0,0,0,0,1,0,0,0,0,0,0,0,0,0
"TCGCCGACATATTCGC-1",0,0,0,0,0,0,1,0,0,0,0,0,0,0,0,0
"TCGCCGGTCGATCCGT-1",0,0,0,0,0.618097647865847,0,0.381902352134153,0,0,0,0,0,0,0,0,0
"TCGCTCGATATATTCC-1",0,0,0,0.695447635545367,0,0,0.304552364454633,0,0,0,0,0,0,0,0,0
"TCGCTGTGCGTAAATC-1",0,0,0,0,0,0,1,0,0,0,0,0,0,0,0,0
"TCGTCCGCTGGCGTCT-1",0,0,0,0,0,0,1,0,0,0,0,0,0,0,0,0
"TCGTTTACGCGACCCT-1",0,0,0,0,0,0,1,0,0,0,0,0,0,0,0,0
"TCTAACCTAGCCTGCG-1",0,0,0,0,0.631966804833165,0,0.368033195166835,0,0,0,0,0,0,0,0,0
"TCTACCCGCATCATTT-1",0,0,0,0,0.222692440434065,0,0.777307559565935,0,0,0,0,0,0,0,0,0
"TCTACCGTCCACAAGC-1",0,0,0,0,0.481918566017898,0,0.518081433982102,0,0,0,0,0,0,0,0,0
"TCTAGCATCTTCGATG-1",0,0,0,0,0,0,1,0,0,0,0,0,0,0,0,0
"TCTATCATGCAGTTAC-1",0,0,0,0,0,0,1,0,0,0,0,0,0,0,0,0
"TCTATCGGTCGCAACA-1",0,0,0,0.786378230176217,0,0,0,0,0.213621769823783,0,0,0,0,0,0,0
"TCTATGCTATAACGAC-1",0,0,0,0,0.0389055396422653,0,0.961094460357735,0,0,0,0,0,0,0,0,0
"TCTCAAATCAATCGGG-1",0,0,0,0,0.0689882163752648,0,0.931011783624735,0,0,0,0,0,0,0,0,0
"TCTCCACAAGTTGAAT-1",0,0,0,0,0,0,1,0,0,0,0,0,0,0,0,0
"TCTCTAATAGCTGGTA-1",0,0,0,0,0,0,1,0,0,0,0,0,0,0,0,0
"TCTGAACCGGTCGGCT-1",0,0,0,0,0,0,1,0,0,0,0,0,0,0,0,0
"TCTGCATACCTTGCTT-1",0,0,0,0,0,0,1,0,0,0,0,0,0,0,0,0
"TCTTACAGAGGTACCG-1",0,0,0,0.577010136710878,0,0,0.422989863289122,0,0,0,0,0,0,0,0,0
"TCTTGGTAACACCAAA-1",0,0,0,0.815185246720212,0,0,0,0,0.184814753279788,0,0,0,0,0,0,0
"TGAGAATGCTTTACCG-1",0,0,0,0,0.604660306826305,0,0.395339693173695,0,0,0,0,0,0,0,0,0
"TGAGTGTAACAACGGG-1",0,0,0,0,0,0,1,0,0,0,0,0,0,0,0,0
"TGATCGGTTTGACCCT-1",0,0,0,0,0,0,0.931663948867504,0,0.0683360511324959,0,0,0,0,0,0,0
"TGATCTCCGGCGCCAG-1",0,0,0,0,0,0,1,0,0,0,0,0,0,0,0,0
"TGCAACTACTGGTTGA-1",0,0,0,0,0.0535285009382741,0,0.946471499061726,0,0,0,0,0,0,0,0,0
"TGCAATCTAACACGGT-1",0,0,0,0.136849557392881,0,0,0.863150442607119,0,0,0,0,0,0,0,0,0
"TGCAGGATCGGCAAAG-1",0,0,0,0,0,0,0,0,0,0,0,0,0.564293786162501,0,0.435706213837499,0
"TGCATGGATCGGATCT-1",0,0,0,0.818676965940664,0,0,0,0,0.181323034059336,0,0,0,0,0,0,0
"TGCCACCTGGCGAAAC-1",0,0,0,0,0,0,0,0.349598568681691,0,0,0,0,0,0,0.650401431318309,0
"TGCCTGATCAAACGAT-1",0,0,0,0.823357164788341,0,0,0,0,0.17664283521166,0,0,0,0,0,0,0
"TGCGCGATTAACGGAG-1",0,0,0,0,0,0,1,0,0,0,0,0,0,0,0,0
"TGCGGAGTAAAGGTGC-1",0,0,0,0.849571502748626,0,0,0,0,0.150428497251374,0,0,0,0,0,0,0
"TGCTGGTTGGACAATT-1",0,0,0,0,0,0,1,0,0,0,0,0,0,0,0,0
"TGGAAGACGAACACCA-1",0,0,0,0,0,0,1,0,0,0,0,0,0,0,0,0
"TGGAAGGATAAAGATG-1",0,0,0,0.844709174558247,0,0,0,0,0.155290825441753,0,0,0,0,0,0,0
"TGGAGTGATGCGATGA-1",0,0,0,0,0,0,0.959614503512122,0,0,0,0,0,0,0,0.0403854964878775,0
"TGGCCGTATATTGACC-1",0,0,0,0,0,0,1,0,0,0,0,0,0,0,0,0
"TGGCTACACTCTACCT-1",0,0,0,0,0,0,1,0,0,0,0,0,0,0,0,0
"TGGCTTTGGGTAGACA-1",0,0,0,0,0.510015273432409,0,0.489984726567591,0,0,0,0,0,0,0,0,0
"TGGGCCACAAGAGCGC-1",0,0,0,0,0,0,1,0,0,0,0,0,0,0,0,0
"TGGTTCGTAGCAAAGG-1",0,0,0,0,0,0,0,0,0,0,0,0,0,0,0,0
"TGTACTATCGCTCGTT-1",0,0,0,0,0,0,1,0,0,0,0,0,0,0,0,0
"TGTCCACGGCTCAACT-1",0,0,0,0,0,0,1,0,0,0,0,0,0,0,0,0
"TGTGACTACGCCAGTC-1",0,0,0,0,0,0,0,0.152835136511241,0,0,0,0,0,0,0.847164863488759,0
"TGTGACTAGAGTTTGC-1",0,0,0,0,0,0,1,0,0,0,0,0,0,0,0,0
"TGTGTCGCGAGTTGCA-1",0,0,0,0,0,0,1,0,0,0,0,0,0,0,0,0
"TGTTTCGGTACTTCTC-1",0,0,0,0,0.692469659533973,0,0.307530340466027,0,0,0,0,0,0,0,0,0
"TTAAAGTAAGTCGCCA-1",0,0,0,0,0,0,1,0,0,0,0,0,0,0,0,0
"TTAACCAACCCTCCCT-1",0,0,0,0,0.45205864884606,0,0.54794135115394,0,0,0,0,0,0,0,0,0
"TTAAGCGCCTGACCCA-1",0,0,0,0,0,0,1,0,0,0,0,0,0,0,0,0
"TTAAGTATTGTTATCC-1",0,0,0,0,0.0496113865303198,0,0.95038861346968,0,0,0,0,0,0,0,0,0
"TTAATCAGTACGTCAG-1",0,0,0,0.648651730513399,0,0,0.351348269486601,0,0,0,0,0,0,0,0,0
"TTAATTTCAGACGCGG-1",0,0,0.528722930343232,0,0.471277069656768,0,0,0,0,0,0,0,0,0,0,0
"TTACAACTACGCATCC-1",0,0,0,0.219767103542557,0,0,0.780232896457443,0,0,0,0,0,0,0,0,0
"TTACATCGTGGCCTGG-1",0,0,0,0,0,0,1,0,0,0,0,0,0,0,0,0
"TTAGCGAATAGATAGG-1",0,0,0,0,0,0,1,0,0,0,0,0,0,0,0,0
"TTAGTAAACCTGCTCT-1",0,0,0,0,0,0,1,0,0,0,0,0,0,0,0,0
"TTATATTTGGCAATCC-1",0,0,0,0.805303021635693,0,0,0.194696978364307,0,0,0,0,0,0,0,0,0
"TTATCTGTATCATAAC-1",0,0,0,0.510969888770249,0,0,0.489030111229751,0,0,0,0,0,0,0,0,0
"TTATTAGGGAAGCATC-1",0,0,0,0,0.684616332826348,0,0.315383667173652,0,0,0,0,0,0,0,0,0
"TTCAACGACCCGACCG-1",0,0,0,0,0,0,1,0,0,0,0,0,0,0,0,0
"TTCATGGCGCAACAGG-1",0,0.493214582763427,0,0.506785417236573,0,0,0,0,0,0,0,0,0,0,0,0
"TTCCTCGAGGGTGTCT-1",0,0,0,0.486683704784787,0,0,0.513316295215213,0,0,0,0,0,0,0,0,0
"TTCGACGGGAAGGGCG-1",0,0,0,0,0,0,1,0,0,0,0,0,0,0,0,0
"TTCGCACTCGCGTGCT-1",0,0,0,0,0,0,1,0,0,0,0,0,0,0,0,0
"TTCTACTTGCGAGGGC-1",0,0,0,0,0,0,1,0,0,0,0,0,0,0,0,0
"TTCTAGGCCAATTGTG-1",0,0,0,0.202423796908519,0,0,0.797576203091481,0,0,0,0,0,0,0,0,0
"TTCTTAGTGAACGGTG-1",0,0,0,0,0,0,1,0,0,0,0,0,0,0,0,0
"TTCTTAGTGGCTCAGA-1",0,0,0,0,0.685837329668229,0,0.314162670331771,0,0,0,0,0,0,0,0,0
"TTCTTGTAACCTAATG-1",0,0,0,0,0,0,1,0,0,0,0,0,0,0,0,0
"TTGATCTAACTTTGTC-1",0,0,0,0,0,0,1,0,0,0,0,0,0,0,0,0
"TTGCACGGAGCAGCAC-1",0,0,0,0.399876351587432,0,0,0,0.600123648412568,0,0,0,0,0,0,0,0
"TTGCCTTCTCGCCGGG-1",0,0,0,0,0,0,1,0,0,0,0,0,0,0,0,0
"TTGCGCACAACCACGT-1",0,0,0,0,0.442952507272809,0.557047492727191,0,0,0,0,0,0,0,0,0,0
"TTGCGCTTGATCAATA-1",0,0,0,0,0,0,1,0,0,0,0,0,0,0,0,0
"TTGCTCATAGTACGTG-1",0,0,0,0,0,0,1,0,0,0,0,0,0,0,0,0
"TTGCTCCCATACCGGA-1",0,0,0,0.880861466758897,0,0,0.119138533241103,0,0,0,0,0,0,0,0,0
"TTGCTGAAGGAACCAC-1",0,0,0,0,0.503735640310306,0,0.496264359689694,0,0,0,0,0,0,0,0,0
"TTGGATTGGGTACCAC-1",0,0,0,0,0.718984682931367,0,0.281015317068633,0,0,0,0,0,0,0,0,0
"TTGGCTCGCATGAGAC-1",0,0,0,0,0,0,1,0,0,0,0,0,0,0,0,0
"TTGTCGTTCAGTTACC-1",0,0,0,0.748821201788227,0,0,0,0,0.251178798211773,0,0,0,0,0,0,0
"TTGTGATCTGTTCAGT-1",0,0,0,0,0,0,0.963433539621084,0,0,0,0,0,0,0.0365664603789163,0,0
"TTGTGGCCCTGACAGT-1",0,0,0,0,0,0,1,0,0,0,0,0,0,0,0,0
"TTGTGGTGGTACTAAG-1",0,0,0,0,0.0383724348319195,0,0.961627565168081,0,0,0,0,0,0,0,0,0
"TTGTTAGCAAATTCGA-1",0,0,0,0,0,0,1,0,0,0,0,0,0,0,0,0
"TTGTTCAGTGTGCTAC-1",0,0,0,0.61869489281308,0,0,0.38130510718692,0,0,0,0,0,0,0,0,0
