"view","Predictor","Target","Importance","nsamples"
"intra","Activated_Fib","Activated_Fib",NA,1
"intra","Activated_Fib","Adventitial_Fib",0.254660638727049,1
"intra","Activated_Fib","B.cells",0.598166023037951,1
"intra","Activated_Fib","Cycling.cells",1.94981810884155,1
"intra","Activated_Fib","ECM_Fib",1.3197230068211,1
"intra","Activated_Fib","Endothelial.cells",0.941004990907026,1
"intra","Activated_Fib","Epithelial.cells",1.19840942168595,1
"intra","Activated_Fib","Inflammatory_Fib",0.394372015022408,1
"intra","Activated_Fib","Macrophages",0.9455359605782,1
"intra","Activated_Fib","Mast.cells",1.00119803720578,1
"intra","Activated_Fib","Neutrophils",-0.101941460240301,1
"intra","Activated_Fib","PI16_Fib",0.787712453425085,1
"intra","Activated_Fib","Pericytes",0.705381096459818,1
"intra","Activated_Fib","Plasma.cells",-0.185321279980301,1
"intra","Activated_Fib","T.cells",0.0646408286623557,1
"intra","Activated_Fib","pDCs",-0.488598788668715,1
"intra","Adventitial_Fib","Activated_Fib",0.0831258294496393,1
"intra","Adventitial_Fib","Adventitial_Fib",NA,1
"intra","Adventitial_Fib","B.cells",-0.356293731329465,1
"intra","Adventitial_Fib","Cycling.cells",1.1050369583223,1
"intra","Adventitial_Fib","ECM_Fib",-0.52171523159676,1
"intra","Adventitial_Fib","Endothelial.cells",-0.185957679972725,1
"intra","Adventitial_Fib","Epithelial.cells",0.024834783890087,1
"intra","Adventitial_Fib","Inflammatory_Fib",0.290406659410487,1
"intra","Adventitial_Fib","Macrophages",0.707863764541349,1
"intra","Adventitial_Fib","Mast.cells",0.437084340117106,1
"intra","Adventitial_Fib","Neutrophils",-0.0865940038047409,1
"intra","Adventitial_Fib","PI16_Fib",-0.370778061412688,1
"intra","Adventitial_Fib","Pericytes",0.678428668889097,1
"intra","Adventitial_Fib","Plasma.cells",0.793027370089065,1
"intra","Adventitial_Fib","T.cells",-0.760787213841095,1
"intra","Adventitial_Fib","pDCs",-0.251932473631514,1
"intra","B.cells","Activated_Fib",-1.03027486349348,1
"intra","B.cells","Adventitial_Fib",-1.06187103116215,1
"intra","B.cells","B.cells",NA,1
"intra","B.cells","Cycling.cells",-0.316717106624519,1
"intra","B.cells","ECM_Fib",-1.11425422280498,1
"intra","B.cells","Endothelial.cells",-0.895936475353626,1
"intra","B.cells","Epithelial.cells",-0.93965547123809,1
"intra","B.cells","Inflammatory_Fib",-0.905633650526323,1
"intra","B.cells","Macrophages",-0.696920391998377,1
"intra","B.cells","Mast.cells",-1.02194626941911,1
"intra","B.cells","Neutrophils",-0.514466748724477,1
"intra","B.cells","PI16_Fib",-0.780728406108512,1
"intra","B.cells","Pericytes",-1.13124639879734,1
"intra","B.cells","Plasma.cells",-0.168317803131865,1
"intra","B.cells","T.cells",0.715643825841736,1
"intra","B.cells","pDCs",0.441810015251329,1
"intra","Cycling.cells","Activated_Fib",-0.907927509437512,1
"intra","Cycling.cells","Adventitial_Fib",-0.686498872899984,1
"intra","Cycling.cells","B.cells",0.405824926401558,1
"intra","Cycling.cells","Cycling.cells",NA,1
"intra","Cycling.cells","ECM_Fib",-0.706403033960777,1
"intra","Cycling.cells","Endothelial.cells",-0.774657057185782,1
"intra","Cycling.cells","Epithelial.cells",-0.846807705253107,1
"intra","Cycling.cells","Inflammatory_Fib",-0.862805512211073,1
"intra","Cycling.cells","Macrophages",-1.01633711752692,1
"intra","Cycling.cells","Mast.cells",-0.744023209771112,1
"intra","Cycling.cells","Neutrophils",-0.435309576166309,1
"intra","Cycling.cells","PI16_Fib",-1.11693787428518,1
"intra","Cycling.cells","Pericytes",-1.28798866331084,1
"intra","Cycling.cells","Plasma.cells",-0.999098052518744,1
"intra","Cycling.cells","T.cells",0.685971026354291,1
"intra","Cycling.cells","pDCs",-0.564642364883283,1
"intra","ECM_Fib","Activated_Fib",1.16034919782663,1
"intra","ECM_Fib","Adventitial_Fib",0.283759546616705,1
"intra","ECM_Fib","B.cells",-0.335797944163373,1
"intra","ECM_Fib","Cycling.cells",-1.05228836108033,1
"intra","ECM_Fib","ECM_Fib",NA,1
"intra","ECM_Fib","Endothelial.cells",-0.264485705852575,1
"intra","ECM_Fib","Epithelial.cells",1.52697163627014,1
"intra","ECM_Fib","Inflammatory_Fib",0.166627835572843,1
"intra","ECM_Fib","Macrophages",-0.0769421835689173,1
"intra","ECM_Fib","Mast.cells",-0.509450757818158,1
"intra","ECM_Fib","Neutrophils",-0.471029195459508,1
"intra","ECM_Fib","PI16_Fib",2.23343617969707,1
"intra","ECM_Fib","Pericytes",-0.194935478287669,1
"intra","ECM_Fib","Plasma.cells",0.245297608424129,1
"intra","ECM_Fib","T.cells",0.21496862924335,1
"intra","ECM_Fib","pDCs",-0.513592681017183,1
"intra","Endothelial.cells","Activated_Fib",1.12837468986082,1
"intra","Endothelial.cells","Adventitial_Fib",0.901301399893575,1
"intra","Endothelial.cells","B.cells",-0.277079649930499,1
"intra","Endothelial.cells","Cycling.cells",-0.974423361210995,1
"intra","Endothelial.cells","ECM_Fib",0.785779614463327,1
"intra","Endothelial.cells","Endothelial.cells",NA,1
"intra","Endothelial.cells","Epithelial.cells",0.323989874603146,1
"intra","Endothelial.cells","Inflammatory_Fib",0.437972584876844,1
"intra","Endothelial.cells","Macrophages",0.33335783728486,1
"intra","Endothelial.cells","Mast.cells",0.205065640061468,1
"intra","Endothelial.cells","Neutrophils",-0.343506541891599,1
"intra","Endothelial.cells","PI16_Fib",0.381513085698932,1
"intra","Endothelial.cells","Pericytes",1.14079573646954,1
"intra","Endothelial.cells","Plasma.cells",-0.705780373368554,1
"intra","Endothelial.cells","T.cells",-0.976642617539552,1
"intra","Endothelial.cells","pDCs",-0.392873478407672,1
"intra","Epithelial.cells","Activated_Fib",2.15532650942622,1
"intra","Epithelial.cells","Adventitial_Fib",1.51496534951761,1
"intra","Epithelial.cells","B.cells",-0.0162912260741524,1
"intra","Epithelial.cells","Cycling.cells",-0.760621694342181,1
"intra","Epithelial.cells","ECM_Fib",2.4171276891298,1
"intra","Epithelial.cells","Endothelial.cells",1.59487849953825,1
"intra","Epithelial.cells","Epithelial.cells",NA,1
"intra","Epithelial.cells","Inflammatory_Fib",2.51685254554854,1
"intra","Epithelial.cells","Macrophages",2.58025168856862,1
"intra","Epithelial.cells","Mast.cells",0.28077448519208,1
"intra","Epithelial.cells","Neutrophils",-0.070704532056527,1
"intra","Epithelial.cells","PI16_Fib",1.96599495479052,1
"intra","Epithelial.cells","Pericytes",1.36272068789568,1
"intra","Epithelial.cells","Plasma.cells",2.67407179531121,1
"intra","Epithelial.cells","T.cells",1.78176124568977,1
"intra","Epithelial.cells","pDCs",0.163599325490972,1
"intra","Inflammatory_Fib","Activated_Fib",0.983429856508735,1
"intra","Inflammatory_Fib","Adventitial_Fib",0.643734608687505,1
"intra","Inflammatory_Fib","B.cells",-1.15352875092021,1
"intra","Inflammatory_Fib","Cycling.cells",-0.171408029320548,1
"intra","Inflammatory_Fib","ECM_Fib",0.917783449215005,1
"intra","Inflammatory_Fib","Endothelial.cells",0.446370718151447,1
"intra","Inflammatory_Fib","Epithelial.cells",2.01139029624765,1
"intra","Inflammatory_Fib","Inflammatory_Fib",NA,1
"intra","Inflammatory_Fib","Macrophages",1.20977698949945,1
"intra","Inflammatory_Fib","Mast.cells",-0.769707258627174,1
"intra","Inflammatory_Fib","Neutrophils",0.494020508063853,1
"intra","Inflammatory_Fib","PI16_Fib",-0.116628812167984,1
"intra","Inflammatory_Fib","Pericytes",1.13092595877613,1
"intra","Inflammatory_Fib","Plasma.cells",-0.642815662580835,1
"intra","Inflammatory_Fib","T.cells",1.56579067393605,1
"intra","Inflammatory_Fib","pDCs",-0.194046310754731,1
"intra","Macrophages","Activated_Fib",0.745433934096007,1
"intra","Macrophages","Adventitial_Fib",0.743869193128943,1
"intra","Macrophages","B.cells",2.38348287916087,1
"intra","Macrophages","Cycling.cells",-0.900337638160655,1
"intra","Macrophages","ECM_Fib",0.227613896087934,1
"intra","Macrophages","Endothelial.cells",1.47626628584335,1
"intra","Macrophages","Epithelial.cells",1.13917551259744,1
"intra","Macrophages","Inflammatory_Fib",1.06849119217334,1
"intra","Macrophages","Macrophages",NA,1
"intra","Macrophages","Mast.cells",0.868220506727187,1
"intra","Macrophages","Neutrophils",-0.414072754772946,1
"intra","Macrophages","PI16_Fib",-0.2375074695845,1
"intra","Macrophages","Pericytes",1.00731802138309,1
"intra","Macrophages","Plasma.cells",-0.558136868977637,1
"intra","Macrophages","T.cells",0.194480088588397,1
"intra","Macrophages","pDCs",-0.735466572933484,1
"intra","Mast.cells","Activated_Fib",-0.230548630098348,1
"intra","Mast.cells","Adventitial_Fib",-0.408533109798307,1
"intra","Mast.cells","B.cells",-1.5963199627961,1
"intra","Mast.cells","Cycling.cells",0.524260367134695,1
"intra","Mast.cells","ECM_Fib",-0.405269848208376,1
"intra","Mast.cells","Endothelial.cells",-0.564816529036359,1
"intra","Mast.cells","Epithelial.cells",-0.48510781929995,1
"intra","Mast.cells","Inflammatory_Fib",-0.375147868394236,1
"intra","Mast.cells","Macrophages",-0.589079629328645,1
"intra","Mast.cells","Mast.cells",NA,1
"intra","Mast.cells","Neutrophils",-0.6751890834915,1
"intra","Mast.cells","PI16_Fib",0.0928177436917367,1
"intra","Mast.cells","Pericytes",0.688409475005955,1
"intra","Mast.cells","Plasma.cells",0.287679700263554,1
"intra","Mast.cells","T.cells",0.13558506465056,1
"intra","Mast.cells","pDCs",-0.326770190091864,1
"intra","Neutrophils","Activated_Fib",-0.952856292901147,1
"intra","Neutrophils","Adventitial_Fib",-0.07389071870688,1
"intra","Neutrophils","B.cells",-0.695721220492484,1
"intra","Neutrophils","Cycling.cells",-0.275706516894936,1
"intra","Neutrophils","ECM_Fib",-1.01214005117136,1
"intra","Neutrophils","Endothelial.cells",-0.88324581408565,1
"intra","Neutrophils","Epithelial.cells",-0.802799012851626,1
"intra","Neutrophils","Inflammatory_Fib",-0.561686760839783,1
"intra","Neutrophils","Macrophages",-0.325150897098976,1
"intra","Neutrophils","Mast.cells",-0.766153687778428,1
"intra","Neutrophils","Neutrophils",NA,1
"intra","Neutrophils","PI16_Fib",-0.173738276842345,1
"intra","Neutrophils","Pericytes",-1.12447476567582,1
"intra","Neutrophils","Plasma.cells",-0.393421456151577,1
"intra","Neutrophils","T.cells",-0.95471927400933,1
"intra","Neutrophils","pDCs",2.38569101159482,1
"intra","PI16_Fib","Activated_Fib",-0.562240251775262,1
"intra","PI16_Fib","Adventitial_Fib",-0.872435132239456,1
"intra","PI16_Fib","B.cells",1.02598291175988,1
"intra","PI16_Fib","Cycling.cells",-0.590216950869085,1
"intra","PI16_Fib","ECM_Fib",0.351150691145191,1
"intra","PI16_Fib","Endothelial.cells",0.0478629062183793,1
"intra","PI16_Fib","Epithelial.cells",-0.392339468127809,1
"intra","PI16_Fib","Inflammatory_Fib",-0.649988809134375,1
"intra","PI16_Fib","Macrophages",-0.720798437479229,1
"intra","PI16_Fib","Mast.cells",-0.849862003466674,1
"intra","PI16_Fib","Neutrophils",-0.801861408226029,1
"intra","PI16_Fib","PI16_Fib",NA,1
"intra","PI16_Fib","Pericytes",-0.763861032735286,1
"intra","PI16_Fib","Plasma.cells",-0.531965337081967,1
"intra","PI16_Fib","T.cells",-0.309251494214342,1
"intra","PI16_Fib","pDCs",-0.586742525803463,1
"intra","Pericytes","Activated_Fib",-0.332536692303875,1
"intra","Pericytes","Adventitial_Fib",1.87815469749811,1
"intra","Pericytes","B.cells",-0.247471870395598,1
"intra","Pericytes","Cycling.cells",-0.830105238945099,1
"intra","Pericytes","ECM_Fib",-0.181989801902665,1
"intra","Pericytes","Endothelial.cells",1.76264265743892,1
"intra","Pericytes","Epithelial.cells",-0.308133685408656,1
"intra","Pericytes","Inflammatory_Fib",0.724852478441632,1
"intra","Pericytes","Macrophages",-0.0338066547713673,1
"intra","Pericytes","Mast.cells",2.67757007784366,1
"intra","Pericytes","Neutrophils",-0.467152664593899,1
"intra","Pericytes","PI16_Fib",-0.183234496478254,1
"intra","Pericytes","Pericytes",NA,1
"intra","Pericytes","Plasma.cells",0.306521336410743,1
"intra","Pericytes","T.cells",-0.768442028195795,1
"intra","Pericytes","pDCs",-0.533264219830896,1
"intra","Plasma.cells","Activated_Fib",-0.35344743747744,1
"intra","Plasma.cells","Adventitial_Fib",-0.473663092600889,1
"intra","Plasma.cells","B.cells",1.21637518777895,1
"intra","Plasma.cells","Cycling.cells",1.86134105372701,1
"intra","Plasma.cells","ECM_Fib",-0.431167375257814,1
"intra","Plasma.cells","Endothelial.cells",-0.903582066910291,1
"intra","Plasma.cells","Epithelial.cells",-0.627470068817706,1
"intra","Plasma.cells","Inflammatory_Fib",-0.769942412631109,1
"intra","Plasma.cells","Macrophages",-0.5648554239134,1
"intra","Plasma.cells","Mast.cells",-0.0761335452349096,1
"intra","Plasma.cells","Neutrophils",2.5986910089727,1
"intra","Plasma.cells","PI16_Fib",-0.637429613019373,1
"intra","Plasma.cells","Pericytes",-0.0949317425391166,1
"intra","Plasma.cells","Plasma.cells",NA,1
"intra","Plasma.cells","T.cells",-0.535003307135116,1
"intra","Plasma.cells","pDCs",2.29147484804832,1
"intra","T.cells","Activated_Fib",-0.825176543486661,1
"intra","T.cells","Adventitial_Fib",-1.34486740180204,1
"intra","T.cells","B.cells",-0.289189661372249,1
"intra","T.cells","Cycling.cells",0.692924162654421,1
"intra","T.cells","ECM_Fib",-0.854519366931319,1
"intra","T.cells","Endothelial.cells",-0.745355608885321,1
"intra","T.cells","Epithelial.cells",-0.906202923151014,1
"intra","T.cells","Inflammatory_Fib",-0.77400596624222,1
"intra","T.cells","Macrophages",-0.778645488767904,1
"intra","T.cells","Mast.cells",-0.152945072394926,1
"intra","T.cells","Neutrophils",-0.745830723923373,1
"intra","T.cells","PI16_Fib",-0.676338157176914,1
"intra","T.cells","Pericytes",-1.20440835326141,1
"intra","T.cells","Plasma.cells",-0.164111288104607,1
"intra","T.cells","T.cells",NA,1
"intra","T.cells","pDCs",-0.694645594362632,1
"intra","pDCs","Activated_Fib",-1.06103179619433,1
"intra","pDCs","Adventitial_Fib",-1.2986860748598,1
"intra","pDCs","B.cells",-0.662137910665081,1
"intra","pDCs","Cycling.cells",-0.261555753231632,1
"intra","pDCs","ECM_Fib",-0.791719415028296,1
"intra","pDCs","Endothelial.cells",-1.05098912081505,1
"intra","pDCs","Epithelial.cells",-0.916255371146445,1
"intra","pDCs","Inflammatory_Fib",-0.700364331066979,1
"intra","pDCs","Macrophages",-0.974250016018748,1
"intra","pDCs","Mast.cells",-0.579691282636784,1
"intra","pDCs","Neutrophils",2.03494717631466,1
"intra","pDCs","PI16_Fib",-1.16815325022759,1
"intra","pDCs","Pericytes",-0.912133210271837,1
"intra","pDCs","Plasma.cells",0.0423703113973832,1
"intra","pDCs","T.cells",-1.05399544803128,1
"intra","pDCs","pDCs",NA,1
"juxta.50","juxtaActivated_Fib","Activated_Fib",1.35396838446434,1
"juxta.50","juxtaActivated_Fib","Adventitial_Fib",1.89946065909197,1
"juxta.50","juxtaActivated_Fib","B.cells",-0.959971719410973,1
"juxta.50","juxtaActivated_Fib","Cycling.cells",-0.0418131458169994,1
"juxta.50","juxtaActivated_Fib","ECM_Fib",0.395178827690012,1
"juxta.50","juxtaActivated_Fib","Endothelial.cells",-0.133218192762572,1
"juxta.50","juxtaActivated_Fib","Epithelial.cells",0.794121736605821,1
"juxta.50","juxtaActivated_Fib","Inflammatory_Fib",0.441334642716423,1
"juxta.50","juxtaActivated_Fib","Macrophages",0.468179603226763,1
"juxta.50","juxtaActivated_Fib","Mast.cells",1.01911596403946,1
"juxta.50","juxtaActivated_Fib","Neutrophils",0.561579394577531,1
"juxta.50","juxtaActivated_Fib","PI16_Fib",-0.288363668031804,1
"juxta.50","juxtaActivated_Fib","Pericytes",0.0232445878448975,1
"juxta.50","juxtaActivated_Fib","Plasma.cells",-0.479939313863923,1
"juxta.50","juxtaActivated_Fib","T.cells",1.78190072629271,1
"juxta.50","juxtaActivated_Fib","pDCs",0.114241785234743,1
"juxta.50","juxtaAdventitial_Fib","Activated_Fib",0.796155021783971,1
"juxta.50","juxtaAdventitial_Fib","Adventitial_Fib",-0.356098935576889,1
"juxta.50","juxtaAdventitial_Fib","B.cells",1.21279787094126,1
"juxta.50","juxtaAdventitial_Fib","Cycling.cells",-0.0484249864080926,1
"juxta.50","juxtaAdventitial_Fib","ECM_Fib",1.46064748668974,1
"juxta.50","juxtaAdventitial_Fib","Endothelial.cells",0.254310099648085,1
"juxta.50","juxtaAdventitial_Fib","Epithelial.cells",1.13565676872108,1
"juxta.50","juxtaAdventitial_Fib","Inflammatory_Fib",0.51270695094025,1
"juxta.50","juxtaAdventitial_Fib","Macrophages",0.862637207052379,1
"juxta.50","juxtaAdventitial_Fib","Mast.cells",1.02515193724119,1
"juxta.50","juxtaAdventitial_Fib","Neutrophils",-0.16044599998997,1
"juxta.50","juxtaAdventitial_Fib","PI16_Fib",0.96019467310368,1
"juxta.50","juxtaAdventitial_Fib","Pericytes",1.34491758086574,1
"juxta.50","juxtaAdventitial_Fib","Plasma.cells",-0.300067087899867,1
"juxta.50","juxtaAdventitial_Fib","T.cells",0.163673050237077,1
"juxta.50","juxtaAdventitial_Fib","pDCs",-0.135815905041271,1
"juxta.50","juxtaB.cells","Activated_Fib",-1.06101106759569,1
"juxta.50","juxtaB.cells","Adventitial_Fib",-1.09412276805021,1
"juxta.50","juxtaB.cells","B.cells",-1.42161517536453,1
"juxta.50","juxtaB.cells","Cycling.cells",0.0304096134201817,1
"juxta.50","juxtaB.cells","ECM_Fib",-1.09939835399251,1
"juxta.50","juxtaB.cells","Endothelial.cells",-0.672843163119105,1
"juxta.50","juxtaB.cells","Epithelial.cells",-0.839105297227253,1
"juxta.50","juxtaB.cells","Inflammatory_Fib",-0.819346347946844,1
"juxta.50","juxtaB.cells","Macrophages",-0.568142322297481,1
"juxta.50","juxtaB.cells","Mast.cells",-0.319276578859065,1
"juxta.50","juxtaB.cells","Neutrophils",-0.890652952888592,1
"juxta.50","juxtaB.cells","PI16_Fib",-0.519655068999522,1
"juxta.50","juxtaB.cells","Pericytes",-1.16870698004557,1
"juxta.50","juxtaB.cells","Plasma.cells",0.368757704345571,1
"juxta.50","juxtaB.cells","T.cells",-1.31895805155471,1
"juxta.50","juxtaB.cells","pDCs",-0.671179693700118,1
"juxta.50","juxtaCycling.cells","Activated_Fib",-0.992596914624756,1
"juxta.50","juxtaCycling.cells","Adventitial_Fib",-0.860996860773886,1
"juxta.50","juxtaCycling.cells","B.cells",0.0123259769272666,1
"juxta.50","juxtaCycling.cells","Cycling.cells",-0.0563815545818327,1
"juxta.50","juxtaCycling.cells","ECM_Fib",-0.831466446757586,1
"juxta.50","juxtaCycling.cells","Endothelial.cells",-0.692640641498041,1
"juxta.50","juxtaCycling.cells","Epithelial.cells",-0.831217686835012,1
"juxta.50","juxtaCycling.cells","Inflammatory_Fib",-0.653465028385928,1
"juxta.50","juxtaCycling.cells","Macrophages",-0.708089948368205,1
"juxta.50","juxtaCycling.cells","Mast.cells",-0.834042285696045,1
"juxta.50","juxtaCycling.cells","Neutrophils",-1.18565369010144,1
"juxta.50","juxtaCycling.cells","PI16_Fib",-0.847791152352063,1
"juxta.50","juxtaCycling.cells","Pericytes",-0.969184998454039,1
"juxta.50","juxtaCycling.cells","Plasma.cells",0.553897907201969,1
"juxta.50","juxtaCycling.cells","T.cells",-1.09137928798689,1
"juxta.50","juxtaCycling.cells","pDCs",-0.961334720955315,1
"juxta.50","juxtaECM_Fib","Activated_Fib",0.913552251908941,1
"juxta.50","juxtaECM_Fib","Adventitial_Fib",1.06349864110598,1
"juxta.50","juxtaECM_Fib","B.cells",-0.555920335508065,1
"juxta.50","juxtaECM_Fib","Cycling.cells",0.0444308248064098,1
"juxta.50","juxtaECM_Fib","ECM_Fib",2.69369428370414,1
"juxta.50","juxtaECM_Fib","Endothelial.cells",0.495618397356578,1
"juxta.50","juxtaECM_Fib","Epithelial.cells",0.965262224183565,1
"juxta.50","juxtaECM_Fib","Inflammatory_Fib",0.645415450766902,1
"juxta.50","juxtaECM_Fib","Macrophages",-0.171290423010963,1
"juxta.50","juxtaECM_Fib","Mast.cells",1.10636697002473,1
"juxta.50","juxtaECM_Fib","Neutrophils",-0.68488871978517,1
"juxta.50","juxtaECM_Fib","PI16_Fib",0.332210873029407,1
"juxta.50","juxtaECM_Fib","Pericytes",0.344273003192344,1
"juxta.50","juxtaECM_Fib","Plasma.cells",0.073831051073296,1
"juxta.50","juxtaECM_Fib","T.cells",0.383612391815239,1
"juxta.50","juxtaECM_Fib","pDCs",-0.689633182411321,1
"juxta.50","juxtaEndothelial.cells","Activated_Fib",-0.220739010334761,1
"juxta.50","juxtaEndothelial.cells","Adventitial_Fib",-0.465116016043714,1
"juxta.50","juxtaEndothelial.cells","B.cells",-0.617022018811246,1
"juxta.50","juxtaEndothelial.cells","Cycling.cells",-0.00645919292132423,1
"juxta.50","juxtaEndothelial.cells","ECM_Fib",-0.483393467608344,1
"juxta.50","juxtaEndothelial.cells","Endothelial.cells",0.636828436055112,1
"juxta.50","juxtaEndothelial.cells","Epithelial.cells",0.129529726344588,1
"juxta.50","juxtaEndothelial.cells","Inflammatory_Fib",0.0917670557769075,1
"juxta.50","juxtaEndothelial.cells","Macrophages",-0.287275226219109,1
"juxta.50","juxtaEndothelial.cells","Mast.cells",-0.563931762998622,1
"juxta.50","juxtaEndothelial.cells","Neutrophils",0.992944622395062,1
"juxta.50","juxtaEndothelial.cells","PI16_Fib",0.776783044931064,1
"juxta.50","juxtaEndothelial.cells","Pericytes",-0.337665404495129,1
"juxta.50","juxtaEndothelial.cells","Plasma.cells",-0.742030976456503,1
"juxta.50","juxtaEndothelial.cells","T.cells",0.633781804694974,1
"juxta.50","juxtaEndothelial.cells","pDCs",1.64415916175543,1
"juxta.50","juxtaEpithelial.cells","Activated_Fib",-0.759338124467672,1
"juxta.50","juxtaEpithelial.cells","Adventitial_Fib",0.56074412345391,1
"juxta.50","juxtaEpithelial.cells","B.cells",0.280228786811735,1
"juxta.50","juxtaEpithelial.cells","Cycling.cells",0.00771177829355017,1
"juxta.50","juxtaEpithelial.cells","ECM_Fib",-0.0814940491659531,1
"juxta.50","juxtaEpithelial.cells","Endothelial.cells",-0.328286413514395,1
"juxta.50","juxtaEpithelial.cells","Epithelial.cells",-0.151483783733864,1
"juxta.50","juxtaEpithelial.cells","Inflammatory_Fib",-0.442186916468309,1
"juxta.50","juxtaEpithelial.cells","Macrophages",-0.358920638194714,1
"juxta.50","juxtaEpithelial.cells","Mast.cells",-0.392833636900979,1
"juxta.50","juxtaEpithelial.cells","Neutrophils",-0.191773117950372,1
"juxta.50","juxtaEpithelial.cells","PI16_Fib",-0.600314150054712,1
"juxta.50","juxtaEpithelial.cells","Pericytes",0.183801262844279,1
"juxta.50","juxtaEpithelial.cells","Plasma.cells",2.23945636707354,1
"juxta.50","juxtaEpithelial.cells","T.cells",-0.922427601572225,1
"juxta.50","juxtaEpithelial.cells","pDCs",0.0365192156493954,1
"juxta.50","juxtaInflammatory_Fib","Activated_Fib",0.831688407114039,1
"juxta.50","juxtaInflammatory_Fib","Adventitial_Fib",-0.0767359139170271,1
"juxta.50","juxtaInflammatory_Fib","B.cells",-0.541117544569176,1
"juxta.50","juxtaInflammatory_Fib","Cycling.cells",-0.0238620612026846,1
"juxta.50","juxtaInflammatory_Fib","ECM_Fib",0.527119214940588,1
"juxta.50","juxtaInflammatory_Fib","Endothelial.cells",0.151125809650635,1
"juxta.50","juxtaInflammatory_Fib","Epithelial.cells",0.542866326021119,1
"juxta.50","juxtaInflammatory_Fib","Inflammatory_Fib",2.72534022723163,1
"juxta.50","juxtaInflammatory_Fib","Macrophages",0.711148572345949,1
"juxta.50","juxtaInflammatory_Fib","Mast.cells",-0.303286038249357,1
"juxta.50","juxtaInflammatory_Fib","Neutrophils",-0.909837156185106,1
"juxta.50","juxtaInflammatory_Fib","PI16_Fib",-0.137119032163977,1
"juxta.50","juxtaInflammatory_Fib","Pericytes",0.924905994630717,1
"juxta.50","juxtaInflammatory_Fib","Plasma.cells",-0.598173621218589,1
"juxta.50","juxtaInflammatory_Fib","T.cells",1.92054710744617,1
"juxta.50","juxtaInflammatory_Fib","pDCs",-0.939207858524486,1
"juxta.50","juxtaMacrophages","Activated_Fib",2.06296028376513,1
"juxta.50","juxtaMacrophages","Adventitial_Fib",1.86786255378265,1
"juxta.50","juxtaMacrophages","B.cells",-0.818831562134481,1
"juxta.50","juxtaMacrophages","Cycling.cells",0.0256454896369449,1
"juxta.50","juxtaMacrophages","ECM_Fib",0.717101783824,1
"juxta.50","juxtaMacrophages","Endothelial.cells",1.74448161952563,1
"juxta.50","juxtaMacrophages","Epithelial.cells",2.68215178773383,1
"juxta.50","juxtaMacrophages","Inflammatory_Fib",1.5594471540287,1
"juxta.50","juxtaMacrophages","Macrophages",2.18776940550562,1
"juxta.50","juxtaMacrophages","Mast.cells",0.270632100267727,1
"juxta.50","juxtaMacrophages","Neutrophils",-0.714300204403946,1
"juxta.50","juxtaMacrophages","PI16_Fib",0.235715404127058,1
"juxta.50","juxtaMacrophages","Pericytes",2.38877719892684,1
"juxta.50","juxtaMacrophages","Plasma.cells",-0.617485332878628,1
"juxta.50","juxtaMacrophages","T.cells",0.374562426454208,1
"juxta.50","juxtaMacrophages","pDCs",-0.648919956214242,1
"juxta.50","juxtaMast.cells","Activated_Fib",-0.335158788365468,1
"juxta.50","juxtaMast.cells","Adventitial_Fib",-0.628431570232594,1
"juxta.50","juxtaMast.cells","B.cells",1.88924994519025,1
"juxta.50","juxtaMast.cells","Cycling.cells",0.0031372341141477,1
"juxta.50","juxtaMast.cells","ECM_Fib",-0.507566542067019,1
"juxta.50","juxtaMast.cells","Endothelial.cells",-0.281991176796768,1
"juxta.50","juxtaMast.cells","Epithelial.cells",-0.741733538004411,1
"juxta.50","juxtaMast.cells","Inflammatory_Fib",-0.575960517832489,1
"juxta.50","juxtaMast.cells","Macrophages",-0.63034201220839,1
"juxta.50","juxtaMast.cells","Mast.cells",0.819467691998547,1
"juxta.50","juxtaMast.cells","Neutrophils",-0.657577842424075,1
"juxta.50","juxtaMast.cells","PI16_Fib",-0.0622459185272247,1
"juxta.50","juxtaMast.cells","Pericytes",-0.630849267483345,1
"juxta.50","juxtaMast.cells","Plasma.cells",-0.515804894370931,1
"juxta.50","juxtaMast.cells","T.cells",-0.799129815223936,1
"juxta.50","juxtaMast.cells","pDCs",-0.615086306669426,1
"juxta.50","juxtaNeutrophils","Activated_Fib",-0.767536688533404,1
"juxta.50","juxtaNeutrophils","Adventitial_Fib",-1.1879794923633,1
"juxta.50","juxtaNeutrophils","B.cells",0.550206471550535,1
"juxta.50","juxtaNeutrophils","Cycling.cells",0.0618540502041267,1
"juxta.50","juxtaNeutrophils","ECM_Fib",-0.865065154663588,1
"juxta.50","juxtaNeutrophils","Endothelial.cells",-0.434232893756341,1
"juxta.50","juxtaNeutrophils","Epithelial.cells",-0.745526843994775,1
"juxta.50","juxtaNeutrophils","Inflammatory_Fib",-0.483697238230682,1
"juxta.50","juxtaNeutrophils","Macrophages",-0.515303518680155,1
"juxta.50","juxtaNeutrophils","Mast.cells",-0.371077220152154,1
"juxta.50","juxtaNeutrophils","Neutrophils",1.36936313931478,1
"juxta.50","juxtaNeutrophils","PI16_Fib",-0.60842249254245,1
"juxta.50","juxtaNeutrophils","Pericytes",-0.165377285153547,1
"juxta.50","juxtaNeutrophils","Plasma.cells",-0.703544907435222,1
"juxta.50","juxtaNeutrophils","T.cells",-1.0168785690583,1
"juxta.50","juxtaNeutrophils","pDCs",1.67737304185383,1
"juxta.50","juxtaPI16_Fib","Activated_Fib",-0.969766951274349,1
"juxta.50","juxtaPI16_Fib","Adventitial_Fib",-0.155460342478513,1
"juxta.50","juxtaPI16_Fib","B.cells",-0.954033290496687,1
"juxta.50","juxtaPI16_Fib","Cycling.cells",0.0793387085375186,1
"juxta.50","juxtaPI16_Fib","ECM_Fib",-0.848982302382565,1
"juxta.50","juxtaPI16_Fib","Endothelial.cells",0.218944125336993,1
"juxta.50","juxtaPI16_Fib","Epithelial.cells",-0.777069940925278,1
"juxta.50","juxtaPI16_Fib","Inflammatory_Fib",-0.786204844476518,1
"juxta.50","juxtaPI16_Fib","Macrophages",-0.642284195034904,1
"juxta.50","juxtaPI16_Fib","Mast.cells",-0.261724296920158,1
"juxta.50","juxtaPI16_Fib","Neutrophils",-0.671014679364062,1
"juxta.50","juxtaPI16_Fib","PI16_Fib",3.0935833399606,1
"juxta.50","juxtaPI16_Fib","Pericytes",-0.862467249790981,1
"juxta.50","juxtaPI16_Fib","Plasma.cells",-0.563272336380783,1
"juxta.50","juxtaPI16_Fib","T.cells",0.890096761847105,1
"juxta.50","juxtaPI16_Fib","pDCs",-0.809439441512115,1
"juxta.50","juxtaPericytes","Activated_Fib",0.439899327795371,1
"juxta.50","juxtaPericytes","Adventitial_Fib",-0.0844791034834303,1
"juxta.50","juxtaPericytes","B.cells",-0.726498473017586,1
"juxta.50","juxtaPericytes","Cycling.cells",0.0329980384984472,1
"juxta.50","juxtaPericytes","ECM_Fib",-0.218045923402399,1
"juxta.50","juxtaPericytes","Endothelial.cells",0.369241693727057,1
"juxta.50","juxtaPericytes","Epithelial.cells",-0.143222761334426,1
"juxta.50","juxtaPericytes","Inflammatory_Fib",-0.219753329548896,1
"juxta.50","juxtaPericytes","Macrophages",0.654694514990225,1
"juxta.50","juxtaPericytes","Mast.cells",0.101727891452106,1
"juxta.50","juxtaPericytes","Neutrophils",0.498914828135242,1
"juxta.50","juxtaPericytes","PI16_Fib",-0.504432240697457,1
"juxta.50","juxtaPericytes","Pericytes",1.04131403072938,1
"juxta.50","juxtaPericytes","Plasma.cells",-0.57955337877241,1
"juxta.50","juxtaPericytes","T.cells",0.170034608064059,1
"juxta.50","juxtaPericytes","pDCs",0.299707120105979,1
"juxta.50","juxtaPlasma.cells","Activated_Fib",-0.138910131345533,1
"juxta.50","juxtaPlasma.cells","Adventitial_Fib",1.04015878467724,1
"juxta.50","juxtaPlasma.cells","B.cells",1.02990169382741,1
"juxta.50","juxtaPlasma.cells","Cycling.cells",-0.0366174775480303,1
"juxta.50","juxtaPlasma.cells","ECM_Fib",0.0246751304839168,1
"juxta.50","juxtaPlasma.cells","Endothelial.cells",-0.40218857531029,1
"juxta.50","juxtaPlasma.cells","Epithelial.cells",-0.463200318155516,1
"juxta.50","juxtaPlasma.cells","Inflammatory_Fib",-0.597663443466264,1
"juxta.50","juxtaPlasma.cells","Macrophages",-0.0693585318476798,1
"juxta.50","juxtaPlasma.cells","Mast.cells",-0.218957509150365,1
"juxta.50","juxtaPlasma.cells","Neutrophils",1.43054231374043,1
"juxta.50","juxtaPlasma.cells","PI16_Fib",-0.382811033218321,1
"juxta.50","juxtaPlasma.cells","Pericytes",-0.251722334689093,1
"juxta.50","juxtaPlasma.cells","Plasma.cells",2.48017583359772,1
"juxta.50","juxtaPlasma.cells","T.cells",0.0445397699481509,1
"juxta.50","juxtaPlasma.cells","pDCs",-0.00641515877215949,1
"juxta.50","juxtaT.cells","Activated_Fib",-0.234336505873664,1
"juxta.50","juxtaT.cells","Adventitial_Fib",-0.546681222392596,1
"juxta.50","juxtaT.cells","B.cells",0.157814802234602,1
"juxta.50","juxtaT.cells","Cycling.cells",-0.0129613804889728,1
"juxta.50","juxtaT.cells","ECM_Fib",-0.0331233258229149,1
"juxta.50","juxtaT.cells","Endothelial.cells",-0.513961979625236,1
"juxta.50","juxtaT.cells","Epithelial.cells",-0.704350506771396,1
"juxta.50","juxtaT.cells","Inflammatory_Fib",-0.573735377559872,1
"juxta.50","juxtaT.cells","Macrophages",-0.438758615740613,1
"juxta.50","juxtaT.cells","Mast.cells",-0.233514932310702,1
"juxta.50","juxtaT.cells","Neutrophils",-0.633654655133514,1
"juxta.50","juxtaT.cells","PI16_Fib",-0.402869391339905,1
"juxta.50","juxtaT.cells","Pericytes",-0.943926129509003,1
"juxta.50","juxtaT.cells","Plasma.cells",-0.0161822407516721,1
"juxta.50","juxtaT.cells","T.cells",-0.247140349655736,1
"juxta.50","juxtaT.cells","pDCs",-0.409396805686859,1
"juxta.50","juxtapDCs","Activated_Fib",-0.918829494416501,1
"juxta.50","juxtapDCs","Adventitial_Fib",-0.975622536799589,1
"juxta.50","juxtapDCs","B.cells",1.46248457182969,1
"juxta.50","juxtapDCs","Cycling.cells",-0.0590059385433901,1
"juxta.50","juxtapDCs","ECM_Fib",-0.849881161469524,1
"juxta.50","juxtapDCs","Endothelial.cells",-0.411187144917336,1
"juxta.50","juxtapDCs","Epithelial.cells",-0.852677892628068,1
"juxta.50","juxtapDCs","Inflammatory_Fib",-0.82399843754501,1
"juxta.50","juxtapDCs","Macrophages",-0.494663871518724,1
"juxta.50","juxtapDCs","Mast.cells",-0.843818293786309,1
"juxta.50","juxtapDCs","Neutrophils",1.84645472006321,1
"juxta.50","juxtapDCs","PI16_Fib",-1.04446318722437,1
"juxta.50","juxtapDCs","Pericytes",-0.921334009413488,1
"juxta.50","juxtapDCs","Plasma.cells",-0.600064773263564,1
"juxta.50","juxtapDCs","T.cells",-0.966834971747896,1
"juxta.50","juxtapDCs","pDCs",2.11442870488793,1
"para.100","paraActivated_Fib","Activated_Fib",-0.326923244636901,1
"para.100","paraActivated_Fib","Adventitial_Fib",0.282773163091551,1
"para.100","paraActivated_Fib","B.cells",0.299930004305666,1
"para.100","paraActivated_Fib","Cycling.cells",-0.284139626184632,1
"para.100","paraActivated_Fib","ECM_Fib",-0.189149537522653,1
"para.100","paraActivated_Fib","Endothelial.cells",-0.019788136241271,1
"para.100","paraActivated_Fib","Epithelial.cells",-0.0684045784235851,1
"para.100","paraActivated_Fib","Inflammatory_Fib",-0.164281406476199,1
"para.100","paraActivated_Fib","Macrophages",-0.253177935689941,1
"para.100","paraActivated_Fib","Mast.cells",2.26471374100423,1
"para.100","paraActivated_Fib","Neutrophils",0.0819653746690174,1
"para.100","paraActivated_Fib","PI16_Fib",-0.36886546154911,1
"para.100","paraActivated_Fib","Pericytes",-0.124641048812057,1
"para.100","paraActivated_Fib","Plasma.cells",-0.451005382018747,1
"para.100","paraActivated_Fib","T.cells",-0.130233702031247,1
"para.100","paraActivated_Fib","pDCs",0.461987129952892,1
"para.100","paraAdventitial_Fib","Activated_Fib",0.749692689932296,1
"para.100","paraAdventitial_Fib","Adventitial_Fib",-0.603642362223012,1
"para.100","paraAdventitial_Fib","B.cells",0.377052034729151,1
"para.100","paraAdventitial_Fib","Cycling.cells",0.0283099913145513,1
"para.100","paraAdventitial_Fib","ECM_Fib",0.348521330569428,1
"para.100","paraAdventitial_Fib","Endothelial.cells",0.0414134141672867,1
"para.100","paraAdventitial_Fib","Epithelial.cells",0.269186743468322,1
"para.100","paraAdventitial_Fib","Inflammatory_Fib",0.218348366300768,1
"para.100","paraAdventitial_Fib","Macrophages",0.981451876125499,1
"para.100","paraAdventitial_Fib","Mast.cells",0.14529211453818,1
"para.100","paraAdventitial_Fib","Neutrophils",-0.00325415086939934,1
"para.100","paraAdventitial_Fib","PI16_Fib",-0.0919817405011794,1
"para.100","paraAdventitial_Fib","Pericytes",0.696687806957278,1
"para.100","paraAdventitial_Fib","Plasma.cells",-0.246865270521537,1
"para.100","paraAdventitial_Fib","T.cells",0.171413689262124,1
"para.100","paraAdventitial_Fib","pDCs",0.0408779517390585,1
"para.100","paraB.cells","Activated_Fib",-0.854618230612053,1
"para.100","paraB.cells","Adventitial_Fib",-0.911871469913491,1
"para.100","paraB.cells","B.cells",0.55376628973566,1
"para.100","paraB.cells","Cycling.cells",0.473407041401039,1
"para.100","paraB.cells","ECM_Fib",-0.51209335608541,1
"para.100","paraB.cells","Endothelial.cells",-0.0461583832248677,1
"para.100","paraB.cells","Epithelial.cells",-0.198705429089379,1
"para.100","paraB.cells","Inflammatory_Fib",-0.621906980124185,1
"para.100","paraB.cells","Macrophages",-1.12170611073333,1
"para.100","paraB.cells","Mast.cells",-1.10529078613299,1
"para.100","paraB.cells","Neutrophils",-0.0900998499486073,1
"para.100","paraB.cells","PI16_Fib",-0.607401555524057,1
"para.100","paraB.cells","Pericytes",-1.07413820709674,1
"para.100","paraB.cells","Plasma.cells",0.0574455694602667,1
"para.100","paraB.cells","T.cells",-0.340188434481262,1
"para.100","paraB.cells","pDCs",0.309311803197718,1
"para.100","paraCycling.cells","Activated_Fib",-0.774563661121203,1
"para.100","paraCycling.cells","Adventitial_Fib",-0.879710711001007,1
"para.100","paraCycling.cells","B.cells",0.368789302746953,1
"para.100","paraCycling.cells","Cycling.cells",-0.379037973905598,1
"para.100","paraCycling.cells","ECM_Fib",-0.334311502417994,1
"para.100","paraCycling.cells","Endothelial.cells",-0.0416061849380748,1
"para.100","paraCycling.cells","Epithelial.cells",-0.197698196927511,1
"para.100","paraCycling.cells","Inflammatory_Fib",-0.708232531937832,1
"para.100","paraCycling.cells","Macrophages",-0.928562360048933,1
"para.100","paraCycling.cells","Mast.cells",-1.23294777651191,1
"para.100","paraCycling.cells","Neutrophils",0.0341246202906395,1
"para.100","paraCycling.cells","PI16_Fib",-0.596429985914653,1
"para.100","paraCycling.cells","Pericytes",-1.05263643901539,1
"para.100","paraCycling.cells","Plasma.cells",0.532325753364869,1
"para.100","paraCycling.cells","T.cells",0.0916782285319305,1
"para.100","paraCycling.cells","pDCs",-0.065022378724761,1
"para.100","paraECM_Fib","Activated_Fib",0.494637662140467,1
"para.100","paraECM_Fib","Adventitial_Fib",1.48885826840359,1
"para.100","paraECM_Fib","B.cells",0.305176520204461,1
"para.100","paraECM_Fib","Cycling.cells",-0.20496204921399,1
"para.100","paraECM_Fib","ECM_Fib",1.1419099008443,1
"para.100","paraECM_Fib","Endothelial.cells",-0.0212989991530039,1
"para.100","paraECM_Fib","Epithelial.cells",0.291072859921855,1
"para.100","paraECM_Fib","Inflammatory_Fib",0.205435660564598,1
"para.100","paraECM_Fib","Macrophages",0.227761491005289,1
"para.100","paraECM_Fib","Mast.cells",1.86300140941837,1
"para.100","paraECM_Fib","Neutrophils",-0.0183470721615182,1
"para.100","paraECM_Fib","PI16_Fib",0.0514344217567565,1
"para.100","paraECM_Fib","Pericytes",0.519498563488151,1
"para.100","paraECM_Fib","Plasma.cells",-0.264683576285162,1
"para.100","paraECM_Fib","T.cells",-0.272839879429821,1
"para.100","paraECM_Fib","pDCs",0.0847567343871793,1
"para.100","paraEndothelial.cells","Activated_Fib",-0.0375669736336454,1
"para.100","paraEndothelial.cells","Adventitial_Fib",-0.48249547986097,1
"para.100","paraEndothelial.cells","B.cells",-0.45654485159513,1
"para.100","paraEndothelial.cells","Cycling.cells",-0.318346371148608,1
"para.100","paraEndothelial.cells","ECM_Fib",-0.115547237236232,1
"para.100","paraEndothelial.cells","Endothelial.cells",0.00279350493234628,1
"para.100","paraEndothelial.cells","Epithelial.cells",-0.0287406951301664,1
"para.100","paraEndothelial.cells","Inflammatory_Fib",-0.225108348774696,1
"para.100","paraEndothelial.cells","Macrophages",-0.0265450838977901,1
"para.100","paraEndothelial.cells","Mast.cells",-0.240664547479693,1
"para.100","paraEndothelial.cells","Neutrophils",-0.0206559498405057,1
"para.100","paraEndothelial.cells","PI16_Fib",0.27034438402811,1
"para.100","paraEndothelial.cells","Pericytes",1.16810704005812,1
"para.100","paraEndothelial.cells","Plasma.cells",-0.22548219550503,1
"para.100","paraEndothelial.cells","T.cells",-0.070478306716203,1
"para.100","paraEndothelial.cells","pDCs",0.432138531562311,1
"para.100","paraEpithelial.cells","Activated_Fib",-0.780181631883541,1
"para.100","paraEpithelial.cells","Adventitial_Fib",0.711789256016956,1
"para.100","paraEpithelial.cells","B.cells",1.22392082364129,1
"para.100","paraEpithelial.cells","Cycling.cells",-0.158413448210215,1
"para.100","paraEpithelial.cells","ECM_Fib",-0.0371062639612951,1
"para.100","paraEpithelial.cells","Endothelial.cells",-0.0333321233929252,1
"para.100","paraEpithelial.cells","Epithelial.cells",-0.0775365569039231,1
"para.100","paraEpithelial.cells","Inflammatory_Fib",-0.832883833264502,1
"para.100","paraEpithelial.cells","Macrophages",-0.243529650137473,1
"para.100","paraEpithelial.cells","Mast.cells",-1.06120123354033,1
"para.100","paraEpithelial.cells","Neutrophils",-0.057341028503451,1
"para.100","paraEpithelial.cells","PI16_Fib",0.0145700035600078,1
"para.100","paraEpithelial.cells","Pericytes",-0.830262484309261,1
"para.100","paraEpithelial.cells","Plasma.cells",2.32181014249888,1
"para.100","paraEpithelial.cells","T.cells",-0.102275911960986,1
"para.100","paraEpithelial.cells","pDCs",-0.359125719078731,1
"para.100","paraInflammatory_Fib","Activated_Fib",-0.65526832914335,1
"para.100","paraInflammatory_Fib","Adventitial_Fib",-0.790180347885717,1
"para.100","paraInflammatory_Fib","B.cells",-0.972569765376954,1
"para.100","paraInflammatory_Fib","Cycling.cells",0.0291314368092085,1
"para.100","paraInflammatory_Fib","ECM_Fib",-0.36330170537041,1
"para.100","paraInflammatory_Fib","Endothelial.cells",-0.00282852359451148,1
"para.100","paraInflammatory_Fib","Epithelial.cells",-0.147011154632065,1
"para.100","paraInflammatory_Fib","Inflammatory_Fib",0.628256936997375,1
"para.100","paraInflammatory_Fib","Macrophages",-0.344782216976368,1
"para.100","paraInflammatory_Fib","Mast.cells",-0.0428003758947332,1
"para.100","paraInflammatory_Fib","Neutrophils",0.154966464440315,1
"para.100","paraInflammatory_Fib","PI16_Fib",-0.318985285587607,1
"para.100","paraInflammatory_Fib","Pericytes",-0.521254324505438,1
"para.100","paraInflammatory_Fib","Plasma.cells",-0.428705259304078,1
"para.100","paraInflammatory_Fib","T.cells",0.813965732184678,1
"para.100","paraInflammatory_Fib","pDCs",1.39544790106697,1
"para.100","paraMacrophages","Activated_Fib",2.47648708935423,1
"para.100","paraMacrophages","Adventitial_Fib",1.51695645571639,1
"para.100","paraMacrophages","B.cells",-1.21174448338115,1
"para.100","paraMacrophages","Cycling.cells",-0.274080708939083,1
"para.100","paraMacrophages","ECM_Fib",0.195822222318732,1
"para.100","paraMacrophages","Endothelial.cells",0.130996313704276,1
"para.100","paraMacrophages","Epithelial.cells",0.52820641213515,1
"para.100","paraMacrophages","Inflammatory_Fib",2.59078534630062,1
"para.100","paraMacrophages","Macrophages",2.357599050094,1
"para.100","paraMacrophages","Mast.cells",-0.14647425297228,1
"para.100","paraMacrophages","Neutrophils",-0.0367092769632793,1
"para.100","paraMacrophages","PI16_Fib",-0.280936309113522,1
"para.100","paraMacrophages","Pericytes",2.70053161724125,1
"para.100","paraMacrophages","Plasma.cells",-0.266435276496331,1
"para.100","paraMacrophages","T.cells",0.23868661417741,1
"para.100","paraMacrophages","pDCs",-0.751407625273727,1
"para.100","paraMast.cells","Activated_Fib",0.241070080835269,1
"para.100","paraMast.cells","Adventitial_Fib",-0.511553967756151,1
"para.100","paraMast.cells","B.cells",1.3702288615675,1
"para.100","paraMast.cells","Cycling.cells",-0.188389024113477,1
"para.100","paraMast.cells","ECM_Fib",-0.00869795016197399,1
"para.100","paraMast.cells","Endothelial.cells",-0.0337450205525318,1
"para.100","paraMast.cells","Epithelial.cells",-0.0685003067697468,1
"para.100","paraMast.cells","Inflammatory_Fib",-0.564626114364083,1
"para.100","paraMast.cells","Macrophages",-0.71309185447595,1
"para.100","paraMast.cells","Mast.cells",0.987633721543441,1
"para.100","paraMast.cells","Neutrophils",-0.0290030262636598,1
"para.100","paraMast.cells","PI16_Fib",0.17137857801426,1
"para.100","paraMast.cells","Pericytes",-0.226478382122785,1
"para.100","paraMast.cells","Plasma.cells",-0.265426065943794,1
"para.100","paraMast.cells","T.cells",-0.106642629478479,1
"para.100","paraMast.cells","pDCs",-0.052481478193908,1
"para.100","paraNeutrophils","Activated_Fib",-0.734152042460726,1
"para.100","paraNeutrophils","Adventitial_Fib",-1.06913792071778,1
"para.100","paraNeutrophils","B.cells",-0.59965143429919,1
"para.100","paraNeutrophils","Cycling.cells",0.365820585273203,1
"para.100","paraNeutrophils","ECM_Fib",-0.394152649676559,1
"para.100","paraNeutrophils","Endothelial.cells",-0.0139447083887975,1
"para.100","paraNeutrophils","Epithelial.cells",-0.191163872243401,1
"para.100","paraNeutrophils","Inflammatory_Fib",-0.820774436685653,1
"para.100","paraNeutrophils","Macrophages",-0.800434292953323,1
"para.100","paraNeutrophils","Mast.cells",-0.618277165129619,1
"para.100","paraNeutrophils","Neutrophils",-0.0284625035632446,1
"para.100","paraNeutrophils","PI16_Fib",-0.116654045904221,1
"para.100","paraNeutrophils","Pericytes",-0.908135228773162,1
"para.100","paraNeutrophils","Plasma.cells",-0.465063553791563,1
"para.100","paraNeutrophils","T.cells",-0.329209288292923,1
"para.100","paraNeutrophils","pDCs",-0.937068313665433,1
"para.100","paraPI16_Fib","Activated_Fib",-0.764686617402563,1
"para.100","paraPI16_Fib","Adventitial_Fib",-0.298217880783018,1
"para.100","paraPI16_Fib","B.cells",0.15680219867718,1
"para.100","paraPI16_Fib","Cycling.cells",0.209030789258976,1
"para.100","paraPI16_Fib","ECM_Fib",0.432270305276517,1
"para.100","paraPI16_Fib","Endothelial.cells",-0.00124177019291812,1
"para.100","paraPI16_Fib","Epithelial.cells",-0.135127726375361,1
"para.100","paraPI16_Fib","Inflammatory_Fib",-0.784050860348061,1
"para.100","paraPI16_Fib","Macrophages",-1.07586476748866,1
"para.100","paraPI16_Fib","Mast.cells",-0.278381947269326,1
"para.100","paraPI16_Fib","Neutrophils",0.01521236846902,1
"para.100","paraPI16_Fib","PI16_Fib",1.8217519807595,1
"para.100","paraPI16_Fib","Pericytes",-0.492098910485719,1
"para.100","paraPI16_Fib","Plasma.cells",-0.221505502716929,1
"para.100","paraPI16_Fib","T.cells",-0.203159444706521,1
"para.100","paraPI16_Fib","pDCs",0.422875426882346,1
"para.100","paraPericytes","Activated_Fib",1.50583913021111,1
"para.100","paraPericytes","Adventitial_Fib",0.27802422637614,1
"para.100","paraPericytes","B.cells",-0.417540587287045,1
"para.100","paraPericytes","Cycling.cells",-0.0570600242921698,1
"para.100","paraPericytes","ECM_Fib",0.135235415986903,1
"para.100","paraPericytes","Endothelial.cells",0.0476608674073812,1
"para.100","paraPericytes","Epithelial.cells",0.0449109580935579,1
"para.100","paraPericytes","Inflammatory_Fib",-0.168513460644944,1
"para.100","paraPericytes","Macrophages",0.854509253705238,1
"para.100","paraPericytes","Mast.cells",0.33805735478427,1
"para.100","paraPericytes","Neutrophils",-0.035030934226375,1
"para.100","paraPericytes","PI16_Fib",0.0149345454679507,1
"para.100","paraPericytes","Pericytes",-0.308723330560691,1
"para.100","paraPericytes","Plasma.cells",-0.247253953205317,1
"para.100","paraPericytes","T.cells",0.0586394687898311,1
"para.100","paraPericytes","pDCs",-0.323975615007,1
"para.100","paraPlasma.cells","Activated_Fib",0.982333644033699,1
"para.100","paraPlasma.cells","Adventitial_Fib",2.2392900065425,1
"para.100","paraPlasma.cells","B.cells",-1.36538735062586,1
"para.100","paraPlasma.cells","Cycling.cells",0.39636166827753,1
"para.100","paraPlasma.cells","ECM_Fib",0.1567852156503,1
"para.100","paraPlasma.cells","Endothelial.cells",0.0177385715325201,1
"para.100","paraPlasma.cells","Epithelial.cells",0.278371997067335,1
"para.100","paraPlasma.cells","Inflammatory_Fib",1.8962100993854,1
"para.100","paraPlasma.cells","Macrophages",1.62490364242377,1
"para.100","paraPlasma.cells","Mast.cells",0.162518181870242,1
"para.100","paraPlasma.cells","Neutrophils",0.0335755751043995,1
"para.100","paraPlasma.cells","PI16_Fib",-0.513234419899979,1
"para.100","paraPlasma.cells","Pericytes",0.988297807278015,1
"para.100","paraPlasma.cells","Plasma.cells",0.663648462704211,1
"para.100","paraPlasma.cells","T.cells",0.144840713783514,1
"para.100","paraPlasma.cells","pDCs",-0.503374316860927,1
"para.100","paraT.cells","Activated_Fib",-0.687739674575674,1
"para.100","paraT.cells","Adventitial_Fib",-0.430692909500595,1
"para.100","paraT.cells","B.cells",-1.10758395681129,1
"para.100","paraT.cells","Cycling.cells",-0.0385613281453724,1
"para.100","paraT.cells","ECM_Fib",-0.0343482633235647,1
"para.100","paraT.cells","Endothelial.cells",0.00896535128804116,1
"para.100","paraT.cells","Epithelial.cells",-0.11063200480948,1
"para.100","paraT.cells","Inflammatory_Fib",0.192865722813315,1
"para.100","paraT.cells","Macrophages",-0.107510348668864,1
"para.100","paraT.cells","Mast.cells",-0.118635585742491,1
"para.100","paraT.cells","Neutrophils",0.00371335758360763,1
"para.100","paraT.cells","PI16_Fib",0.386782096878938,1
"para.100","paraT.cells","Pericytes",-0.178557808860061,1
"para.100","paraT.cells","Plasma.cells",-0.0345665376327658,1
"para.100","paraT.cells","T.cells",0.0528727363760488,1
"para.100","paraT.cells","pDCs",0.259126168470063,1
"para.100","parapDCs","Activated_Fib",-0.834359891037415,1
"para.100","parapDCs","Adventitial_Fib",-0.540188326505385,1
"para.100","parapDCs","B.cells",1.47535639376876,1
"para.100","parapDCs","Cycling.cells",0.400929041818637,1
"para.100","parapDCs","ECM_Fib",-0.421835924890084,1
"para.100","parapDCs","Endothelial.cells",-0.0356241733529504,1
"para.100","parapDCs","Epithelial.cells",-0.188228449381601,1
"para.100","parapDCs","Inflammatory_Fib",-0.841524159741927,1
"para.100","parapDCs","Macrophages",-0.431020692283164,1
"para.100","parapDCs","Mast.cells",-0.916542852485363,1
"para.100","parapDCs","Neutrophils",-0.00465396821695866,1
"para.100","parapDCs","PI16_Fib",0.163292793528804,1
"para.100","parapDCs","Pericytes",-0.356196670481518,1
"para.100","parapDCs","Plasma.cells",-0.458237354606966,1
"para.100","parapDCs","T.cells",-0.0170695860080963,1
"para.100","parapDCs","pDCs",-0.414066200454051,1
