"target","sample","measure","value"
"Activated_Fib","G:/1a空转rperio/GSM6258257/MISTy_PD_RCTD_refinedFib_ECM_full","intra.RMSE",0.0428329695116722
"Activated_Fib","G:/1a空转rperio/GSM6258257/MISTy_PD_RCTD_refinedFib_ECM_full","intra.R2",62.0725485686173
"Activated_Fib","G:/1a空转rperio/GSM6258257/MISTy_PD_RCTD_refinedFib_ECM_full","multi.RMSE",0.0410092940020779
"Activated_Fib","G:/1a空转rperio/GSM6258257/MISTy_PD_RCTD_refinedFib_ECM_full","multi.R2",64.6281751484506
"Activated_Fib","G:/1a空转rperio/GSM6258257/MISTy_PD_RCTD_refinedFib_ECM_full","p.RMSE",0.39308377953211
"Activated_Fib","G:/1a空转rperio/GSM6258257/MISTy_PD_RCTD_refinedFib_ECM_full","p.R2",0.384789376611785
"Activated_Fib","G:/1a空转rperio/GSM6258257/MISTy_PD_RCTD_refinedFib_ECM_full","gain.RMSE",4.25764435757213
"Activated_Fib","G:/1a空转rperio/GSM6258257/MISTy_PD_RCTD_refinedFib_ECM_full","gain.R2",2.55562657983329
"Adventitial_Fib","G:/1a空转rperio/GSM6258257/MISTy_PD_RCTD_refinedFib_ECM_full","intra.RMSE",0.0172897336295563
"Adventitial_Fib","G:/1a空转rperio/GSM6258257/MISTy_PD_RCTD_refinedFib_ECM_full","intra.R2",41.4197280163623
"Adventitial_Fib","G:/1a空转rperio/GSM6258257/MISTy_PD_RCTD_refinedFib_ECM_full","multi.RMSE",0.0164104998448939
"Adventitial_Fib","G:/1a空转rperio/GSM6258257/MISTy_PD_RCTD_refinedFib_ECM_full","multi.R2",44.9852791820966
"Adventitial_Fib","G:/1a空转rperio/GSM6258257/MISTy_PD_RCTD_refinedFib_ECM_full","p.RMSE",0.388055685667167
"Adventitial_Fib","G:/1a空转rperio/GSM6258257/MISTy_PD_RCTD_refinedFib_ECM_full","p.R2",0.401811761463388
"Adventitial_Fib","G:/1a空转rperio/GSM6258257/MISTy_PD_RCTD_refinedFib_ECM_full","gain.RMSE",5.085293987175
"Adventitial_Fib","G:/1a空转rperio/GSM6258257/MISTy_PD_RCTD_refinedFib_ECM_full","gain.R2",3.5655511657343
"B.cells","G:/1a空转rperio/GSM6258257/MISTy_PD_RCTD_refinedFib_ECM_full","intra.RMSE",0.00483972021628824
"B.cells","G:/1a空转rperio/GSM6258257/MISTy_PD_RCTD_refinedFib_ECM_full","intra.R2",10.3957354739063
"B.cells","G:/1a空转rperio/GSM6258257/MISTy_PD_RCTD_refinedFib_ECM_full","multi.RMSE",0.00477203778368061
"B.cells","G:/1a空转rperio/GSM6258257/MISTy_PD_RCTD_refinedFib_ECM_full","multi.R2",13.927586580651
"B.cells","G:/1a空转rperio/GSM6258257/MISTy_PD_RCTD_refinedFib_ECM_full","p.RMSE",0.473394476038652
"B.cells","G:/1a空转rperio/GSM6258257/MISTy_PD_RCTD_refinedFib_ECM_full","p.R2",0.321846712098861
"B.cells","G:/1a空转rperio/GSM6258257/MISTy_PD_RCTD_refinedFib_ECM_full","gain.RMSE",1.39847820912959
"B.cells","G:/1a空转rperio/GSM6258257/MISTy_PD_RCTD_refinedFib_ECM_full","gain.R2",3.5318511067447
"Cycling.cells","G:/1a空转rperio/GSM6258257/MISTy_PD_RCTD_refinedFib_ECM_full","intra.RMSE",0.00565168066680205
"Cycling.cells","G:/1a空转rperio/GSM6258257/MISTy_PD_RCTD_refinedFib_ECM_full","intra.R2",19.3542461870346
"Cycling.cells","G:/1a空转rperio/GSM6258257/MISTy_PD_RCTD_refinedFib_ECM_full","multi.RMSE",0.00549602527242848
"Cycling.cells","G:/1a空转rperio/GSM6258257/MISTy_PD_RCTD_refinedFib_ECM_full","multi.R2",17.0864786939233
"Cycling.cells","G:/1a空转rperio/GSM6258257/MISTy_PD_RCTD_refinedFib_ECM_full","p.RMSE",0.472504820993534
"Cycling.cells","G:/1a空转rperio/GSM6258257/MISTy_PD_RCTD_refinedFib_ECM_full","p.R2",0.564099960811729
"Cycling.cells","G:/1a空转rperio/GSM6258257/MISTy_PD_RCTD_refinedFib_ECM_full","gain.RMSE",2.75414347607942
"Cycling.cells","G:/1a空转rperio/GSM6258257/MISTy_PD_RCTD_refinedFib_ECM_full","gain.R2",-2.2677674931113
"ECM_Fib","G:/1a空转rperio/GSM6258257/MISTy_PD_RCTD_refinedFib_ECM_full","intra.RMSE",0.0489140938616164
"ECM_Fib","G:/1a空转rperio/GSM6258257/MISTy_PD_RCTD_refinedFib_ECM_full","intra.R2",62.7717942638255
"ECM_Fib","G:/1a空转rperio/GSM6258257/MISTy_PD_RCTD_refinedFib_ECM_full","multi.RMSE",0.0472874948075007
"ECM_Fib","G:/1a空转rperio/GSM6258257/MISTy_PD_RCTD_refinedFib_ECM_full","multi.R2",64.7343634174937
"ECM_Fib","G:/1a空转rperio/GSM6258257/MISTy_PD_RCTD_refinedFib_ECM_full","p.RMSE",0.430531154697001
"ECM_Fib","G:/1a空转rperio/GSM6258257/MISTy_PD_RCTD_refinedFib_ECM_full","p.R2",0.395495563869689
"ECM_Fib","G:/1a空转rperio/GSM6258257/MISTy_PD_RCTD_refinedFib_ECM_full","gain.RMSE",3.32541998778009
"ECM_Fib","G:/1a空转rperio/GSM6258257/MISTy_PD_RCTD_refinedFib_ECM_full","gain.R2",1.9625691536682
"Endothelial.cells","G:/1a空转rperio/GSM6258257/MISTy_PD_RCTD_refinedFib_ECM_full","intra.RMSE",0.0335469153042035
"Endothelial.cells","G:/1a空转rperio/GSM6258257/MISTy_PD_RCTD_refinedFib_ECM_full","intra.R2",53.1149153086982
"Endothelial.cells","G:/1a空转rperio/GSM6258257/MISTy_PD_RCTD_refinedFib_ECM_full","multi.RMSE",0.0341772457919485
"Endothelial.cells","G:/1a空转rperio/GSM6258257/MISTy_PD_RCTD_refinedFib_ECM_full","multi.R2",51.3287051026109
"Endothelial.cells","G:/1a空转rperio/GSM6258257/MISTy_PD_RCTD_refinedFib_ECM_full","p.RMSE",0.535627000451428
"Endothelial.cells","G:/1a空转rperio/GSM6258257/MISTy_PD_RCTD_refinedFib_ECM_full","p.R2",0.555340993499734
"Endothelial.cells","G:/1a空转rperio/GSM6258257/MISTy_PD_RCTD_refinedFib_ECM_full","gain.RMSE",-1.87895215410766
"Endothelial.cells","G:/1a空转rperio/GSM6258257/MISTy_PD_RCTD_refinedFib_ECM_full","gain.R2",-1.7862102060873
"Epithelial.cells","G:/1a空转rperio/GSM6258257/MISTy_PD_RCTD_refinedFib_ECM_full","intra.RMSE",0.0532118653987642
"Epithelial.cells","G:/1a空转rperio/GSM6258257/MISTy_PD_RCTD_refinedFib_ECM_full","intra.R2",96.313618153477
"Epithelial.cells","G:/1a空转rperio/GSM6258257/MISTy_PD_RCTD_refinedFib_ECM_full","multi.RMSE",0.0491508386350757
"Epithelial.cells","G:/1a空转rperio/GSM6258257/MISTy_PD_RCTD_refinedFib_ECM_full","multi.R2",96.8622992066516
"Epithelial.cells","G:/1a空转rperio/GSM6258257/MISTy_PD_RCTD_refinedFib_ECM_full","p.RMSE",0.190065718112787
"Epithelial.cells","G:/1a空转rperio/GSM6258257/MISTy_PD_RCTD_refinedFib_ECM_full","p.R2",0.179792537090457
"Epithelial.cells","G:/1a空转rperio/GSM6258257/MISTy_PD_RCTD_refinedFib_ECM_full","gain.RMSE",7.6318068033428
"Epithelial.cells","G:/1a空转rperio/GSM6258257/MISTy_PD_RCTD_refinedFib_ECM_full","gain.R2",0.548681053174604
"Inflammatory_Fib","G:/1a空转rperio/GSM6258257/MISTy_PD_RCTD_refinedFib_ECM_full","intra.RMSE",0.0339196065922915
"Inflammatory_Fib","G:/1a空转rperio/GSM6258257/MISTy_PD_RCTD_refinedFib_ECM_full","intra.R2",46.2397319648722
"Inflammatory_Fib","G:/1a空转rperio/GSM6258257/MISTy_PD_RCTD_refinedFib_ECM_full","multi.RMSE",0.0319566510413791
"Inflammatory_Fib","G:/1a空转rperio/GSM6258257/MISTy_PD_RCTD_refinedFib_ECM_full","multi.R2",43.843766945794
"Inflammatory_Fib","G:/1a空转rperio/GSM6258257/MISTy_PD_RCTD_refinedFib_ECM_full","p.RMSE",0.315566671947807
"Inflammatory_Fib","G:/1a空转rperio/GSM6258257/MISTy_PD_RCTD_refinedFib_ECM_full","p.R2",0.578039976040447
"Inflammatory_Fib","G:/1a空转rperio/GSM6258257/MISTy_PD_RCTD_refinedFib_ECM_full","gain.RMSE",5.78708230465886
"Inflammatory_Fib","G:/1a空转rperio/GSM6258257/MISTy_PD_RCTD_refinedFib_ECM_full","gain.R2",-2.3959650190782
"Macrophages","G:/1a空转rperio/GSM6258257/MISTy_PD_RCTD_refinedFib_ECM_full","intra.RMSE",0.0146819406575898
"Macrophages","G:/1a空转rperio/GSM6258257/MISTy_PD_RCTD_refinedFib_ECM_full","intra.R2",61.3115875916171
"Macrophages","G:/1a空转rperio/GSM6258257/MISTy_PD_RCTD_refinedFib_ECM_full","multi.RMSE",0.0149826792240793
"Macrophages","G:/1a空转rperio/GSM6258257/MISTy_PD_RCTD_refinedFib_ECM_full","multi.R2",60.2608198186574
"Macrophages","G:/1a空转rperio/GSM6258257/MISTy_PD_RCTD_refinedFib_ECM_full","p.RMSE",0.572825683797667
"Macrophages","G:/1a空转rperio/GSM6258257/MISTy_PD_RCTD_refinedFib_ECM_full","p.R2",0.547311283524026
"Macrophages","G:/1a空转rperio/GSM6258257/MISTy_PD_RCTD_refinedFib_ECM_full","gain.RMSE",-2.0483570496795
"Macrophages","G:/1a空转rperio/GSM6258257/MISTy_PD_RCTD_refinedFib_ECM_full","gain.R2",-1.05076777295969
"Mast.cells","G:/1a空转rperio/GSM6258257/MISTy_PD_RCTD_refinedFib_ECM_full","intra.RMSE",0.00865650179021979
"Mast.cells","G:/1a空转rperio/GSM6258257/MISTy_PD_RCTD_refinedFib_ECM_full","intra.R2",20.0584180519231
"Mast.cells","G:/1a空转rperio/GSM6258257/MISTy_PD_RCTD_refinedFib_ECM_full","multi.RMSE",0.00795516758691886
"Mast.cells","G:/1a空转rperio/GSM6258257/MISTy_PD_RCTD_refinedFib_ECM_full","multi.R2",36.3013468856827
"Mast.cells","G:/1a空转rperio/GSM6258257/MISTy_PD_RCTD_refinedFib_ECM_full","p.RMSE",0.354619393244315
"Mast.cells","G:/1a空转rperio/GSM6258257/MISTy_PD_RCTD_refinedFib_ECM_full","p.R2",0.0902116917873031
"Mast.cells","G:/1a空转rperio/GSM6258257/MISTy_PD_RCTD_refinedFib_ECM_full","gain.RMSE",8.10182011506432
"Mast.cells","G:/1a空转rperio/GSM6258257/MISTy_PD_RCTD_refinedFib_ECM_full","gain.R2",16.2429288337596
"Neutrophils","G:/1a空转rperio/GSM6258257/MISTy_PD_RCTD_refinedFib_ECM_full","intra.RMSE",0.00328779496044277
"Neutrophils","G:/1a空转rperio/GSM6258257/MISTy_PD_RCTD_refinedFib_ECM_full","intra.R2",53.5948853385845
"Neutrophils","G:/1a空转rperio/GSM6258257/MISTy_PD_RCTD_refinedFib_ECM_full","multi.RMSE",0.00324565050881784
"Neutrophils","G:/1a空转rperio/GSM6258257/MISTy_PD_RCTD_refinedFib_ECM_full","multi.R2",55.5379822443523
"Neutrophils","G:/1a空转rperio/GSM6258257/MISTy_PD_RCTD_refinedFib_ECM_full","p.RMSE",0.454859655674795
"Neutrophils","G:/1a空转rperio/GSM6258257/MISTy_PD_RCTD_refinedFib_ECM_full","p.R2",0.421702693948338
"Neutrophils","G:/1a空转rperio/GSM6258257/MISTy_PD_RCTD_refinedFib_ECM_full","gain.RMSE",1.2818454962062
"Neutrophils","G:/1a空转rperio/GSM6258257/MISTy_PD_RCTD_refinedFib_ECM_full","gain.R2",1.9430969057678
"pDCs","G:/1a空转rperio/GSM6258257/MISTy_PD_RCTD_refinedFib_ECM_full","intra.RMSE",0.00323260106030216
"pDCs","G:/1a空转rperio/GSM6258257/MISTy_PD_RCTD_refinedFib_ECM_full","intra.R2",48.9087866078143
"pDCs","G:/1a空转rperio/GSM6258257/MISTy_PD_RCTD_refinedFib_ECM_full","multi.RMSE",0.00318570366286013
"pDCs","G:/1a空转rperio/GSM6258257/MISTy_PD_RCTD_refinedFib_ECM_full","multi.R2",51.5971691456731
"pDCs","G:/1a空转rperio/GSM6258257/MISTy_PD_RCTD_refinedFib_ECM_full","p.RMSE",0.464987378699601
"pDCs","G:/1a空转rperio/GSM6258257/MISTy_PD_RCTD_refinedFib_ECM_full","p.R2",0.398737585630007
"pDCs","G:/1a空转rperio/GSM6258257/MISTy_PD_RCTD_refinedFib_ECM_full","gain.RMSE",1.45076353583966
"pDCs","G:/1a空转rperio/GSM6258257/MISTy_PD_RCTD_refinedFib_ECM_full","gain.R2",2.6883825378588
"Pericytes","G:/1a空转rperio/GSM6258257/MISTy_PD_RCTD_refinedFib_ECM_full","intra.RMSE",0.0142445396903645
"Pericytes","G:/1a空转rperio/GSM6258257/MISTy_PD_RCTD_refinedFib_ECM_full","intra.R2",43.8283229957376
"Pericytes","G:/1a空转rperio/GSM6258257/MISTy_PD_RCTD_refinedFib_ECM_full","multi.RMSE",0.0138030594426614
"Pericytes","G:/1a空转rperio/GSM6258257/MISTy_PD_RCTD_refinedFib_ECM_full","multi.R2",47.4890616806664
"Pericytes","G:/1a空转rperio/GSM6258257/MISTy_PD_RCTD_refinedFib_ECM_full","p.RMSE",0.402260441956603
"Pericytes","G:/1a空转rperio/GSM6258257/MISTy_PD_RCTD_refinedFib_ECM_full","p.R2",0.385114133235196
"Pericytes","G:/1a空转rperio/GSM6258257/MISTy_PD_RCTD_refinedFib_ECM_full","gain.RMSE",3.09929458795873
"Pericytes","G:/1a空转rperio/GSM6258257/MISTy_PD_RCTD_refinedFib_ECM_full","gain.R2",3.6607386849288
"PI16_Fib","G:/1a空转rperio/GSM6258257/MISTy_PD_RCTD_refinedFib_ECM_full","intra.RMSE",0.0149800860664976
"PI16_Fib","G:/1a空转rperio/GSM6258257/MISTy_PD_RCTD_refinedFib_ECM_full","intra.R2",28.4980688500241
"PI16_Fib","G:/1a空转rperio/GSM6258257/MISTy_PD_RCTD_refinedFib_ECM_full","multi.RMSE",0.0149367079647376
"PI16_Fib","G:/1a空转rperio/GSM6258257/MISTy_PD_RCTD_refinedFib_ECM_full","multi.R2",30.3748123141927
"PI16_Fib","G:/1a空转rperio/GSM6258257/MISTy_PD_RCTD_refinedFib_ECM_full","p.RMSE",0.494544082645281
"PI16_Fib","G:/1a空转rperio/GSM6258257/MISTy_PD_RCTD_refinedFib_ECM_full","p.R2",0.422748221874162
"PI16_Fib","G:/1a空转rperio/GSM6258257/MISTy_PD_RCTD_refinedFib_ECM_full","gain.RMSE",0.289571779277112
"PI16_Fib","G:/1a空转rperio/GSM6258257/MISTy_PD_RCTD_refinedFib_ECM_full","gain.R2",1.8767434641686
"Plasma.cells","G:/1a空转rperio/GSM6258257/MISTy_PD_RCTD_refinedFib_ECM_full","intra.RMSE",0.0136509156979312
"Plasma.cells","G:/1a空转rperio/GSM6258257/MISTy_PD_RCTD_refinedFib_ECM_full","intra.R2",12.9101884208767
"Plasma.cells","G:/1a空转rperio/GSM6258257/MISTy_PD_RCTD_refinedFib_ECM_full","multi.RMSE",0.0164222450298125
"Plasma.cells","G:/1a空转rperio/GSM6258257/MISTy_PD_RCTD_refinedFib_ECM_full","multi.R2",10.9461535196696
"Plasma.cells","G:/1a空转rperio/GSM6258257/MISTy_PD_RCTD_refinedFib_ECM_full","p.RMSE",0.637017808944239
"Plasma.cells","G:/1a空转rperio/GSM6258257/MISTy_PD_RCTD_refinedFib_ECM_full","p.R2",0.569115836404107
"Plasma.cells","G:/1a空转rperio/GSM6258257/MISTy_PD_RCTD_refinedFib_ECM_full","gain.RMSE",-20.3014170858977
"Plasma.cells","G:/1a空转rperio/GSM6258257/MISTy_PD_RCTD_refinedFib_ECM_full","gain.R2",-1.9640349012071
"T.cells","G:/1a空转rperio/GSM6258257/MISTy_PD_RCTD_refinedFib_ECM_full","intra.RMSE",0.00753217129326636
"T.cells","G:/1a空转rperio/GSM6258257/MISTy_PD_RCTD_refinedFib_ECM_full","intra.R2",9.86431852140855
"T.cells","G:/1a空转rperio/GSM6258257/MISTy_PD_RCTD_refinedFib_ECM_full","multi.RMSE",0.00753449892481026
"T.cells","G:/1a空转rperio/GSM6258257/MISTy_PD_RCTD_refinedFib_ECM_full","multi.R2",11.6714912758454
"T.cells","G:/1a空转rperio/GSM6258257/MISTy_PD_RCTD_refinedFib_ECM_full","p.RMSE",0.500406825428742
"T.cells","G:/1a空转rperio/GSM6258257/MISTy_PD_RCTD_refinedFib_ECM_full","p.R2",0.357302533281641
"T.cells","G:/1a空转rperio/GSM6258257/MISTy_PD_RCTD_refinedFib_ECM_full","gain.RMSE",-0.030902530668431
"T.cells","G:/1a空转rperio/GSM6258257/MISTy_PD_RCTD_refinedFib_ECM_full","gain.R2",1.80717275443685
