"orig.ident","Fibro_subtype","dataset","group","Freq"
"GSM4600897","PI16_Fib","GSE152042","NC",0
"GSM4600898","PI16_Fib","GSE152042","NC",0
"GSM4600899","PI16_Fib","GSE152042","NC",0
"GSM5005048","PI16_Fib","GSE152042","NC",0
"GSM5005049","PI16_Fib","GSE152042","NC",0
"GSM5005050","PI16_Fib","GSE152042","NC",0
"GSM5005051","PI16_Fib","GSE152042","NC",0
"GSM5005052","PI16_Fib","GSE152042","NC",0
"GSM5005053","PI16_Fib","GSE152042","NC",0
"GSM5005054","PI16_Fib","GSE152042","NC",0
"GSM5005055","PI16_Fib","GSE152042","NC",0
"GSM5005056","PI16_Fib","GSE152042","NC",0
"GSM5005057","PI16_Fib","GSE152042","NC",0
"GSM5005058","PI16_Fib","GSE152042","NC",0
"GSM5005059","PI16_Fib","GSE152042","NC",0
"GSM5005060","PI16_Fib","GSE152042","NC",0
"GSM5005061","PI16_Fib","GSE152042","NC",0
"GSM5005062","PI16_Fib","GSE152042","NC",0
"GSM5177039","PI16_Fib","GSE152042","NC",0
"GSM5177040","PI16_Fib","GSE152042","NC",0
"GSM5177041","PI16_Fib","GSE152042","NC",0
"GSM5177042","PI16_Fib","GSE152042","NC",0
"GSM5177043","PI16_Fib","GSE152042","NC",0
"GSM5177044","PI16_Fib","GSE152042","NC",0
"GSM5220920","PI16_Fib","GSE152042","NC",0
"GSM5220921","PI16_Fib","GSE152042","NC",0
"GSM5220922","PI16_Fib","GSE152042","NC",0
"GSM5220923","PI16_Fib","GSE152042","NC",0
"GSM5220924","PI16_Fib","GSE152042","NC",0
"GSM5220925","PI16_Fib","GSE152042","NC",0
"GSM5220926","PI16_Fib","GSE152042","NC",0
"GSM5220927","PI16_Fib","GSE152042","NC",0
"GSM5220928","PI16_Fib","GSE152042","NC",0
"GSM4600897","Adventitial_Fib","GSE152042","NC",4
"GSM4600898","Adventitial_Fib","GSE152042","NC",0
"GSM4600899","Adventitial_Fib","GSE152042","NC",0
"GSM5005048","Adventitial_Fib","GSE152042","NC",0
"GSM5005049","Adventitial_Fib","GSE152042","NC",0
"GSM5005050","Adventitial_Fib","GSE152042","NC",0
"GSM5005051","Adventitial_Fib","GSE152042","NC",0
"GSM5005052","Adventitial_Fib","GSE152042","NC",0
"GSM5005053","Adventitial_Fib","GSE152042","NC",0
"GSM5005054","Adventitial_Fib","GSE152042","NC",0
"GSM5005055","Adventitial_Fib","GSE152042","NC",0
"GSM5005056","Adventitial_Fib","GSE152042","NC",0
"GSM5005057","Adventitial_Fib","GSE152042","NC",0
"GSM5005058","Adventitial_Fib","GSE152042","NC",0
"GSM5005059","Adventitial_Fib","GSE152042","NC",0
"GSM5005060","Adventitial_Fib","GSE152042","NC",0
"GSM5005061","Adventitial_Fib","GSE152042","NC",0
"GSM5005062","Adventitial_Fib","GSE152042","NC",0
"GSM5177039","Adventitial_Fib","GSE152042","NC",0
"GSM5177040","Adventitial_Fib","GSE152042","NC",0
"GSM5177041","Adventitial_Fib","GSE152042","NC",0
"GSM5177042","Adventitial_Fib","GSE152042","NC",0
"GSM5177043","Adventitial_Fib","GSE152042","NC",0
"GSM5177044","Adventitial_Fib","GSE152042","NC",0
"GSM5220920","Adventitial_Fib","GSE152042","NC",0
"GSM5220921","Adventitial_Fib","GSE152042","NC",0
"GSM5220922","Adventitial_Fib","GSE152042","NC",0
"GSM5220923","Adventitial_Fib","GSE152042","NC",0
"GSM5220924","Adventitial_Fib","GSE152042","NC",0
"GSM5220925","Adventitial_Fib","GSE152042","NC",0
"GSM5220926","Adventitial_Fib","GSE152042","NC",0
"GSM5220927","Adventitial_Fib","GSE152042","NC",0
"GSM5220928","Adventitial_Fib","GSE152042","NC",0
"GSM4600897","ECM_Fib","GSE152042","NC",9
"GSM4600898","ECM_Fib","GSE152042","NC",0
"GSM4600899","ECM_Fib","GSE152042","NC",0
"GSM5005048","ECM_Fib","GSE152042","NC",0
"GSM5005049","ECM_Fib","GSE152042","NC",0
"GSM5005050","ECM_Fib","GSE152042","NC",0
"GSM5005051","ECM_Fib","GSE152042","NC",0
"GSM5005052","ECM_Fib","GSE152042","NC",0
"GSM5005053","ECM_Fib","GSE152042","NC",0
"GSM5005054","ECM_Fib","GSE152042","NC",0
"GSM5005055","ECM_Fib","GSE152042","NC",0
"GSM5005056","ECM_Fib","GSE152042","NC",0
"GSM5005057","ECM_Fib","GSE152042","NC",0
"GSM5005058","ECM_Fib","GSE152042","NC",0
"GSM5005059","ECM_Fib","GSE152042","NC",0
"GSM5005060","ECM_Fib","GSE152042","NC",0
"GSM5005061","ECM_Fib","GSE152042","NC",0
"GSM5005062","ECM_Fib","GSE152042","NC",0
"GSM5177039","ECM_Fib","GSE152042","NC",0
"GSM5177040","ECM_Fib","GSE152042","NC",0
"GSM5177041","ECM_Fib","GSE152042","NC",0
"GSM5177042","ECM_Fib","GSE152042","NC",0
"GSM5177043","ECM_Fib","GSE152042","NC",0
"GSM5177044","ECM_Fib","GSE152042","NC",0
"GSM5220920","ECM_Fib","GSE152042","NC",0
"GSM5220921","ECM_Fib","GSE152042","NC",0
"GSM5220922","ECM_Fib","GSE152042","NC",0
"GSM5220923","ECM_Fib","GSE152042","NC",0
"GSM5220924","ECM_Fib","GSE152042","NC",0
"GSM5220925","ECM_Fib","GSE152042","NC",0
"GSM5220926","ECM_Fib","GSE152042","NC",0
"GSM5220927","ECM_Fib","GSE152042","NC",0
"GSM5220928","ECM_Fib","GSE152042","NC",0
"GSM4600897","Activated_Fib","GSE152042","NC",4
"GSM4600898","Activated_Fib","GSE152042","NC",0
"GSM4600899","Activated_Fib","GSE152042","NC",0
"GSM5005048","Activated_Fib","GSE152042","NC",0
"GSM5005049","Activated_Fib","GSE152042","NC",0
"GSM5005050","Activated_Fib","GSE152042","NC",0
"GSM5005051","Activated_Fib","GSE152042","NC",0
"GSM5005052","Activated_Fib","GSE152042","NC",0
"GSM5005053","Activated_Fib","GSE152042","NC",0
"GSM5005054","Activated_Fib","GSE152042","NC",0
"GSM5005055","Activated_Fib","GSE152042","NC",0
"GSM5005056","Activated_Fib","GSE152042","NC",0
"GSM5005057","Activated_Fib","GSE152042","NC",0
"GSM5005058","Activated_Fib","GSE152042","NC",0
"GSM5005059","Activated_Fib","GSE152042","NC",0
"GSM5005060","Activated_Fib","GSE152042","NC",0
"GSM5005061","Activated_Fib","GSE152042","NC",0
"GSM5005062","Activated_Fib","GSE152042","NC",0
"GSM5177039","Activated_Fib","GSE152042","NC",0
"GSM5177040","Activated_Fib","GSE152042","NC",0
"GSM5177041","Activated_Fib","GSE152042","NC",0
"GSM5177042","Activated_Fib","GSE152042","NC",0
"GSM5177043","Activated_Fib","GSE152042","NC",0
"GSM5177044","Activated_Fib","GSE152042","NC",0
"GSM5220920","Activated_Fib","GSE152042","NC",0
"GSM5220921","Activated_Fib","GSE152042","NC",0
"GSM5220922","Activated_Fib","GSE152042","NC",0
"GSM5220923","Activated_Fib","GSE152042","NC",0
"GSM5220924","Activated_Fib","GSE152042","NC",0
"GSM5220925","Activated_Fib","GSE152042","NC",0
"GSM5220926","Activated_Fib","GSE152042","NC",0
"GSM5220927","Activated_Fib","GSE152042","NC",0
"GSM5220928","Activated_Fib","GSE152042","NC",0
"GSM4600897","Inflammatory_Fib","GSE152042","NC",0
"GSM4600898","Inflammatory_Fib","GSE152042","NC",0
"GSM4600899","Inflammatory_Fib","GSE152042","NC",0
"GSM5005048","Inflammatory_Fib","GSE152042","NC",0
"GSM5005049","Inflammatory_Fib","GSE152042","NC",0
"GSM5005050","Inflammatory_Fib","GSE152042","NC",0
"GSM5005051","Inflammatory_Fib","GSE152042","NC",0
"GSM5005052","Inflammatory_Fib","GSE152042","NC",0
"GSM5005053","Inflammatory_Fib","GSE152042","NC",0
"GSM5005054","Inflammatory_Fib","GSE152042","NC",0
"GSM5005055","Inflammatory_Fib","GSE152042","NC",0
"GSM5005056","Inflammatory_Fib","GSE152042","NC",0
"GSM5005057","Inflammatory_Fib","GSE152042","NC",0
"GSM5005058","Inflammatory_Fib","GSE152042","NC",0
"GSM5005059","Inflammatory_Fib","GSE152042","NC",0
"GSM5005060","Inflammatory_Fib","GSE152042","NC",0
"GSM5005061","Inflammatory_Fib","GSE152042","NC",0
"GSM5005062","Inflammatory_Fib","GSE152042","NC",0
"GSM5177039","Inflammatory_Fib","GSE152042","NC",0
"GSM5177040","Inflammatory_Fib","GSE152042","NC",0
"GSM5177041","Inflammatory_Fib","GSE152042","NC",0
"GSM5177042","Inflammatory_Fib","GSE152042","NC",0
"GSM5177043","Inflammatory_Fib","GSE152042","NC",0
"GSM5177044","Inflammatory_Fib","GSE152042","NC",0
"GSM5220920","Inflammatory_Fib","GSE152042","NC",0
"GSM5220921","Inflammatory_Fib","GSE152042","NC",0
"GSM5220922","Inflammatory_Fib","GSE152042","NC",0
"GSM5220923","Inflammatory_Fib","GSE152042","NC",0
"GSM5220924","Inflammatory_Fib","GSE152042","NC",0
"GSM5220925","Inflammatory_Fib","GSE152042","NC",0
"GSM5220926","Inflammatory_Fib","GSE152042","NC",0
"GSM5220927","Inflammatory_Fib","GSE152042","NC",0
"GSM5220928","Inflammatory_Fib","GSE152042","NC",0
"GSM4600897","PI16_Fib","GSE164241","NC",0
"GSM4600898","PI16_Fib","GSE164241","NC",0
"GSM4600899","PI16_Fib","GSE164241","NC",0
"GSM5005048","PI16_Fib","GSE164241","NC",0
"GSM5005049","PI16_Fib","GSE164241","NC",0
"GSM5005050","PI16_Fib","GSE164241","NC",0
"GSM5005051","PI16_Fib","GSE164241","NC",0
"GSM5005052","PI16_Fib","GSE164241","NC",1
"GSM5005053","PI16_Fib","GSE164241","NC",5
"GSM5005054","PI16_Fib","GSE164241","NC",352
"GSM5005055","PI16_Fib","GSE164241","NC",2
"GSM5005056","PI16_Fib","GSE164241","NC",394
"GSM5005057","PI16_Fib","GSE164241","NC",0
"GSM5005058","PI16_Fib","GSE164241","NC",0
"GSM5005059","PI16_Fib","GSE164241","NC",0
"GSM5005060","PI16_Fib","GSE164241","NC",0
"GSM5005061","PI16_Fib","GSE164241","NC",0
"GSM5005062","PI16_Fib","GSE164241","NC",0
"GSM5177039","PI16_Fib","GSE164241","NC",2
"GSM5177040","PI16_Fib","GSE164241","NC",21
"GSM5177041","PI16_Fib","GSE164241","NC",97
"GSM5177042","PI16_Fib","GSE164241","NC",0
"GSM5177043","PI16_Fib","GSE164241","NC",0
"GSM5177044","PI16_Fib","GSE164241","NC",0
"GSM5220920","PI16_Fib","GSE164241","NC",0
"GSM5220921","PI16_Fib","GSE164241","NC",0
"GSM5220922","PI16_Fib","GSE164241","NC",0
"GSM5220923","PI16_Fib","GSE164241","NC",0
"GSM5220924","PI16_Fib","GSE164241","NC",0
"GSM5220925","PI16_Fib","GSE164241","NC",0
"GSM5220926","PI16_Fib","GSE164241","NC",0
"GSM5220927","PI16_Fib","GSE164241","NC",0
"GSM5220928","PI16_Fib","GSE164241","NC",0
"GSM4600897","Adventitial_Fib","GSE164241","NC",0
"GSM4600898","Adventitial_Fib","GSE164241","NC",0
"GSM4600899","Adventitial_Fib","GSE164241","NC",0
"GSM5005048","Adventitial_Fib","GSE164241","NC",18
"GSM5005049","Adventitial_Fib","GSE164241","NC",25
"GSM5005050","Adventitial_Fib","GSE164241","NC",37
"GSM5005051","Adventitial_Fib","GSE164241","NC",27
"GSM5005052","Adventitial_Fib","GSE164241","NC",15
"GSM5005053","Adventitial_Fib","GSE164241","NC",43
"GSM5005054","Adventitial_Fib","GSE164241","NC",1
"GSM5005055","Adventitial_Fib","GSE164241","NC",224
"GSM5005056","Adventitial_Fib","GSE164241","NC",37
"GSM5005057","Adventitial_Fib","GSE164241","NC",348
"GSM5005058","Adventitial_Fib","GSE164241","NC",0
"GSM5005059","Adventitial_Fib","GSE164241","NC",0
"GSM5005060","Adventitial_Fib","GSE164241","NC",0
"GSM5005061","Adventitial_Fib","GSE164241","NC",0
"GSM5005062","Adventitial_Fib","GSE164241","NC",0
"GSM5177039","Adventitial_Fib","GSE164241","NC",102
"GSM5177040","Adventitial_Fib","GSE164241","NC",50
"GSM5177041","Adventitial_Fib","GSE164241","NC",61
"GSM5177042","Adventitial_Fib","GSE164241","NC",0
"GSM5177043","Adventitial_Fib","GSE164241","NC",0
"GSM5177044","Adventitial_Fib","GSE164241","NC",0
"GSM5220920","Adventitial_Fib","GSE164241","NC",0
"GSM5220921","Adventitial_Fib","GSE164241","NC",0
"GSM5220922","Adventitial_Fib","GSE164241","NC",0
"GSM5220923","Adventitial_Fib","GSE164241","NC",0
"GSM5220924","Adventitial_Fib","GSE164241","NC",0
"GSM5220925","Adventitial_Fib","GSE164241","NC",0
"GSM5220926","Adventitial_Fib","GSE164241","NC",0
"GSM5220927","Adventitial_Fib","GSE164241","NC",0
"GSM5220928","Adventitial_Fib","GSE164241","NC",0
"GSM4600897","ECM_Fib","GSE164241","NC",0
"GSM4600898","ECM_Fib","GSE164241","NC",0
"GSM4600899","ECM_Fib","GSE164241","NC",0
"GSM5005048","ECM_Fib","GSE164241","NC",31
"GSM5005049","ECM_Fib","GSE164241","NC",103
"GSM5005050","ECM_Fib","GSE164241","NC",52
"GSM5005051","ECM_Fib","GSE164241","NC",213
"GSM5005052","ECM_Fib","GSE164241","NC",130
"GSM5005053","ECM_Fib","GSE164241","NC",608
"GSM5005054","ECM_Fib","GSE164241","NC",4
"GSM5005055","ECM_Fib","GSE164241","NC",267
"GSM5005056","ECM_Fib","GSE164241","NC",132
"GSM5005057","ECM_Fib","GSE164241","NC",135
"GSM5005058","ECM_Fib","GSE164241","NC",0
"GSM5005059","ECM_Fib","GSE164241","NC",0
"GSM5005060","ECM_Fib","GSE164241","NC",0
"GSM5005061","ECM_Fib","GSE164241","NC",0
"GSM5005062","ECM_Fib","GSE164241","NC",0
"GSM5177039","ECM_Fib","GSE164241","NC",169
"GSM5177040","ECM_Fib","GSE164241","NC",33
"GSM5177041","ECM_Fib","GSE164241","NC",25
"GSM5177042","ECM_Fib","GSE164241","NC",0
"GSM5177043","ECM_Fib","GSE164241","NC",0
"GSM5177044","ECM_Fib","GSE164241","NC",0
"GSM5220920","ECM_Fib","GSE164241","NC",0
"GSM5220921","ECM_Fib","GSE164241","NC",0
"GSM5220922","ECM_Fib","GSE164241","NC",0
"GSM5220923","ECM_Fib","GSE164241","NC",0
"GSM5220924","ECM_Fib","GSE164241","NC",0
"GSM5220925","ECM_Fib","GSE164241","NC",0
"GSM5220926","ECM_Fib","GSE164241","NC",0
"GSM5220927","ECM_Fib","GSE164241","NC",0
"GSM5220928","ECM_Fib","GSE164241","NC",0
"GSM4600897","Activated_Fib","GSE164241","NC",0
"GSM4600898","Activated_Fib","GSE164241","NC",0
"GSM4600899","Activated_Fib","GSE164241","NC",0
"GSM5005048","Activated_Fib","GSE164241","NC",17
"GSM5005049","Activated_Fib","GSE164241","NC",19
"GSM5005050","Activated_Fib","GSE164241","NC",19
"GSM5005051","Activated_Fib","GSE164241","NC",47
"GSM5005052","Activated_Fib","GSE164241","NC",302
"GSM5005053","Activated_Fib","GSE164241","NC",80
"GSM5005054","Activated_Fib","GSE164241","NC",0
"GSM5005055","Activated_Fib","GSE164241","NC",187
"GSM5005056","Activated_Fib","GSE164241","NC",18
"GSM5005057","Activated_Fib","GSE164241","NC",525
"GSM5005058","Activated_Fib","GSE164241","NC",0
"GSM5005059","Activated_Fib","GSE164241","NC",0
"GSM5005060","Activated_Fib","GSE164241","NC",0
"GSM5005061","Activated_Fib","GSE164241","NC",0
"GSM5005062","Activated_Fib","GSE164241","NC",0
"GSM5177039","Activated_Fib","GSE164241","NC",570
"GSM5177040","Activated_Fib","GSE164241","NC",38
"GSM5177041","Activated_Fib","GSE164241","NC",157
"GSM5177042","Activated_Fib","GSE164241","NC",0
"GSM5177043","Activated_Fib","GSE164241","NC",0
"GSM5177044","Activated_Fib","GSE164241","NC",0
"GSM5220920","Activated_Fib","GSE164241","NC",0
"GSM5220921","Activated_Fib","GSE164241","NC",0
"GSM5220922","Activated_Fib","GSE164241","NC",0
"GSM5220923","Activated_Fib","GSE164241","NC",0
"GSM5220924","Activated_Fib","GSE164241","NC",0
"GSM5220925","Activated_Fib","GSE164241","NC",0
"GSM5220926","Activated_Fib","GSE164241","NC",0
"GSM5220927","Activated_Fib","GSE164241","NC",0
"GSM5220928","Activated_Fib","GSE164241","NC",0
"GSM4600897","Inflammatory_Fib","GSE164241","NC",0
"GSM4600898","Inflammatory_Fib","GSE164241","NC",0
"GSM4600899","Inflammatory_Fib","GSE164241","NC",0
"GSM5005048","Inflammatory_Fib","GSE164241","NC",26
"GSM5005049","Inflammatory_Fib","GSE164241","NC",135
"GSM5005050","Inflammatory_Fib","GSE164241","NC",101
"GSM5005051","Inflammatory_Fib","GSE164241","NC",123
"GSM5005052","Inflammatory_Fib","GSE164241","NC",2363
"GSM5005053","Inflammatory_Fib","GSE164241","NC",24
"GSM5005054","Inflammatory_Fib","GSE164241","NC",0
"GSM5005055","Inflammatory_Fib","GSE164241","NC",831
"GSM5005056","Inflammatory_Fib","GSE164241","NC",4
"GSM5005057","Inflammatory_Fib","GSE164241","NC",645
"GSM5005058","Inflammatory_Fib","GSE164241","NC",0
"GSM5005059","Inflammatory_Fib","GSE164241","NC",0
"GSM5005060","Inflammatory_Fib","GSE164241","NC",0
"GSM5005061","Inflammatory_Fib","GSE164241","NC",0
"GSM5005062","Inflammatory_Fib","GSE164241","NC",0
"GSM5177039","Inflammatory_Fib","GSE164241","NC",5
"GSM5177040","Inflammatory_Fib","GSE164241","NC",2
"GSM5177041","Inflammatory_Fib","GSE164241","NC",0
"GSM5177042","Inflammatory_Fib","GSE164241","NC",0
"GSM5177043","Inflammatory_Fib","GSE164241","NC",0
"GSM5177044","Inflammatory_Fib","GSE164241","NC",0
"GSM5220920","Inflammatory_Fib","GSE164241","NC",0
"GSM5220921","Inflammatory_Fib","GSE164241","NC",0
"GSM5220922","Inflammatory_Fib","GSE164241","NC",0
"GSM5220923","Inflammatory_Fib","GSE164241","NC",0
"GSM5220924","Inflammatory_Fib","GSE164241","NC",0
"GSM5220925","Inflammatory_Fib","GSE164241","NC",0
"GSM5220926","Inflammatory_Fib","GSE164241","NC",0
"GSM5220927","Inflammatory_Fib","GSE164241","NC",0
"GSM5220928","Inflammatory_Fib","GSE164241","NC",0
"GSM4600897","PI16_Fib","GSE171213","NC",0
"GSM4600898","PI16_Fib","GSE171213","NC",0
"GSM4600899","PI16_Fib","GSE171213","NC",0
"GSM5005048","PI16_Fib","GSE171213","NC",0
"GSM5005049","PI16_Fib","GSE171213","NC",0
"GSM5005050","PI16_Fib","GSE171213","NC",0
"GSM5005051","PI16_Fib","GSE171213","NC",0
"GSM5005052","PI16_Fib","GSE171213","NC",0
"GSM5005053","PI16_Fib","GSE171213","NC",0
"GSM5005054","PI16_Fib","GSE171213","NC",0
"GSM5005055","PI16_Fib","GSE171213","NC",0
"GSM5005056","PI16_Fib","GSE171213","NC",0
"GSM5005057","PI16_Fib","GSE171213","NC",0
"GSM5005058","PI16_Fib","GSE171213","NC",0
"GSM5005059","PI16_Fib","GSE171213","NC",0
"GSM5005060","PI16_Fib","GSE171213","NC",0
"GSM5005061","PI16_Fib","GSE171213","NC",0
"GSM5005062","PI16_Fib","GSE171213","NC",0
"GSM5177039","PI16_Fib","GSE171213","NC",0
"GSM5177040","PI16_Fib","GSE171213","NC",0
"GSM5177041","PI16_Fib","GSE171213","NC",0
"GSM5177042","PI16_Fib","GSE171213","NC",0
"GSM5177043","PI16_Fib","GSE171213","NC",0
"GSM5177044","PI16_Fib","GSE171213","NC",0
"GSM5220920","PI16_Fib","GSE171213","NC",0
"GSM5220921","PI16_Fib","GSE171213","NC",0
"GSM5220922","PI16_Fib","GSE171213","NC",0
"GSM5220923","PI16_Fib","GSE171213","NC",66
"GSM5220924","PI16_Fib","GSE171213","NC",0
"GSM5220925","PI16_Fib","GSE171213","NC",0
"GSM5220926","PI16_Fib","GSE171213","NC",0
"GSM5220927","PI16_Fib","GSE171213","NC",0
"GSM5220928","PI16_Fib","GSE171213","NC",0
"GSM4600897","Adventitial_Fib","GSE171213","NC",0
"GSM4600898","Adventitial_Fib","GSE171213","NC",0
"GSM4600899","Adventitial_Fib","GSE171213","NC",0
"GSM5005048","Adventitial_Fib","GSE171213","NC",0
"GSM5005049","Adventitial_Fib","GSE171213","NC",0
"GSM5005050","Adventitial_Fib","GSE171213","NC",0
"GSM5005051","Adventitial_Fib","GSE171213","NC",0
"GSM5005052","Adventitial_Fib","GSE171213","NC",0
"GSM5005053","Adventitial_Fib","GSE171213","NC",0
"GSM5005054","Adventitial_Fib","GSE171213","NC",0
"GSM5005055","Adventitial_Fib","GSE171213","NC",0
"GSM5005056","Adventitial_Fib","GSE171213","NC",0
"GSM5005057","Adventitial_Fib","GSE171213","NC",0
"GSM5005058","Adventitial_Fib","GSE171213","NC",0
"GSM5005059","Adventitial_Fib","GSE171213","NC",0
"GSM5005060","Adventitial_Fib","GSE171213","NC",0
"GSM5005061","Adventitial_Fib","GSE171213","NC",0
"GSM5005062","Adventitial_Fib","GSE171213","NC",0
"GSM5177039","Adventitial_Fib","GSE171213","NC",0
"GSM5177040","Adventitial_Fib","GSE171213","NC",0
"GSM5177041","Adventitial_Fib","GSE171213","NC",0
"GSM5177042","Adventitial_Fib","GSE171213","NC",0
"GSM5177043","Adventitial_Fib","GSE171213","NC",0
"GSM5177044","Adventitial_Fib","GSE171213","NC",0
"GSM5220920","Adventitial_Fib","GSE171213","NC",4
"GSM5220921","Adventitial_Fib","GSE171213","NC",8
"GSM5220922","Adventitial_Fib","GSE171213","NC",0
"GSM5220923","Adventitial_Fib","GSE171213","NC",3
"GSM5220924","Adventitial_Fib","GSE171213","NC",0
"GSM5220925","Adventitial_Fib","GSE171213","NC",0
"GSM5220926","Adventitial_Fib","GSE171213","NC",0
"GSM5220927","Adventitial_Fib","GSE171213","NC",0
"GSM5220928","Adventitial_Fib","GSE171213","NC",0
"GSM4600897","ECM_Fib","GSE171213","NC",0
"GSM4600898","ECM_Fib","GSE171213","NC",0
"GSM4600899","ECM_Fib","GSE171213","NC",0
"GSM5005048","ECM_Fib","GSE171213","NC",0
"GSM5005049","ECM_Fib","GSE171213","NC",0
"GSM5005050","ECM_Fib","GSE171213","NC",0
"GSM5005051","ECM_Fib","GSE171213","NC",0
"GSM5005052","ECM_Fib","GSE171213","NC",0
"GSM5005053","ECM_Fib","GSE171213","NC",0
"GSM5005054","ECM_Fib","GSE171213","NC",0
"GSM5005055","ECM_Fib","GSE171213","NC",0
"GSM5005056","ECM_Fib","GSE171213","NC",0
"GSM5005057","ECM_Fib","GSE171213","NC",0
"GSM5005058","ECM_Fib","GSE171213","NC",0
"GSM5005059","ECM_Fib","GSE171213","NC",0
"GSM5005060","ECM_Fib","GSE171213","NC",0
"GSM5005061","ECM_Fib","GSE171213","NC",0
"GSM5005062","ECM_Fib","GSE171213","NC",0
"GSM5177039","ECM_Fib","GSE171213","NC",0
"GSM5177040","ECM_Fib","GSE171213","NC",0
"GSM5177041","ECM_Fib","GSE171213","NC",0
"GSM5177042","ECM_Fib","GSE171213","NC",0
"GSM5177043","ECM_Fib","GSE171213","NC",0
"GSM5177044","ECM_Fib","GSE171213","NC",0
"GSM5220920","ECM_Fib","GSE171213","NC",117
"GSM5220921","ECM_Fib","GSE171213","NC",27
"GSM5220922","ECM_Fib","GSE171213","NC",314
"GSM5220923","ECM_Fib","GSE171213","NC",41
"GSM5220924","ECM_Fib","GSE171213","NC",0
"GSM5220925","ECM_Fib","GSE171213","NC",0
"GSM5220926","ECM_Fib","GSE171213","NC",0
"GSM5220927","ECM_Fib","GSE171213","NC",0
"GSM5220928","ECM_Fib","GSE171213","NC",0
"GSM4600897","Activated_Fib","GSE171213","NC",0
"GSM4600898","Activated_Fib","GSE171213","NC",0
"GSM4600899","Activated_Fib","GSE171213","NC",0
"GSM5005048","Activated_Fib","GSE171213","NC",0
"GSM5005049","Activated_Fib","GSE171213","NC",0
"GSM5005050","Activated_Fib","GSE171213","NC",0
"GSM5005051","Activated_Fib","GSE171213","NC",0
"GSM5005052","Activated_Fib","GSE171213","NC",0
"GSM5005053","Activated_Fib","GSE171213","NC",0
"GSM5005054","Activated_Fib","GSE171213","NC",0
"GSM5005055","Activated_Fib","GSE171213","NC",0
"GSM5005056","Activated_Fib","GSE171213","NC",0
"GSM5005057","Activated_Fib","GSE171213","NC",0
"GSM5005058","Activated_Fib","GSE171213","NC",0
"GSM5005059","Activated_Fib","GSE171213","NC",0
"GSM5005060","Activated_Fib","GSE171213","NC",0
"GSM5005061","Activated_Fib","GSE171213","NC",0
"GSM5005062","Activated_Fib","GSE171213","NC",0
"GSM5177039","Activated_Fib","GSE171213","NC",0
"GSM5177040","Activated_Fib","GSE171213","NC",0
"GSM5177041","Activated_Fib","GSE171213","NC",0
"GSM5177042","Activated_Fib","GSE171213","NC",0
"GSM5177043","Activated_Fib","GSE171213","NC",0
"GSM5177044","Activated_Fib","GSE171213","NC",0
"GSM5220920","Activated_Fib","GSE171213","NC",6
"GSM5220921","Activated_Fib","GSE171213","NC",5
"GSM5220922","Activated_Fib","GSE171213","NC",9
"GSM5220923","Activated_Fib","GSE171213","NC",0
"GSM5220924","Activated_Fib","GSE171213","NC",0
"GSM5220925","Activated_Fib","GSE171213","NC",0
"GSM5220926","Activated_Fib","GSE171213","NC",0
"GSM5220927","Activated_Fib","GSE171213","NC",0
"GSM5220928","Activated_Fib","GSE171213","NC",0
"GSM4600897","Inflammatory_Fib","GSE171213","NC",0
"GSM4600898","Inflammatory_Fib","GSE171213","NC",0
"GSM4600899","Inflammatory_Fib","GSE171213","NC",0
"GSM5005048","Inflammatory_Fib","GSE171213","NC",0
"GSM5005049","Inflammatory_Fib","GSE171213","NC",0
"GSM5005050","Inflammatory_Fib","GSE171213","NC",0
"GSM5005051","Inflammatory_Fib","GSE171213","NC",0
"GSM5005052","Inflammatory_Fib","GSE171213","NC",0
"GSM5005053","Inflammatory_Fib","GSE171213","NC",0
"GSM5005054","Inflammatory_Fib","GSE171213","NC",0
"GSM5005055","Inflammatory_Fib","GSE171213","NC",0
"GSM5005056","Inflammatory_Fib","GSE171213","NC",0
"GSM5005057","Inflammatory_Fib","GSE171213","NC",0
"GSM5005058","Inflammatory_Fib","GSE171213","NC",0
"GSM5005059","Inflammatory_Fib","GSE171213","NC",0
"GSM5005060","Inflammatory_Fib","GSE171213","NC",0
"GSM5005061","Inflammatory_Fib","GSE171213","NC",0
"GSM5005062","Inflammatory_Fib","GSE171213","NC",0
"GSM5177039","Inflammatory_Fib","GSE171213","NC",0
"GSM5177040","Inflammatory_Fib","GSE171213","NC",0
"GSM5177041","Inflammatory_Fib","GSE171213","NC",0
"GSM5177042","Inflammatory_Fib","GSE171213","NC",0
"GSM5177043","Inflammatory_Fib","GSE171213","NC",0
"GSM5177044","Inflammatory_Fib","GSE171213","NC",0
"GSM5220920","Inflammatory_Fib","GSE171213","NC",0
"GSM5220921","Inflammatory_Fib","GSE171213","NC",0
"GSM5220922","Inflammatory_Fib","GSE171213","NC",0
"GSM5220923","Inflammatory_Fib","GSE171213","NC",0
"GSM5220924","Inflammatory_Fib","GSE171213","NC",0
"GSM5220925","Inflammatory_Fib","GSE171213","NC",0
"GSM5220926","Inflammatory_Fib","GSE171213","NC",0
"GSM5220927","Inflammatory_Fib","GSE171213","NC",0
"GSM5220928","Inflammatory_Fib","GSE171213","NC",0
"GSM4600897","PI16_Fib","GSE152042","PD",0
"GSM4600898","PI16_Fib","GSE152042","PD",0
"GSM4600899","PI16_Fib","GSE152042","PD",0
"GSM5005048","PI16_Fib","GSE152042","PD",0
"GSM5005049","PI16_Fib","GSE152042","PD",0
"GSM5005050","PI16_Fib","GSE152042","PD",0
"GSM5005051","PI16_Fib","GSE152042","PD",0
"GSM5005052","PI16_Fib","GSE152042","PD",0
"GSM5005053","PI16_Fib","GSE152042","PD",0
"GSM5005054","PI16_Fib","GSE152042","PD",0
"GSM5005055","PI16_Fib","GSE152042","PD",0
"GSM5005056","PI16_Fib","GSE152042","PD",0
"GSM5005057","PI16_Fib","GSE152042","PD",0
"GSM5005058","PI16_Fib","GSE152042","PD",0
"GSM5005059","PI16_Fib","GSE152042","PD",0
"GSM5005060","PI16_Fib","GSE152042","PD",0
"GSM5005061","PI16_Fib","GSE152042","PD",0
"GSM5005062","PI16_Fib","GSE152042","PD",0
"GSM5177039","PI16_Fib","GSE152042","PD",0
"GSM5177040","PI16_Fib","GSE152042","PD",0
"GSM5177041","PI16_Fib","GSE152042","PD",0
"GSM5177042","PI16_Fib","GSE152042","PD",0
"GSM5177043","PI16_Fib","GSE152042","PD",0
"GSM5177044","PI16_Fib","GSE152042","PD",0
"GSM5220920","PI16_Fib","GSE152042","PD",0
"GSM5220921","PI16_Fib","GSE152042","PD",0
"GSM5220922","PI16_Fib","GSE152042","PD",0
"GSM5220923","PI16_Fib","GSE152042","PD",0
"GSM5220924","PI16_Fib","GSE152042","PD",0
"GSM5220925","PI16_Fib","GSE152042","PD",0
"GSM5220926","PI16_Fib","GSE152042","PD",0
"GSM5220927","PI16_Fib","GSE152042","PD",0
"GSM5220928","PI16_Fib","GSE152042","PD",0
"GSM4600897","Adventitial_Fib","GSE152042","PD",0
"GSM4600898","Adventitial_Fib","GSE152042","PD",0
"GSM4600899","Adventitial_Fib","GSE152042","PD",0
"GSM5005048","Adventitial_Fib","GSE152042","PD",0
"GSM5005049","Adventitial_Fib","GSE152042","PD",0
"GSM5005050","Adventitial_Fib","GSE152042","PD",0
"GSM5005051","Adventitial_Fib","GSE152042","PD",0
"GSM5005052","Adventitial_Fib","GSE152042","PD",0
"GSM5005053","Adventitial_Fib","GSE152042","PD",0
"GSM5005054","Adventitial_Fib","GSE152042","PD",0
"GSM5005055","Adventitial_Fib","GSE152042","PD",0
"GSM5005056","Adventitial_Fib","GSE152042","PD",0
"GSM5005057","Adventitial_Fib","GSE152042","PD",0
"GSM5005058","Adventitial_Fib","GSE152042","PD",0
"GSM5005059","Adventitial_Fib","GSE152042","PD",0
"GSM5005060","Adventitial_Fib","GSE152042","PD",0
"GSM5005061","Adventitial_Fib","GSE152042","PD",0
"GSM5005062","Adventitial_Fib","GSE152042","PD",0
"GSM5177039","Adventitial_Fib","GSE152042","PD",0
"GSM5177040","Adventitial_Fib","GSE152042","PD",0
"GSM5177041","Adventitial_Fib","GSE152042","PD",0
"GSM5177042","Adventitial_Fib","GSE152042","PD",0
"GSM5177043","Adventitial_Fib","GSE152042","PD",0
"GSM5177044","Adventitial_Fib","GSE152042","PD",0
"GSM5220920","Adventitial_Fib","GSE152042","PD",0
"GSM5220921","Adventitial_Fib","GSE152042","PD",0
"GSM5220922","Adventitial_Fib","GSE152042","PD",0
"GSM5220923","Adventitial_Fib","GSE152042","PD",0
"GSM5220924","Adventitial_Fib","GSE152042","PD",0
"GSM5220925","Adventitial_Fib","GSE152042","PD",0
"GSM5220926","Adventitial_Fib","GSE152042","PD",0
"GSM5220927","Adventitial_Fib","GSE152042","PD",0
"GSM5220928","Adventitial_Fib","GSE152042","PD",0
"GSM4600897","ECM_Fib","GSE152042","PD",0
"GSM4600898","ECM_Fib","GSE152042","PD",2
"GSM4600899","ECM_Fib","GSE152042","PD",3
"GSM5005048","ECM_Fib","GSE152042","PD",0
"GSM5005049","ECM_Fib","GSE152042","PD",0
"GSM5005050","ECM_Fib","GSE152042","PD",0
"GSM5005051","ECM_Fib","GSE152042","PD",0
"GSM5005052","ECM_Fib","GSE152042","PD",0
"GSM5005053","ECM_Fib","GSE152042","PD",0
"GSM5005054","ECM_Fib","GSE152042","PD",0
"GSM5005055","ECM_Fib","GSE152042","PD",0
"GSM5005056","ECM_Fib","GSE152042","PD",0
"GSM5005057","ECM_Fib","GSE152042","PD",0
"GSM5005058","ECM_Fib","GSE152042","PD",0
"GSM5005059","ECM_Fib","GSE152042","PD",0
"GSM5005060","ECM_Fib","GSE152042","PD",0
"GSM5005061","ECM_Fib","GSE152042","PD",0
"GSM5005062","ECM_Fib","GSE152042","PD",0
"GSM5177039","ECM_Fib","GSE152042","PD",0
"GSM5177040","ECM_Fib","GSE152042","PD",0
"GSM5177041","ECM_Fib","GSE152042","PD",0
"GSM5177042","ECM_Fib","GSE152042","PD",0
"GSM5177043","ECM_Fib","GSE152042","PD",0
"GSM5177044","ECM_Fib","GSE152042","PD",0
"GSM5220920","ECM_Fib","GSE152042","PD",0
"GSM5220921","ECM_Fib","GSE152042","PD",0
"GSM5220922","ECM_Fib","GSE152042","PD",0
"GSM5220923","ECM_Fib","GSE152042","PD",0
"GSM5220924","ECM_Fib","GSE152042","PD",0
"GSM5220925","ECM_Fib","GSE152042","PD",0
"GSM5220926","ECM_Fib","GSE152042","PD",0
"GSM5220927","ECM_Fib","GSE152042","PD",0
"GSM5220928","ECM_Fib","GSE152042","PD",0
"GSM4600897","Activated_Fib","GSE152042","PD",0
"GSM4600898","Activated_Fib","GSE152042","PD",2
"GSM4600899","Activated_Fib","GSE152042","PD",0
"GSM5005048","Activated_Fib","GSE152042","PD",0
"GSM5005049","Activated_Fib","GSE152042","PD",0
"GSM5005050","Activated_Fib","GSE152042","PD",0
"GSM5005051","Activated_Fib","GSE152042","PD",0
"GSM5005052","Activated_Fib","GSE152042","PD",0
"GSM5005053","Activated_Fib","GSE152042","PD",0
"GSM5005054","Activated_Fib","GSE152042","PD",0
"GSM5005055","Activated_Fib","GSE152042","PD",0
"GSM5005056","Activated_Fib","GSE152042","PD",0
"GSM5005057","Activated_Fib","GSE152042","PD",0
"GSM5005058","Activated_Fib","GSE152042","PD",0
"GSM5005059","Activated_Fib","GSE152042","PD",0
"GSM5005060","Activated_Fib","GSE152042","PD",0
"GSM5005061","Activated_Fib","GSE152042","PD",0
"GSM5005062","Activated_Fib","GSE152042","PD",0
"GSM5177039","Activated_Fib","GSE152042","PD",0
"GSM5177040","Activated_Fib","GSE152042","PD",0
"GSM5177041","Activated_Fib","GSE152042","PD",0
"GSM5177042","Activated_Fib","GSE152042","PD",0
"GSM5177043","Activated_Fib","GSE152042","PD",0
"GSM5177044","Activated_Fib","GSE152042","PD",0
"GSM5220920","Activated_Fib","GSE152042","PD",0
"GSM5220921","Activated_Fib","GSE152042","PD",0
"GSM5220922","Activated_Fib","GSE152042","PD",0
"GSM5220923","Activated_Fib","GSE152042","PD",0
"GSM5220924","Activated_Fib","GSE152042","PD",0
"GSM5220925","Activated_Fib","GSE152042","PD",0
"GSM5220926","Activated_Fib","GSE152042","PD",0
"GSM5220927","Activated_Fib","GSE152042","PD",0
"GSM5220928","Activated_Fib","GSE152042","PD",0
"GSM4600897","Inflammatory_Fib","GSE152042","PD",0
"GSM4600898","Inflammatory_Fib","GSE152042","PD",0
"GSM4600899","Inflammatory_Fib","GSE152042","PD",0
"GSM5005048","Inflammatory_Fib","GSE152042","PD",0
"GSM5005049","Inflammatory_Fib","GSE152042","PD",0
"GSM5005050","Inflammatory_Fib","GSE152042","PD",0
"GSM5005051","Inflammatory_Fib","GSE152042","PD",0
"GSM5005052","Inflammatory_Fib","GSE152042","PD",0
"GSM5005053","Inflammatory_Fib","GSE152042","PD",0
"GSM5005054","Inflammatory_Fib","GSE152042","PD",0
"GSM5005055","Inflammatory_Fib","GSE152042","PD",0
"GSM5005056","Inflammatory_Fib","GSE152042","PD",0
"GSM5005057","Inflammatory_Fib","GSE152042","PD",0
"GSM5005058","Inflammatory_Fib","GSE152042","PD",0
"GSM5005059","Inflammatory_Fib","GSE152042","PD",0
"GSM5005060","Inflammatory_Fib","GSE152042","PD",0
"GSM5005061","Inflammatory_Fib","GSE152042","PD",0
"GSM5005062","Inflammatory_Fib","GSE152042","PD",0
"GSM5177039","Inflammatory_Fib","GSE152042","PD",0
"GSM5177040","Inflammatory_Fib","GSE152042","PD",0
"GSM5177041","Inflammatory_Fib","GSE152042","PD",0
"GSM5177042","Inflammatory_Fib","GSE152042","PD",0
"GSM5177043","Inflammatory_Fib","GSE152042","PD",0
"GSM5177044","Inflammatory_Fib","GSE152042","PD",0
"GSM5220920","Inflammatory_Fib","GSE152042","PD",0
"GSM5220921","Inflammatory_Fib","GSE152042","PD",0
"GSM5220922","Inflammatory_Fib","GSE152042","PD",0
"GSM5220923","Inflammatory_Fib","GSE152042","PD",0
"GSM5220924","Inflammatory_Fib","GSE152042","PD",0
"GSM5220925","Inflammatory_Fib","GSE152042","PD",0
"GSM5220926","Inflammatory_Fib","GSE152042","PD",0
"GSM5220927","Inflammatory_Fib","GSE152042","PD",0
"GSM5220928","Inflammatory_Fib","GSE152042","PD",0
"GSM4600897","PI16_Fib","GSE164241","PD",0
"GSM4600898","PI16_Fib","GSE164241","PD",0
"GSM4600899","PI16_Fib","GSE164241","PD",0
"GSM5005048","PI16_Fib","GSE164241","PD",0
"GSM5005049","PI16_Fib","GSE164241","PD",0
"GSM5005050","PI16_Fib","GSE164241","PD",0
"GSM5005051","PI16_Fib","GSE164241","PD",0
"GSM5005052","PI16_Fib","GSE164241","PD",0
"GSM5005053","PI16_Fib","GSE164241","PD",0
"GSM5005054","PI16_Fib","GSE164241","PD",0
"GSM5005055","PI16_Fib","GSE164241","PD",0
"GSM5005056","PI16_Fib","GSE164241","PD",0
"GSM5005057","PI16_Fib","GSE164241","PD",0
"GSM5005058","PI16_Fib","GSE164241","PD",0
"GSM5005059","PI16_Fib","GSE164241","PD",1
"GSM5005060","PI16_Fib","GSE164241","PD",0
"GSM5005061","PI16_Fib","GSE164241","PD",0
"GSM5005062","PI16_Fib","GSE164241","PD",0
"GSM5177039","PI16_Fib","GSE164241","PD",0
"GSM5177040","PI16_Fib","GSE164241","PD",0
"GSM5177041","PI16_Fib","GSE164241","PD",0
"GSM5177042","PI16_Fib","GSE164241","PD",0
"GSM5177043","PI16_Fib","GSE164241","PD",6
"GSM5177044","PI16_Fib","GSE164241","PD",0
"GSM5220920","PI16_Fib","GSE164241","PD",0
"GSM5220921","PI16_Fib","GSE164241","PD",0
"GSM5220922","PI16_Fib","GSE164241","PD",0
"GSM5220923","PI16_Fib","GSE164241","PD",0
"GSM5220924","PI16_Fib","GSE164241","PD",0
"GSM5220925","PI16_Fib","GSE164241","PD",0
"GSM5220926","PI16_Fib","GSE164241","PD",0
"GSM5220927","PI16_Fib","GSE164241","PD",0
"GSM5220928","PI16_Fib","GSE164241","PD",0
"GSM4600897","Adventitial_Fib","GSE164241","PD",0
"GSM4600898","Adventitial_Fib","GSE164241","PD",0
"GSM4600899","Adventitial_Fib","GSE164241","PD",0
"GSM5005048","Adventitial_Fib","GSE164241","PD",0
"GSM5005049","Adventitial_Fib","GSE164241","PD",0
"GSM5005050","Adventitial_Fib","GSE164241","PD",0
"GSM5005051","Adventitial_Fib","GSE164241","PD",0
"GSM5005052","Adventitial_Fib","GSE164241","PD",0
"GSM5005053","Adventitial_Fib","GSE164241","PD",0
"GSM5005054","Adventitial_Fib","GSE164241","PD",0
"GSM5005055","Adventitial_Fib","GSE164241","PD",0
"GSM5005056","Adventitial_Fib","GSE164241","PD",0
"GSM5005057","Adventitial_Fib","GSE164241","PD",0
"GSM5005058","Adventitial_Fib","GSE164241","PD",4
"GSM5005059","Adventitial_Fib","GSE164241","PD",0
"GSM5005060","Adventitial_Fib","GSE164241","PD",7
"GSM5005061","Adventitial_Fib","GSE164241","PD",13
"GSM5005062","Adventitial_Fib","GSE164241","PD",0
"GSM5177039","Adventitial_Fib","GSE164241","PD",0
"GSM5177040","Adventitial_Fib","GSE164241","PD",0
"GSM5177041","Adventitial_Fib","GSE164241","PD",0
"GSM5177042","Adventitial_Fib","GSE164241","PD",7
"GSM5177043","Adventitial_Fib","GSE164241","PD",123
"GSM5177044","Adventitial_Fib","GSE164241","PD",0
"GSM5220920","Adventitial_Fib","GSE164241","PD",0
"GSM5220921","Adventitial_Fib","GSE164241","PD",0
"GSM5220922","Adventitial_Fib","GSE164241","PD",0
"GSM5220923","Adventitial_Fib","GSE164241","PD",0
"GSM5220924","Adventitial_Fib","GSE164241","PD",0
"GSM5220925","Adventitial_Fib","GSE164241","PD",0
"GSM5220926","Adventitial_Fib","GSE164241","PD",0
"GSM5220927","Adventitial_Fib","GSE164241","PD",0
"GSM5220928","Adventitial_Fib","GSE164241","PD",0
"GSM4600897","ECM_Fib","GSE164241","PD",0
"GSM4600898","ECM_Fib","GSE164241","PD",0
"GSM4600899","ECM_Fib","GSE164241","PD",0
"GSM5005048","ECM_Fib","GSE164241","PD",0
"GSM5005049","ECM_Fib","GSE164241","PD",0
"GSM5005050","ECM_Fib","GSE164241","PD",0
"GSM5005051","ECM_Fib","GSE164241","PD",0
"GSM5005052","ECM_Fib","GSE164241","PD",0
"GSM5005053","ECM_Fib","GSE164241","PD",0
"GSM5005054","ECM_Fib","GSE164241","PD",0
"GSM5005055","ECM_Fib","GSE164241","PD",0
"GSM5005056","ECM_Fib","GSE164241","PD",0
"GSM5005057","ECM_Fib","GSE164241","PD",0
"GSM5005058","ECM_Fib","GSE164241","PD",22
"GSM5005059","ECM_Fib","GSE164241","PD",3
"GSM5005060","ECM_Fib","GSE164241","PD",4
"GSM5005061","ECM_Fib","GSE164241","PD",80
"GSM5005062","ECM_Fib","GSE164241","PD",46
"GSM5177039","ECM_Fib","GSE164241","PD",0
"GSM5177040","ECM_Fib","GSE164241","PD",0
"GSM5177041","ECM_Fib","GSE164241","PD",0
"GSM5177042","ECM_Fib","GSE164241","PD",64
"GSM5177043","ECM_Fib","GSE164241","PD",113
"GSM5177044","ECM_Fib","GSE164241","PD",31
"GSM5220920","ECM_Fib","GSE164241","PD",0
"GSM5220921","ECM_Fib","GSE164241","PD",0
"GSM5220922","ECM_Fib","GSE164241","PD",0
"GSM5220923","ECM_Fib","GSE164241","PD",0
"GSM5220924","ECM_Fib","GSE164241","PD",0
"GSM5220925","ECM_Fib","GSE164241","PD",0
"GSM5220926","ECM_Fib","GSE164241","PD",0
"GSM5220927","ECM_Fib","GSE164241","PD",0
"GSM5220928","ECM_Fib","GSE164241","PD",0
"GSM4600897","Activated_Fib","GSE164241","PD",0
"GSM4600898","Activated_Fib","GSE164241","PD",0
"GSM4600899","Activated_Fib","GSE164241","PD",0
"GSM5005048","Activated_Fib","GSE164241","PD",0
"GSM5005049","Activated_Fib","GSE164241","PD",0
"GSM5005050","Activated_Fib","GSE164241","PD",0
"GSM5005051","Activated_Fib","GSE164241","PD",0
"GSM5005052","Activated_Fib","GSE164241","PD",0
"GSM5005053","Activated_Fib","GSE164241","PD",0
"GSM5005054","Activated_Fib","GSE164241","PD",0
"GSM5005055","Activated_Fib","GSE164241","PD",0
"GSM5005056","Activated_Fib","GSE164241","PD",0
"GSM5005057","Activated_Fib","GSE164241","PD",0
"GSM5005058","Activated_Fib","GSE164241","PD",142
"GSM5005059","Activated_Fib","GSE164241","PD",423
"GSM5005060","Activated_Fib","GSE164241","PD",71
"GSM5005061","Activated_Fib","GSE164241","PD",983
"GSM5005062","Activated_Fib","GSE164241","PD",623
"GSM5177039","Activated_Fib","GSE164241","PD",0
"GSM5177040","Activated_Fib","GSE164241","PD",0
"GSM5177041","Activated_Fib","GSE164241","PD",0
"GSM5177042","Activated_Fib","GSE164241","PD",358
"GSM5177043","Activated_Fib","GSE164241","PD",1098
"GSM5177044","Activated_Fib","GSE164241","PD",455
"GSM5220920","Activated_Fib","GSE164241","PD",0
"GSM5220921","Activated_Fib","GSE164241","PD",0
"GSM5220922","Activated_Fib","GSE164241","PD",0
"GSM5220923","Activated_Fib","GSE164241","PD",0
"GSM5220924","Activated_Fib","GSE164241","PD",0
"GSM5220925","Activated_Fib","GSE164241","PD",0
"GSM5220926","Activated_Fib","GSE164241","PD",0
"GSM5220927","Activated_Fib","GSE164241","PD",0
"GSM5220928","Activated_Fib","GSE164241","PD",0
"GSM4600897","Inflammatory_Fib","GSE164241","PD",0
"GSM4600898","Inflammatory_Fib","GSE164241","PD",0
"GSM4600899","Inflammatory_Fib","GSE164241","PD",0
"GSM5005048","Inflammatory_Fib","GSE164241","PD",0
"GSM5005049","Inflammatory_Fib","GSE164241","PD",0
"GSM5005050","Inflammatory_Fib","GSE164241","PD",0
"GSM5005051","Inflammatory_Fib","GSE164241","PD",0
"GSM5005052","Inflammatory_Fib","GSE164241","PD",0
"GSM5005053","Inflammatory_Fib","GSE164241","PD",0
"GSM5005054","Inflammatory_Fib","GSE164241","PD",0
"GSM5005055","Inflammatory_Fib","GSE164241","PD",0
"GSM5005056","Inflammatory_Fib","GSE164241","PD",0
"GSM5005057","Inflammatory_Fib","GSE164241","PD",0
"GSM5005058","Inflammatory_Fib","GSE164241","PD",26
"GSM5005059","Inflammatory_Fib","GSE164241","PD",0
"GSM5005060","Inflammatory_Fib","GSE164241","PD",8
"GSM5005061","Inflammatory_Fib","GSE164241","PD",11
"GSM5005062","Inflammatory_Fib","GSE164241","PD",0
"GSM5177039","Inflammatory_Fib","GSE164241","PD",0
"GSM5177040","Inflammatory_Fib","GSE164241","PD",0
"GSM5177041","Inflammatory_Fib","GSE164241","PD",0
"GSM5177042","Inflammatory_Fib","GSE164241","PD",9
"GSM5177043","Inflammatory_Fib","GSE164241","PD",2
"GSM5177044","Inflammatory_Fib","GSE164241","PD",6
"GSM5220920","Inflammatory_Fib","GSE164241","PD",0
"GSM5220921","Inflammatory_Fib","GSE164241","PD",0
"GSM5220922","Inflammatory_Fib","GSE164241","PD",0
"GSM5220923","Inflammatory_Fib","GSE164241","PD",0
"GSM5220924","Inflammatory_Fib","GSE164241","PD",0
"GSM5220925","Inflammatory_Fib","GSE164241","PD",0
"GSM5220926","Inflammatory_Fib","GSE164241","PD",0
"GSM5220927","Inflammatory_Fib","GSE164241","PD",0
"GSM5220928","Inflammatory_Fib","GSE164241","PD",0
"GSM4600897","PI16_Fib","GSE171213","PD",0
"GSM4600898","PI16_Fib","GSE171213","PD",0
"GSM4600899","PI16_Fib","GSE171213","PD",0
"GSM5005048","PI16_Fib","GSE171213","PD",0
"GSM5005049","PI16_Fib","GSE171213","PD",0
"GSM5005050","PI16_Fib","GSE171213","PD",0
"GSM5005051","PI16_Fib","GSE171213","PD",0
"GSM5005052","PI16_Fib","GSE171213","PD",0
"GSM5005053","PI16_Fib","GSE171213","PD",0
"GSM5005054","PI16_Fib","GSE171213","PD",0
"GSM5005055","PI16_Fib","GSE171213","PD",0
"GSM5005056","PI16_Fib","GSE171213","PD",0
"GSM5005057","PI16_Fib","GSE171213","PD",0
"GSM5005058","PI16_Fib","GSE171213","PD",0
"GSM5005059","PI16_Fib","GSE171213","PD",0
"GSM5005060","PI16_Fib","GSE171213","PD",0
"GSM5005061","PI16_Fib","GSE171213","PD",0
"GSM5005062","PI16_Fib","GSE171213","PD",0
"GSM5177039","PI16_Fib","GSE171213","PD",0
"GSM5177040","PI16_Fib","GSE171213","PD",0
"GSM5177041","PI16_Fib","GSE171213","PD",0
"GSM5177042","PI16_Fib","GSE171213","PD",0
"GSM5177043","PI16_Fib","GSE171213","PD",0
"GSM5177044","PI16_Fib","GSE171213","PD",0
"GSM5220920","PI16_Fib","GSE171213","PD",0
"GSM5220921","PI16_Fib","GSE171213","PD",0
"GSM5220922","PI16_Fib","GSE171213","PD",0
"GSM5220923","PI16_Fib","GSE171213","PD",0
"GSM5220924","PI16_Fib","GSE171213","PD",0
"GSM5220925","PI16_Fib","GSE171213","PD",0
"GSM5220926","PI16_Fib","GSE171213","PD",71
"GSM5220927","PI16_Fib","GSE171213","PD",4
"GSM5220928","PI16_Fib","GSE171213","PD",3
"GSM4600897","Adventitial_Fib","GSE171213","PD",0
"GSM4600898","Adventitial_Fib","GSE171213","PD",0
"GSM4600899","Adventitial_Fib","GSE171213","PD",0
"GSM5005048","Adventitial_Fib","GSE171213","PD",0
"GSM5005049","Adventitial_Fib","GSE171213","PD",0
"GSM5005050","Adventitial_Fib","GSE171213","PD",0
"GSM5005051","Adventitial_Fib","GSE171213","PD",0
"GSM5005052","Adventitial_Fib","GSE171213","PD",0
"GSM5005053","Adventitial_Fib","GSE171213","PD",0
"GSM5005054","Adventitial_Fib","GSE171213","PD",0
"GSM5005055","Adventitial_Fib","GSE171213","PD",0
"GSM5005056","Adventitial_Fib","GSE171213","PD",0
"GSM5005057","Adventitial_Fib","GSE171213","PD",0
"GSM5005058","Adventitial_Fib","GSE171213","PD",0
"GSM5005059","Adventitial_Fib","GSE171213","PD",0
"GSM5005060","Adventitial_Fib","GSE171213","PD",0
"GSM5005061","Adventitial_Fib","GSE171213","PD",0
"GSM5005062","Adventitial_Fib","GSE171213","PD",0
"GSM5177039","Adventitial_Fib","GSE171213","PD",0
"GSM5177040","Adventitial_Fib","GSE171213","PD",0
"GSM5177041","Adventitial_Fib","GSE171213","PD",0
"GSM5177042","Adventitial_Fib","GSE171213","PD",0
"GSM5177043","Adventitial_Fib","GSE171213","PD",0
"GSM5177044","Adventitial_Fib","GSE171213","PD",0
"GSM5220920","Adventitial_Fib","GSE171213","PD",0
"GSM5220921","Adventitial_Fib","GSE171213","PD",0
"GSM5220922","Adventitial_Fib","GSE171213","PD",0
"GSM5220923","Adventitial_Fib","GSE171213","PD",0
"GSM5220924","Adventitial_Fib","GSE171213","PD",0
"GSM5220925","Adventitial_Fib","GSE171213","PD",1
"GSM5220926","Adventitial_Fib","GSE171213","PD",11
"GSM5220927","Adventitial_Fib","GSE171213","PD",0
"GSM5220928","Adventitial_Fib","GSE171213","PD",3
"GSM4600897","ECM_Fib","GSE171213","PD",0
"GSM4600898","ECM_Fib","GSE171213","PD",0
"GSM4600899","ECM_Fib","GSE171213","PD",0
"GSM5005048","ECM_Fib","GSE171213","PD",0
"GSM5005049","ECM_Fib","GSE171213","PD",0
"GSM5005050","ECM_Fib","GSE171213","PD",0
"GSM5005051","ECM_Fib","GSE171213","PD",0
"GSM5005052","ECM_Fib","GSE171213","PD",0
"GSM5005053","ECM_Fib","GSE171213","PD",0
"GSM5005054","ECM_Fib","GSE171213","PD",0
"GSM5005055","ECM_Fib","GSE171213","PD",0
"GSM5005056","ECM_Fib","GSE171213","PD",0
"GSM5005057","ECM_Fib","GSE171213","PD",0
"GSM5005058","ECM_Fib","GSE171213","PD",0
"GSM5005059","ECM_Fib","GSE171213","PD",0
"GSM5005060","ECM_Fib","GSE171213","PD",0
"GSM5005061","ECM_Fib","GSE171213","PD",0
"GSM5005062","ECM_Fib","GSE171213","PD",0
"GSM5177039","ECM_Fib","GSE171213","PD",0
"GSM5177040","ECM_Fib","GSE171213","PD",0
"GSM5177041","ECM_Fib","GSE171213","PD",0
"GSM5177042","ECM_Fib","GSE171213","PD",0
"GSM5177043","ECM_Fib","GSE171213","PD",0
"GSM5177044","ECM_Fib","GSE171213","PD",0
"GSM5220920","ECM_Fib","GSE171213","PD",0
"GSM5220921","ECM_Fib","GSE171213","PD",0
"GSM5220922","ECM_Fib","GSE171213","PD",0
"GSM5220923","ECM_Fib","GSE171213","PD",0
"GSM5220924","ECM_Fib","GSE171213","PD",264
"GSM5220925","ECM_Fib","GSE171213","PD",136
"GSM5220926","ECM_Fib","GSE171213","PD",84
"GSM5220927","ECM_Fib","GSE171213","PD",2
"GSM5220928","ECM_Fib","GSE171213","PD",69
"GSM4600897","Activated_Fib","GSE171213","PD",0
"GSM4600898","Activated_Fib","GSE171213","PD",0
"GSM4600899","Activated_Fib","GSE171213","PD",0
"GSM5005048","Activated_Fib","GSE171213","PD",0
"GSM5005049","Activated_Fib","GSE171213","PD",0
"GSM5005050","Activated_Fib","GSE171213","PD",0
"GSM5005051","Activated_Fib","GSE171213","PD",0
"GSM5005052","Activated_Fib","GSE171213","PD",0
"GSM5005053","Activated_Fib","GSE171213","PD",0
"GSM5005054","Activated_Fib","GSE171213","PD",0
"GSM5005055","Activated_Fib","GSE171213","PD",0
"GSM5005056","Activated_Fib","GSE171213","PD",0
"GSM5005057","Activated_Fib","GSE171213","PD",0
"GSM5005058","Activated_Fib","GSE171213","PD",0
"GSM5005059","Activated_Fib","GSE171213","PD",0
"GSM5005060","Activated_Fib","GSE171213","PD",0
"GSM5005061","Activated_Fib","GSE171213","PD",0
"GSM5005062","Activated_Fib","GSE171213","PD",0
"GSM5177039","Activated_Fib","GSE171213","PD",0
"GSM5177040","Activated_Fib","GSE171213","PD",0
"GSM5177041","Activated_Fib","GSE171213","PD",0
"GSM5177042","Activated_Fib","GSE171213","PD",0
"GSM5177043","Activated_Fib","GSE171213","PD",0
"GSM5177044","Activated_Fib","GSE171213","PD",0
"GSM5220920","Activated_Fib","GSE171213","PD",0
"GSM5220921","Activated_Fib","GSE171213","PD",0
"GSM5220922","Activated_Fib","GSE171213","PD",0
"GSM5220923","Activated_Fib","GSE171213","PD",0
"GSM5220924","Activated_Fib","GSE171213","PD",4
"GSM5220925","Activated_Fib","GSE171213","PD",6
"GSM5220926","Activated_Fib","GSE171213","PD",6
"GSM5220927","Activated_Fib","GSE171213","PD",0
"GSM5220928","Activated_Fib","GSE171213","PD",3
"GSM4600897","Inflammatory_Fib","GSE171213","PD",0
"GSM4600898","Inflammatory_Fib","GSE171213","PD",0
"GSM4600899","Inflammatory_Fib","GSE171213","PD",0
"GSM5005048","Inflammatory_Fib","GSE171213","PD",0
"GSM5005049","Inflammatory_Fib","GSE171213","PD",0
"GSM5005050","Inflammatory_Fib","GSE171213","PD",0
"GSM5005051","Inflammatory_Fib","GSE171213","PD",0
"GSM5005052","Inflammatory_Fib","GSE171213","PD",0
"GSM5005053","Inflammatory_Fib","GSE171213","PD",0
"GSM5005054","Inflammatory_Fib","GSE171213","PD",0
"GSM5005055","Inflammatory_Fib","GSE171213","PD",0
"GSM5005056","Inflammatory_Fib","GSE171213","PD",0
"GSM5005057","Inflammatory_Fib","GSE171213","PD",0
"GSM5005058","Inflammatory_Fib","GSE171213","PD",0
"GSM5005059","Inflammatory_Fib","GSE171213","PD",0
"GSM5005060","Inflammatory_Fib","GSE171213","PD",0
"GSM5005061","Inflammatory_Fib","GSE171213","PD",0
"GSM5005062","Inflammatory_Fib","GSE171213","PD",0
"GSM5177039","Inflammatory_Fib","GSE171213","PD",0
"GSM5177040","Inflammatory_Fib","GSE171213","PD",0
"GSM5177041","Inflammatory_Fib","GSE171213","PD",0
"GSM5177042","Inflammatory_Fib","GSE171213","PD",0
"GSM5177043","Inflammatory_Fib","GSE171213","PD",0
"GSM5177044","Inflammatory_Fib","GSE171213","PD",0
"GSM5220920","Inflammatory_Fib","GSE171213","PD",0
"GSM5220921","Inflammatory_Fib","GSE171213","PD",0
"GSM5220922","Inflammatory_Fib","GSE171213","PD",0
"GSM5220923","Inflammatory_Fib","GSE171213","PD",0
"GSM5220924","Inflammatory_Fib","GSE171213","PD",0
"GSM5220925","Inflammatory_Fib","GSE171213","PD",0
"GSM5220926","Inflammatory_Fib","GSE171213","PD",0
"GSM5220927","Inflammatory_Fib","GSE171213","PD",0
"GSM5220928","Inflammatory_Fib","GSE171213","PD",0
