"replicate","fold","model","n","auc"
1,1,"Locked4_C3",26,0.854545454545454
1,1,"Three_gene",26,0.854545454545454
1,1,"Alt4_EPHX2",26,0.854545454545454
1,2,"Locked4_C3",26,1
1,2,"Three_gene",26,0.993939393939394
1,2,"Alt4_EPHX2",26,0.993939393939394
1,3,"Locked4_C3",24,0.892857142857143
1,3,"Three_gene",24,0.892857142857143
1,3,"Alt4_EPHX2",24,0.892857142857143
1,4,"Locked4_C3",23,0.838461538461538
1,4,"Three_gene",23,0.853846153846154
1,4,"Alt4_EPHX2",23,0.846153846153846
1,5,"Locked4_C3",21,0.962962962962963
1,5,"Three_gene",21,0.981481481481482
1,5,"Alt4_EPHX2",21,0.962962962962963
2,1,"Locked4_C3",26,0.896969696969697
2,1,"Three_gene",26,0.903030303030303
2,1,"Alt4_EPHX2",26,0.903030303030303
2,2,"Locked4_C3",26,0.909090909090909
2,2,"Three_gene",26,0.903030303030303
2,2,"Alt4_EPHX2",26,0.915151515151515
2,3,"Locked4_C3",24,0.728571428571429
2,3,"Three_gene",24,0.721428571428571
2,3,"Alt4_EPHX2",24,0.721428571428571
2,4,"Locked4_C3",23,0.992307692307692
2,4,"Three_gene",23,0.992307692307692
2,4,"Alt4_EPHX2",23,0.992307692307692
2,5,"Locked4_C3",21,0.925925925925926
2,5,"Three_gene",21,0.925925925925926
2,5,"Alt4_EPHX2",21,0.925925925925926
3,1,"Locked4_C3",26,0.884848484848485
3,1,"Three_gene",26,0.884848484848485
3,1,"Alt4_EPHX2",26,0.878787878787879
3,2,"Locked4_C3",26,0.884848484848485
3,2,"Three_gene",26,0.878787878787879
3,2,"Alt4_EPHX2",26,0.872727272727273
3,3,"Locked4_C3",24,0.95
3,3,"Three_gene",24,0.942857142857143
3,3,"Alt4_EPHX2",24,0.928571428571429
3,4,"Locked4_C3",23,0.9
3,4,"Three_gene",23,0.892307692307692
3,4,"Alt4_EPHX2",23,0.9
3,5,"Locked4_C3",21,0.87962962962963
3,5,"Three_gene",21,0.898148148148148
3,5,"Alt4_EPHX2",21,0.898148148148148
4,1,"Locked4_C3",26,0.939393939393939
4,1,"Three_gene",26,0.939393939393939
4,1,"Alt4_EPHX2",26,0.939393939393939
4,2,"Locked4_C3",26,0.8
4,2,"Three_gene",26,0.824242424242424
4,2,"Alt4_EPHX2",26,0.824242424242424
4,3,"Locked4_C3",24,0.9
4,3,"Three_gene",24,0.9
4,3,"Alt4_EPHX2",24,0.9
4,4,"Locked4_C3",23,0.892307692307692
4,4,"Three_gene",23,0.9
4,4,"Alt4_EPHX2",23,0.907692307692308
4,5,"Locked4_C3",21,0.972222222222222
4,5,"Three_gene",21,0.953703703703704
4,5,"Alt4_EPHX2",21,0.962962962962963
5,1,"Locked4_C3",26,0.884848484848485
5,1,"Three_gene",26,0.896969696969697
5,1,"Alt4_EPHX2",26,0.896969696969697
5,2,"Locked4_C3",26,0.854545454545454
5,2,"Three_gene",26,0.848484848484849
5,2,"Alt4_EPHX2",26,0.83030303030303
5,3,"Locked4_C3",24,0.9
5,3,"Three_gene",24,0.914285714285714
5,3,"Alt4_EPHX2",24,0.914285714285714
5,4,"Locked4_C3",23,0.953846153846154
5,4,"Three_gene",23,0.953846153846154
5,4,"Alt4_EPHX2",23,0.953846153846154
5,5,"Locked4_C3",21,0.888888888888889
5,5,"Three_gene",21,0.898148148148148
5,5,"Alt4_EPHX2",21,0.898148148148148
6,1,"Locked4_C3",26,0.975757575757576
6,1,"Three_gene",26,0.963636363636364
6,1,"Alt4_EPHX2",26,0.96969696969697
6,2,"Locked4_C3",26,0.824242424242424
6,2,"Three_gene",26,0.824242424242424
6,2,"Alt4_EPHX2",26,0.836363636363636
6,3,"Locked4_C3",24,0.857142857142857
6,3,"Three_gene",24,0.864285714285714
6,3,"Alt4_EPHX2",24,0.864285714285714
6,4,"Locked4_C3",23,0.923076923076923
6,4,"Three_gene",23,0.9
6,4,"Alt4_EPHX2",23,0.9
6,5,"Locked4_C3",21,0.935185185185185
6,5,"Three_gene",21,0.935185185185185
6,5,"Alt4_EPHX2",21,0.925925925925926
7,1,"Locked4_C3",26,0.890909090909091
7,1,"Three_gene",26,0.927272727272727
7,1,"Alt4_EPHX2",26,0.909090909090909
7,2,"Locked4_C3",26,0.903030303030303
7,2,"Three_gene",26,0.915151515151515
7,2,"Alt4_EPHX2",26,0.915151515151515
7,3,"Locked4_C3",24,0.85
7,3,"Three_gene",24,0.828571428571429
7,3,"Alt4_EPHX2",24,0.842857142857143
7,4,"Locked4_C3",23,0.915384615384615
7,4,"Three_gene",23,0.938461538461538
7,4,"Alt4_EPHX2",23,0.938461538461538
7,5,"Locked4_C3",21,0.962962962962963
7,5,"Three_gene",21,0.962962962962963
7,5,"Alt4_EPHX2",21,0.953703703703704
8,1,"Locked4_C3",26,0.975757575757576
8,1,"Three_gene",26,0.981818181818182
8,1,"Alt4_EPHX2",26,0.981818181818182
8,2,"Locked4_C3",26,0.787878787878788
8,2,"Three_gene",26,0.806060606060606
8,2,"Alt4_EPHX2",26,0.8
8,3,"Locked4_C3",24,0.964285714285714
8,3,"Three_gene",24,0.95
8,3,"Alt4_EPHX2",24,0.957142857142857
8,4,"Locked4_C3",23,0.807692307692308
8,4,"Three_gene",23,0.823076923076923
8,4,"Alt4_EPHX2",23,0.830769230769231
8,5,"Locked4_C3",21,0.962962962962963
8,5,"Three_gene",21,0.962962962962963
8,5,"Alt4_EPHX2",21,0.962962962962963
9,1,"Locked4_C3",26,0.957575757575758
9,1,"Three_gene",26,0.963636363636364
9,1,"Alt4_EPHX2",26,0.951515151515152
9,2,"Locked4_C3",26,0.890909090909091
9,2,"Three_gene",26,0.890909090909091
9,2,"Alt4_EPHX2",26,0.890909090909091
9,3,"Locked4_C3",24,0.971428571428571
9,3,"Three_gene",24,0.964285714285714
9,3,"Alt4_EPHX2",24,0.964285714285714
9,4,"Locked4_C3",23,0.876923076923077
9,4,"Three_gene",23,0.861538461538462
9,4,"Alt4_EPHX2",23,0.869230769230769
9,5,"Locked4_C3",21,0.833333333333333
9,5,"Three_gene",21,0.814814814814815
9,5,"Alt4_EPHX2",21,0.814814814814815
10,1,"Locked4_C3",26,0.890909090909091
10,1,"Three_gene",26,0.890909090909091
10,1,"Alt4_EPHX2",26,0.890909090909091
10,2,"Locked4_C3",26,0.836363636363636
10,2,"Three_gene",26,0.83030303030303
10,2,"Alt4_EPHX2",26,0.83030303030303
10,3,"Locked4_C3",24,0.942857142857143
10,3,"Three_gene",24,0.95
10,3,"Alt4_EPHX2",24,0.95
10,4,"Locked4_C3",23,0.915384615384615
10,4,"Three_gene",23,0.892307692307692
10,4,"Alt4_EPHX2",23,0.907692307692308
10,5,"Locked4_C3",21,0.898148148148148
10,5,"Three_gene",21,0.935185185185185
10,5,"Alt4_EPHX2",21,0.935185185185185
11,1,"Locked4_C3",26,0.903030303030303
11,1,"Three_gene",26,0.915151515151515
11,1,"Alt4_EPHX2",26,0.915151515151515
11,2,"Locked4_C3",26,0.921212121212121
11,2,"Three_gene",26,0.915151515151515
11,2,"Alt4_EPHX2",26,0.909090909090909
11,3,"Locked4_C3",24,0.95
11,3,"Three_gene",24,0.95
11,3,"Alt4_EPHX2",24,0.935714285714286
11,4,"Locked4_C3",23,0.807692307692308
11,4,"Three_gene",23,0.823076923076923
11,4,"Alt4_EPHX2",23,0.792307692307692
11,5,"Locked4_C3",21,0.916666666666667
11,5,"Three_gene",21,0.916666666666667
11,5,"Alt4_EPHX2",21,0.916666666666667
12,1,"Locked4_C3",26,0.739393939393939
12,1,"Three_gene",26,0.787878787878788
12,1,"Alt4_EPHX2",26,0.787878787878788
12,2,"Locked4_C3",26,0.890909090909091
12,2,"Three_gene",26,0.890909090909091
12,2,"Alt4_EPHX2",26,0.884848484848485
12,3,"Locked4_C3",24,0.871428571428571
12,3,"Three_gene",24,0.885714285714286
12,3,"Alt4_EPHX2",24,0.892857142857143
12,4,"Locked4_C3",23,0.823076923076923
12,4,"Three_gene",23,0.807692307692308
12,4,"Alt4_EPHX2",23,0.815384615384615
12,5,"Locked4_C3",21,0.990740740740741
12,5,"Three_gene",21,1
12,5,"Alt4_EPHX2",21,0.981481481481482
13,1,"Locked4_C3",26,0.945454545454545
13,1,"Three_gene",26,0.945454545454545
13,1,"Alt4_EPHX2",26,0.939393939393939
13,2,"Locked4_C3",26,0.939393939393939
13,2,"Three_gene",26,0.939393939393939
13,2,"Alt4_EPHX2",26,0.933333333333333
13,3,"Locked4_C3",24,0.957142857142857
13,3,"Three_gene",24,0.95
13,3,"Alt4_EPHX2",24,0.95
13,4,"Locked4_C3",23,0.946153846153846
13,4,"Three_gene",23,0.930769230769231
13,4,"Alt4_EPHX2",23,0.938461538461538
13,5,"Locked4_C3",21,0.75
13,5,"Three_gene",21,0.787037037037037
13,5,"Alt4_EPHX2",21,0.796296296296296
14,1,"Locked4_C3",26,0.957575757575758
14,1,"Three_gene",26,0.951515151515152
14,1,"Alt4_EPHX2",26,0.951515151515152
14,2,"Locked4_C3",26,0.939393939393939
14,2,"Three_gene",26,0.945454545454545
14,2,"Alt4_EPHX2",26,0.939393939393939
14,3,"Locked4_C3",24,0.835714285714286
14,3,"Three_gene",24,0.828571428571429
14,3,"Alt4_EPHX2",24,0.778571428571429
14,4,"Locked4_C3",23,0.846153846153846
14,4,"Three_gene",23,0.884615384615385
14,4,"Alt4_EPHX2",23,0.876923076923077
14,5,"Locked4_C3",21,0.972222222222222
14,5,"Three_gene",21,0.953703703703704
14,5,"Alt4_EPHX2",21,0.944444444444444
15,1,"Locked4_C3",26,0.975757575757576
15,1,"Three_gene",26,0.975757575757576
15,1,"Alt4_EPHX2",26,0.981818181818182
15,2,"Locked4_C3",26,0.860606060606061
15,2,"Three_gene",26,0.866666666666667
15,2,"Alt4_EPHX2",26,0.866666666666667
15,3,"Locked4_C3",24,0.9
15,3,"Three_gene",24,0.9
15,3,"Alt4_EPHX2",24,0.914285714285714
15,4,"Locked4_C3",23,0.846153846153846
15,4,"Three_gene",23,0.876923076923077
15,4,"Alt4_EPHX2",23,0.869230769230769
15,5,"Locked4_C3",21,0.944444444444444
15,5,"Three_gene",21,0.935185185185185
15,5,"Alt4_EPHX2",21,0.935185185185185
16,1,"Locked4_C3",26,0.890909090909091
16,1,"Three_gene",26,0.884848484848485
16,1,"Alt4_EPHX2",26,0.878787878787879
16,2,"Locked4_C3",26,0.939393939393939
16,2,"Three_gene",26,0.933333333333333
16,2,"Alt4_EPHX2",26,0.933333333333333
16,3,"Locked4_C3",24,0.935714285714286
16,3,"Three_gene",24,0.914285714285714
16,3,"Alt4_EPHX2",24,0.9
16,4,"Locked4_C3",23,0.815384615384615
16,4,"Three_gene",23,0.815384615384615
16,4,"Alt4_EPHX2",23,0.823076923076923
16,5,"Locked4_C3",21,0.935185185185185
16,5,"Three_gene",21,0.935185185185185
16,5,"Alt4_EPHX2",21,0.935185185185185
17,1,"Locked4_C3",26,0.896969696969697
17,1,"Three_gene",26,0.896969696969697
17,1,"Alt4_EPHX2",26,0.896969696969697
17,2,"Locked4_C3",26,0.957575757575758
17,2,"Three_gene",26,0.957575757575758
17,2,"Alt4_EPHX2",26,0.957575757575758
17,3,"Locked4_C3",24,0.8
17,3,"Three_gene",24,0.821428571428571
17,3,"Alt4_EPHX2",24,0.821428571428571
17,4,"Locked4_C3",23,0.892307692307692
17,4,"Three_gene",23,0.884615384615385
17,4,"Alt4_EPHX2",23,0.884615384615385
17,5,"Locked4_C3",21,0.962962962962963
17,5,"Three_gene",21,0.962962962962963
17,5,"Alt4_EPHX2",21,0.962962962962963
18,1,"Locked4_C3",26,0.836363636363636
18,1,"Three_gene",26,0.83030303030303
18,1,"Alt4_EPHX2",26,0.836363636363636
18,2,"Locked4_C3",26,0.927272727272727
18,2,"Three_gene",26,0.933333333333333
18,2,"Alt4_EPHX2",26,0.921212121212121
18,3,"Locked4_C3",24,0.721428571428571
18,3,"Three_gene",24,0.721428571428571
18,3,"Alt4_EPHX2",24,0.721428571428571
18,4,"Locked4_C3",23,0.992307692307692
18,4,"Three_gene",23,0.992307692307692
18,4,"Alt4_EPHX2",23,0.992307692307692
18,5,"Locked4_C3",21,0.962962962962963
18,5,"Three_gene",21,0.962962962962963
18,5,"Alt4_EPHX2",21,0.962962962962963
19,1,"Locked4_C3",26,0.860606060606061
19,1,"Three_gene",26,0.860606060606061
19,1,"Alt4_EPHX2",26,0.860606060606061
19,2,"Locked4_C3",26,0.981818181818182
19,2,"Three_gene",26,0.96969696969697
19,2,"Alt4_EPHX2",26,0.96969696969697
19,3,"Locked4_C3",24,0.864285714285714
19,3,"Three_gene",24,0.892857142857143
19,3,"Alt4_EPHX2",24,0.892857142857143
19,4,"Locked4_C3",23,0.969230769230769
19,4,"Three_gene",23,0.961538461538462
19,4,"Alt4_EPHX2",23,0.969230769230769
19,5,"Locked4_C3",21,0.796296296296296
19,5,"Three_gene",21,0.796296296296296
19,5,"Alt4_EPHX2",21,0.777777777777778
20,1,"Locked4_C3",26,0.945454545454545
20,1,"Three_gene",26,0.957575757575758
20,1,"Alt4_EPHX2",26,0.957575757575758
20,2,"Locked4_C3",26,0.96969696969697
20,2,"Three_gene",26,0.963636363636364
20,2,"Alt4_EPHX2",26,0.96969696969697
20,3,"Locked4_C3",24,0.9
20,3,"Three_gene",24,0.907142857142857
20,3,"Alt4_EPHX2",24,0.907142857142857
20,4,"Locked4_C3",23,0.846153846153846
20,4,"Three_gene",23,0.869230769230769
20,4,"Alt4_EPHX2",23,0.869230769230769
20,5,"Locked4_C3",21,0.842592592592593
20,5,"Three_gene",21,0.861111111111111
20,5,"Alt4_EPHX2",21,0.842592592592593
