"","orig.ident","nCount_Spatial","nFeature_Spatial","nCount_SCT","nFeature_SCT","SCT_snn_res.0.8","seurat_clusters","SCT_snn_res.0.5","SCT_snn_res.1","SCT_snn_res.0.9","SCT_snn_res.0.7","Region"
"AAACGAGACGGTTGAT-1","Visium",31476,7819,24539,7733,"5","5","4","10","3","4","Basal epithelium"
"AAAGGGATGTAGCAAG-1","Visium",51070,7556,23190,5453,"3","3","4","10","5","1","Suprabasal spinous"
"AAATGGTCAATGTGCC-1","Visium",5000,2455,19659,4597,"0","0","3","9","0","0","Immune stroma"
"AAATTAACGGGTAGCT-1","Visium",10315,4525,20627,4871,"0","0","3","9","0","0","Immune stroma"
"AACAACTGGTAGTTGC-1","Visium",36041,7322,24134,7125,"4","4","5","6","4","5","Junctional epithelium"
"AACAGGATGGGCCGCG-1","Visium",60516,7359,23656,4586,"4","4","5","6","4","5","Junctional epithelium"
"AACGCGGTCTCCAGCC-1","Visium",22982,3332,23099,3323,"2","2","4","11","2","3","Suprabasal keratinized"
"AACGTCAGACTAGTGG-1","Visium",14164,5023,21731,5012,"5","5","4","10","3","4","Basal epithelium"
"AACGTGCGAAAGTCTC-1","Visium",10102,4336,21081,4672,"1","1","3","7","1","2","Reticular stroma"
"AACTCAAGTTAATTGC-1","Visium",7878,3586,19711,4710,"0","0","3","9","0","0","Immune stroma"
"AAGACTGCAAGCTACT-1","Visium",2743,1692,19429,5688,"1","1","3","7","1","2","Reticular stroma"
"AAGAGCTCTTTATCGG-1","Visium",52045,8683,24067,6838,"3","3","4","10","3","4","Suprabasal spinous"
"AAGAGGCATGGATCGC-1","Visium",67357,9341,24091,6839,"3","3","4","10","3","4","Suprabasal spinous"
"AAGCTCGTGCCAAGTC-1","Visium",31245,7872,24526,7771,"5","5","4","10","3","4","Basal epithelium"
"AAGGAGCGGTTGGTGC-1","Visium",14103,4008,21812,4002,"0","0","3","9","7","0","Immune stroma"
"AAGGCGCGTAAAGCTT-1","Visium",60680,8014,22902,5337,"3","3","4","10","5","1","Suprabasal spinous"
"AAGGCTGTGCTCATCG-1","Visium",29579,7594,24551,7510,"4","4","5","6","4","5","Junctional epithelium"
"AAGTAGAAGACCGGGT-1","Visium",15317,2952,22503,2963,"2","2","4","11","2","3","Suprabasal keratinized"
"AATCGCCTCAGCGCCA-1","Visium",119861,9912,23044,5804,"3","3","4","10","5","1","Suprabasal spinous"
"AATGACTGTCAGCCGG-1","Visium",25515,6896,24198,6850,"5","5","4","10","3","4","Basal epithelium"
"AATGCAACCGGGTACC-1","Visium",44351,7982,24196,6924,"3","3","4","10","5","1","Suprabasal spinous"
"ACAACAGCATGAGCTA-1","Visium",53676,8803,23942,6795,"5","5","4","10","3","4","Basal epithelium"
"ACAAGGACAAGAGGTT-1","Visium",47064,8210,24217,6789,"4","4","5","6","4","5","Junctional epithelium"
"ACACAAAGACGGGTGG-1","Visium",29857,7389,24510,7359,"5","5","4","10","3","4","Basal epithelium"
"ACACCCAGCATGCAGC-1","Visium",36406,8179,24354,7889,"5","5","4","10","3","4","Basal epithelium"
"ACACCCGAGAAATCCG-1","Visium",26645,4845,23958,4824,"2","2","4","11","2","3","Suprabasal keratinized"
"ACACCTTAAGTAGGGC-1","Visium",13631,4298,21774,4316,"0","0","3","9","7","0","Immune stroma"
"ACACGAGACTCCTTCT-1","Visium",26672,7119,24453,7087,"5","5","4","10","3","4","Basal epithelium"
"ACACGGGAACTTAGGG-1","Visium",38332,5219,23546,4604,"6","6","4","11","6","1","Suprabasal granular"
"ACCACAAGTTTCTATC-1","Visium",8829,3879,20548,4549,"0","0","3","9","0","0","Immune stroma"
"ACCGACTGAGTCCCAC-1","Visium",34034,7538,24201,7437,"5","5","4","10","3","4","Basal epithelium"
"ACGATCATACATAGAG-1","Visium",36240,6987,23956,6756,"3","3","4","10","5","1","Suprabasal spinous"
"ACGATGCATATGTTAT-1","Visium",8107,3939,19546,4816,"0","0","3","9","0","0","Immune stroma"
"ACGCATTCGTGAGTAC-1","Visium",7895,3743,19997,4616,"0","0","3","9","0","0","Immune stroma"
"ACGCGGGCCAAGGACA-1","Visium",11685,4968,21269,5123,"0","0","3","9","0","0","Immune stroma"
"ACGTAGATTGCTGATG-1","Visium",2095,1276,20086,5958,"1","1","3","7","1","2","Reticular stroma"
"ACTACCAGCTCTCTGG-1","Visium",19157,5415,21967,5387,"0","0","3","9","7","0","Immune stroma"
"ACTCAATAAAGGCACG-1","Visium",23197,3549,23186,3538,"2","2","4","11","2","3","Suprabasal keratinized"
"ACTCGTCAGTAATCCC-1","Visium",30752,7988,24537,7898,"5","5","4","10","3","4","Basal epithelium"
"ACTCTTGTATAGTAAC-1","Visium",5161,2818,19334,4755,"0","0","3","7","0","0","Immune stroma"
"ACTGTACGATACACAT-1","Visium",29371,3508,23852,3497,"2","2","4","11","2","3","Suprabasal keratinized"
"ACTGTAGCACTTTGGA-1","Visium",39111,7313,24209,6830,"4","4","5","6","4","5","Junctional epithelium"
"ACTGTCCAGGATTATA-1","Visium",5349,2645,19780,4648,"0","0","3","9","0","0","Immune stroma"
"ACTGTCTTCTTTAGAA-1","Visium",4859,2525,20087,4646,"1","1","3","7","1","2","Reticular stroma"
"ACTTATTAGGATCGGT-1","Visium",2683,1653,19292,5763,"1","1","3","7","1","2","Reticular stroma"
"ACTTGGGACCCGGTGG-1","Visium",14272,3878,21701,3882,"0","0","3","9","7","0","Immune stroma"
"ACTTTCCTATAGCTTC-1","Visium",46630,8501,24370,7269,"5","5","4","10","3","4","Basal epithelium"
"AGAACGTGGTACATTC-1","Visium",60219,5805,22580,3204,"2","2","4","11","2","3","Suprabasal keratinized"
"AGACCCGCCCTCCTCG-1","Visium",12279,4812,22033,4883,"5","5","4","10","3","4","Basal epithelium"
"AGACTAGCCTTCCAGA-1","Visium",15425,4582,21849,4540,"0","0","3","9","7","0","Immune stroma"
"AGATAACTTCAGGGCC-1","Visium",7200,3139,20635,4316,"1","1","3","7","1","2","Reticular stroma"
"AGATCTCAGGTGTGAT-1","Visium",43929,5212,23203,3848,"2","2","4","11","2","3","Suprabasal keratinized"
"AGATGACTCGCCCACG-1","Visium",40364,6801,23859,6055,"6","6","4","11","6","1","Suprabasal granular"
"AGATTATAGGACGTTT-1","Visium",8366,3778,20036,4606,"0","0","3","9","0","0","Immune stroma"
"AGCACCAGTACTCACG-1","Visium",42370,8182,24475,7394,"5","5","4","10","3","4","Basal epithelium"
"AGCACTTAAGGACGCC-1","Visium",61187,8357,23295,5608,"4","4","5","6","4","5","Junctional epithelium"
"AGCATCGTCGATAATT-1","Visium",57341,8105,23121,5649,"3","3","4","10","5","1","Suprabasal spinous"
"AGCGACCAACGATATT-1","Visium",34897,7963,24231,7803,"5","5","4","10","3","4","Basal epithelium"
"AGGCCACCCGTTATGA-1","Visium",29389,7149,24441,7088,"4","4","5","6","4","5","Junctional epithelium"
"AGGCTATGGTTAGCTT-1","Visium",50754,5621,23405,3585,"2","2","5","6","2","3","Suprabasal keratinized"
"AGGGCTGCAGTTACAG-1","Visium",1896,1238,19449,6077,"1","1","3","7","1","2","Reticular stroma"
"AGGGTTTAGTTCGGGA-1","Visium",7647,3647,19912,4634,"0","0","3","9","0","0","Immune stroma"
"AGTATAATACTAGGCA-1","Visium",40961,5742,23500,4752,"6","6","5","6","6","1","Suprabasal granular"
"AGTCGGCCCAAACGAC-1","Visium",64367,8579,23360,5871,"4","4","5","6","4","5","Junctional epithelium"
"AGTCTTCTCCTCAAAT-1","Visium",49056,5086,22964,3227,"2","2","4","11","2","3","Suprabasal keratinized"
"AGTTCCTACAGAATTA-1","Visium",7841,3395,20432,4377,"0","0","3","9","0","0","Immune stroma"
"ATAAAGGCTCGGTCGT-1","Visium",10340,4227,20803,4649,"0","0","3","9","0","0","Immune stroma"
"ATAACGCCGGAGGGTC-1","Visium",57128,8522,23401,6143,"3","3","4","10","5","1","Suprabasal spinous"
"ATACTAGCATGACCCT-1","Visium",16737,3018,22358,3006,"2","2","4","11","2","3","Suprabasal keratinized"
"ATAGACGAAGAGAAAG-1","Visium",6097,2891,20314,4465,"0","0","3","7","0","0","Immune stroma"
"ATAGAGTACTGGGACA-1","Visium",5222,2822,19448,4758,"0","0","3","7","0","0","Immune stroma"
"ATAGGTTGGGCAGATG-1","Visium",20593,6291,22003,6255,"5","5","4","10","3","4","Basal epithelium"
"ATATCTTAGGGCCTTC-1","Visium",10578,4643,20575,4928,"0","0","3","9","0","0","Immune stroma"
"ATATTTAACCCTCAAG-1","Visium",7732,3743,19957,4642,"0","0","3","9","0","0","Immune stroma"
"ATCAATCTGGGCTGCA-1","Visium",4267,2343,19472,4783,"1","1","3","7","1","2","Reticular stroma"
"ATCCAACGCAGTCATA-1","Visium",41506,7877,24272,7148,"4","4","5","6","4","5","Junctional epithelium"
"ATCCAGGATTCGTGAA-1","Visium",2219,1438,19430,5918,"1","1","3","7","1","2","Reticular stroma"
"ATCGACTCTTTCCGTT-1","Visium",54299,6534,22711,4187,"6","6","4","11","6","1","Suprabasal granular"
"ATCGCACGCCGGGAGA-1","Visium",17663,5902,21771,5877,"5","5","4","10","3","4","Basal epithelium"
"ATCTTGACCTGCAACG-1","Visium",14196,3571,22008,3600,"0","0","3","9","7","0","Immune stroma"
"ATGAAGCCAAGGAGCC-1","Visium",45284,7643,23897,6352,"3","3","4","10","5","1","Suprabasal spinous"
"ATGAGGAGTGTTAATC-1","Visium",53373,7248,22877,4915,"6","6","5","6","6","1","Suprabasal granular"
"ATGCACTACCGCATTG-1","Visium",18119,4395,21971,4347,"0","0","3","9","7","0","Immune stroma"
"ATGCATGATCCAGGAT-1","Visium",38648,5814,23659,5182,"6","6","4","11","6","1","Suprabasal granular"
"ATGCCGGTCTTGCATA-1","Visium",53433,7892,23089,5586,"3","3","4","10","5","1","Suprabasal spinous"
"ATGCGACAGTCCCATT-1","Visium",2249,1377,19571,5902,"1","1","3","7","1","2","Reticular stroma"
"ATGGAGCAGGCCGTGA-1","Visium",7554,3764,19546,4758,"0","0","3","9","0","0","Immune stroma"
"ATGGATTGACCAAACG-1","Visium",41826,7771,24335,7037,"3","3","4","10","5","1","Suprabasal spinous"
"ATGTGCATCCGACGCA-1","Visium",53905,8632,23690,6446,"3","3","4","10","5","1","Suprabasal spinous"
"ATTAGATTGATAGCGG-1","Visium",12826,3133,22751,3258,"2","2","4","11","2","3","Suprabasal keratinized"
"ATTAGGCGATGCTTTC-1","Visium",4052,2181,20172,4717,"1","1","3","7","1","2","Reticular stroma"
"ATTATGCCATAGGGAG-1","Visium",50538,6475,22898,4430,"6","6","4","11","6","1","Suprabasal granular"
"ATTCCTCCGCCAGTGC-1","Visium",55307,8111,23207,5789,"3","3","4","10","5","1","Suprabasal spinous"
"ATTGAAGATCTTAGTG-1","Visium",6568,2930,20224,4369,"0","0","3","9","0","0","Immune stroma"
"ATTGCTGCTCCTCCAT-1","Visium",7548,3306,20037,4477,"0","0","3","9","0","0","Immune stroma"
"ATTTACAGTTTACTGG-1","Visium",43945,7511,23990,6338,"4","4","5","6","4","5","Junctional epithelium"
"CAAACGGTCGCACTTT-1","Visium",42232,8027,24396,7224,"4","4","5","6","4","5","Junctional epithelium"
"CAACGACCCGTTTACA-1","Visium",37933,4851,23610,4247,"2","2","4","11","2","3","Suprabasal keratinized"
"CAAGCAACGTCGGAGT-1","Visium",14896,5139,21751,5092,"4","4","3","7","4","5","Junctional epithelium"
"CAATTAAGGGTGATGA-1","Visium",20513,6420,21963,6380,"5","5","4","10","3","4","Basal epithelium"
"CAATTTCGTATAAGGG-1","Visium",3826,2127,19868,4754,"1","1","3","7","1","2","Reticular stroma"
"CACAGCACCCACGGCA-1","Visium",13843,5309,21348,5276,"0","0","3","9","0","0","Immune stroma"
"CACAGCTAGGGAGTGA-1","Visium",14701,3411,22510,3420,"2","2","2","8","2","3","Suprabasal keratinized"
"CACCGCCAGAAGGTTT-1","Visium",10154,4206,21349,4521,"5","5","4","10","3","4","Basal epithelium"
"CACGCAGCGAGGCTTT-1","Visium",18687,6074,21643,5987,"0","0","3","9","0","0","Immune stroma"
"CACTAAAGTTGCCTAT-1","Visium",8991,3805,20356,4537,"0","0","3","9","0","0","Immune stroma"
"CACTGTCCAAGTGAGA-1","Visium",38456,4748,23624,4043,"2","2","4","11","2","3","Suprabasal keratinized"
"CACTTAATCAGACGGA-1","Visium",9409,3829,20637,4458,"0","0","3","9","0","0","Immune stroma"
"CAGAGCATGAGCTTGC-1","Visium",35256,4477,23689,4170,"2","2","4","11","2","3","Suprabasal keratinized"
"CAGATACTAACATAGT-1","Visium",12239,3307,22257,3527,"0","0","3","9","7","0","Immune stroma"
"CAGCTCACTGAGACAT-1","Visium",8381,3702,20283,4523,"0","0","3","9","0","0","Immune stroma"
"CAGGCCGTTTGGGTGT-1","Visium",2942,1799,19246,5599,"1","1","3","7","1","2","Reticular stroma"
"CAGTTCAAATTGACAC-1","Visium",3485,1873,19890,5109,"1","1","3","7","1","2","Reticular stroma"
"CATACTATGTAATTGT-1","Visium",15386,5221,21340,5171,"0","0","3","9","0","0","Immune stroma"
"CATAGTAGCATAGTAG-1","Visium",26591,3620,23794,3607,"2","2","4","11","2","3","Suprabasal keratinized"
"CATGGTCTAGATACCG-1","Visium",42432,7615,24118,6770,"3","3","4","10","5","1","Suprabasal spinous"
"CATTATGCTTGTTGTG-1","Visium",4809,2506,20049,4670,"1","1","3","7","1","2","Reticular stroma"
"CCAAACAGAACCCTCG-1","Visium",54113,8349,23543,6191,"3","3","4","10","5","1","Suprabasal spinous"
"CCAACGATGCACTGAT-1","Visium",40366,7972,24537,7389,"4","4","5","6","4","5","Junctional epithelium"
"CCAAGCGTAACTCGTA-1","Visium",66963,9555,23876,6824,"5","5","4","10","3","4","Basal epithelium"
"CCAATAGTGCCGTCGA-1","Visium",2960,1642,20486,5502,"1","1","3","7","1","2","Reticular stroma"
"CCAATGTCACAGCAAG-1","Visium",11012,4288,20939,4646,"0","0","3","9","0","0","Immune stroma"
"CCAATTGAATGTTAAT-1","Visium",53104,6094,22628,3771,"6","6","4","11","6","1","Suprabasal granular"
"CCACACTGAGATATTA-1","Visium",3578,2083,19285,5114,"1","1","3","7","1","2","Reticular stroma"
"CCAGCCTGGACCAATA-1","Visium",3366,1842,20430,5175,"1","1","3","7","1","2","Reticular stroma"
"CCAGGGACGTGGCCTC-1","Visium",7524,3588,20235,4552,"0","0","3","7","0","0","Immune stroma"
"CCATGCCTGTTTAGTA-1","Visium",16368,6121,21313,6028,"0","0","3","9","0","0","Immune stroma"
"CCATGCTCTGCAGGAA-1","Visium",72351,8680,23177,5750,"3","3","4","10","5","1","Suprabasal spinous"
"CCATTAGCGATAATCC-1","Visium",13019,4746,21945,4730,"0","0","3","7","0","0","Immune stroma"
"CCATTCCCTGCCCACA-1","Visium",11451,4579,21644,4713,"4","4","5","6","4","5","Junctional epithelium"
"CCCGCCATGCTCCCGT-1","Visium",28892,4410,24024,4390,"2","2","4","11","2","3","Suprabasal keratinized"
"CCCGTCAGCGTCTGAC-1","Visium",40351,8182,24477,7614,"5","5","4","10","3","4","Basal epithelium"
"CCCTGAAATGAGTTGA-1","Visium",33393,7490,24439,7385,"4","4","5","6","4","5","Junctional epithelium"
"CCGCACAAAGACCAAC-1","Visium",79078,10190,24595,7443,"5","5","4","10","3","4","Basal epithelium"
"CCGGAATGGTTTCAGT-1","Visium",34458,4530,23715,4281,"2","2","5","6","2","3","Suprabasal keratinized"
"CCGGGCGGTCTCGTCA-1","Visium",36941,7268,24070,6953,"3","3","4","10","5","1","Suprabasal spinous"
"CCGTAAGTTGGTCCCA-1","Visium",37084,7861,24190,7582,"3","3","4","10","5","1","Suprabasal spinous"
"CCTACTGCTTACACTT-1","Visium",3403,1857,20051,5161,"1","1","3","7","1","2","Reticular stroma"
"CCTATGGGTTACCGTC-1","Visium",49465,8134,23833,6389,"3","3","4","10","5","1","Suprabasal spinous"
"CCTCTCTCCCATCTAG-1","Visium",18992,5739,21873,5697,"4","4","5","6","4","5","Junctional epithelium"
"CCTGCTATTTGAGAAG-1","Visium",2380,1471,19578,5847,"1","1","3","7","1","2","Reticular stroma"
"CCTGGCTAGACCCGCC-1","Visium",28980,7104,24477,7048,"4","4","5","6","4","5","Junctional epithelium"
"CCTGTAAGACATGATA-1","Visium",11332,4727,20636,4969,"0","0","3","9","0","0","Immune stroma"
"CCTGTCACCCGGGCTC-1","Visium",28133,7213,24478,7160,"5","5","4","10","3","4","Basal epithelium"
"CCTGTCGCCCGTAAAT-1","Visium",9119,4382,19919,4965,"0","0","3","9","0","0","Immune stroma"
"CGAAGTTGCTCTGTGT-1","Visium",67246,8303,23440,5473,"4","4","5","6","4","5","Junctional epithelium"
"CGACAGTTCGCGTTAT-1","Visium",7306,3450,19617,4613,"0","0","3","9","0","0","Immune stroma"
"CGAGAGATGTGAACCT-1","Visium",43988,5795,23253,4472,"6","6","4","11","6","1","Suprabasal granular"
"CGAGGCTAAATATGGC-1","Visium",46961,7438,23664,5949,"3","3","4","10","5","1","Suprabasal spinous"
"CGAGGGACTGCGGTCG-1","Visium",65508,8854,23499,6218,"3","3","4","10","5","1","Suprabasal spinous"
"CGATACCTCGCGGACA-1","Visium",2316,1557,18880,5937,"1","1","3","7","1","2","Reticular stroma"
"CGATCCGACCCAGTGC-1","Visium",6786,3350,19281,4749,"0","0","3","9","0","0","Immune stroma"
"CGCAAACACGAGTTAC-1","Visium",43313,7856,24135,6805,"4","4","5","6","4","5","Junctional epithelium"
"CGCAATTACTTTCGGT-1","Visium",55847,6031,22934,3754,"2","2","5","6","2","3","Suprabasal keratinized"
"CGCAATTAGGGTAATA-1","Visium",19473,5725,21853,5658,"0","0","3","9","7","0","Immune stroma"
"CGCATTAGCTAATAGG-1","Visium",23816,6893,23526,6814,"5","5","4","10","3","4","Basal epithelium"
"CGCCGCCCATGCCTGT-1","Visium",16129,3059,22486,3054,"2","2","4","11","2","3","Suprabasal keratinized"
"CGCGTTCATGAAATAC-1","Visium",4479,2379,19715,4687,"1","1","3","7","1","2","Reticular stroma"
"CGCTACGGGACATTTA-1","Visium",7787,3762,19533,4721,"0","0","3","9","0","0","Immune stroma"
"CGCTCGACATAATGAT-1","Visium",65167,8566,23179,5865,"3","3","4","10","5","1","Suprabasal spinous"
"CGCTCTCCGTAGATTA-1","Visium",54135,8677,24082,6610,"4","4","5","6","4","5","Junctional epithelium"
"CGCTGTGACGCCGCAC-1","Visium",2819,1712,19485,5632,"1","1","3","7","1","2","Reticular stroma"
"CGGAGTTTGAGAGACA-1","Visium",67357,8352,23346,5405,"4","4","5","6","4","5","Junctional epithelium"
"CGGCCACGCACAAAGT-1","Visium",19900,5522,21805,5432,"0","0","3","9","0","0","Immune stroma"
"CGGGATCAATGTAAGA-1","Visium",53203,8282,23346,6051,"3","3","4","10","5","1","Suprabasal spinous"
"CGGGCAGCTAAACCGC-1","Visium",7230,3495,19862,4591,"0","0","3","9","0","0","Immune stroma"
"CGTATTAAGAGATCTA-1","Visium",5028,2586,19618,4652,"0","0","3","9","0","0","Immune stroma"
"CGTGTCCCATTCGCGA-1","Visium",35124,7119,24045,6967,"4","4","5","6","4","5","Junctional epithelium"
"CGTTGTTTCAATTCCC-1","Visium",5047,2473,20290,4504,"1","1","3","7","1","2","Reticular stroma"
"CGTTTCGCTCATTACA-1","Visium",18210,6072,21540,6001,"0","0","3","9","0","0","Immune stroma"
"CTAATTCGCACGCGCT-1","Visium",47446,8309,23925,6689,"4","4","5","6","4","5","Junctional epithelium"
"CTACGCACGGAGTACC-1","Visium",3092,1810,19600,5463,"1","1","3","7","1","2","Reticular stroma"
"CTACTGCCACCTGACC-1","Visium",51051,8346,23748,6415,"3","3","4","10","5","1","Suprabasal spinous"
"CTAGCATAGTATAATG-1","Visium",2480,1525,19487,5801,"1","1","3","7","1","2","Reticular stroma"
"CTAGTCACGTCTTAAG-1","Visium",5037,2689,19958,4672,"1","1","3","7","1","2","Reticular stroma"
"CTAGTGAAGGACAGGA-1","Visium",5075,2545,20333,4548,"1","1","5","6","1","2","Reticular stroma"
"CTAGTTGGGCCCGGTA-1","Visium",42611,6525,23543,5411,"6","6","4","11","6","1","Suprabasal granular"
"CTATCGGGTCTCAACA-1","Visium",5378,2846,19560,4707,"1","1","3","7","1","2","Reticular stroma"
"CTATGTCACTAGCCCA-1","Visium",32305,7865,24529,7791,"5","5","4","10","3","4","Basal epithelium"
"CTCATTTGATGGGCGG-1","Visium",24059,3454,23474,3444,"2","2","4","11","2","3","Suprabasal keratinized"
"CTCGAGGTCGAACAGT-1","Visium",5066,2611,19963,4624,"1","1","3","7","1","2","Reticular stroma"
"CTCGCACCTATATAGT-1","Visium",21069,3876,22595,3866,"2","2","4","11","2","3","Suprabasal keratinized"
"CTCGGTACCACTGCTC-1","Visium",8585,1717,22472,3049,"2","2","4","11","2","3","Suprabasal keratinized"
"CTCTCACAATCGATGA-1","Visium",23413,6870,23312,6821,"5","5","4","10","3","4","Basal epithelium"
"CTCTGGACGCCTGGTG-1","Visium",4514,2512,19164,4733,"1","1","3","9","1","2","Reticular stroma"
"CTGGAAATGGATGCTT-1","Visium",14299,4316,21800,4298,"0","0","3","9","7","0","Immune stroma"
"CTGTTCACTGCCTGTG-1","Visium",84156,8830,23306,5753,"3","3","4","10","5","1","Suprabasal spinous"
"CTGTTCATCTCACGGG-1","Visium",49390,5499,22987,3500,"2","2","5","6","2","3","Suprabasal keratinized"
"CTTACACGGTATTCCA-1","Visium",22693,6544,22707,6414,"0","0","3","9","0","0","Immune stroma"
"CTTCATTGTCAGTGGA-1","Visium",6041,3059,19636,4646,"0","0","3","9","0","0","Immune stroma"
"CTTCGTAGATAGGTGA-1","Visium",5267,2768,18913,4783,"0","0","3","9","0","0","Immune stroma"
"CTTGTACTTGTTGACT-1","Visium",59679,6690,22555,4030,"6","6","4","11","6","1","Suprabasal granular"
"CTTGTTGCTGAGTCAA-1","Visium",109223,9169,22989,5364,"6","6","4","11","6","1","Suprabasal granular"
"CTTTGGCTTTAGTAAA-1","Visium",9466,3803,21130,4299,"4","4","3","7","4","5","Junctional epithelium"
"GAAAGTGACTAACTGC-1","Visium",52768,5843,23351,3683,"2","2","5","6","2","3","Suprabasal keratinized"
"GAAATGGCGGTGTTAG-1","Visium",7156,3052,20244,4342,"0","0","3","9","0","0","Immune stroma"
"GAACACACATCAACCA-1","Visium",50316,7953,23607,6100,"3","3","4","10","5","1","Suprabasal spinous"
"GAAGCGTGAGGAATTT-1","Visium",7731,3836,19819,4778,"0","0","3","9","0","0","Immune stroma"
"GAAGCTTGCTGACCGC-1","Visium",73084,8717,23273,5639,"4","4","5","6","4","5","Junctional epithelium"
"GAAGTGATTTATCGTG-1","Visium",5224,2838,19001,4834,"0","0","3","9","0","0","Immune stroma"
"GAAGTTTCCACTCAAT-1","Visium",12432,4433,21613,4615,"0","0","3","9","0","0","Immune stroma"
"GAATCGACATGGTCAC-1","Visium",12471,4087,22304,4173,"0","0","3","9","7","0","Immune stroma"
"GAATTATAGTGAAAGG-1","Visium",8630,4160,20039,4861,"0","0","3","9","0","0","Immune stroma"
"GAATTTCTCGCTGCAG-1","Visium",42382,6279,24001,5150,"4","4","5","6","4","5","Junctional epithelium"
"GACAACGCAGCTTACG-1","Visium",36810,4412,23570,3877,"2","2","4","11","2","3","Suprabasal keratinized"
"GACACAAGGGAAGAAA-1","Visium",40123,7682,24182,7045,"3","3","4","10","5","1","Suprabasal spinous"
"GACCAGAGCCCTGTAG-1","Visium",10902,4015,21504,4303,"0","0","3","9","0","0","Immune stroma"
"GACGTGTAGGGATTAT-1","Visium",34465,5438,23843,5246,"4","4","5","6","4","5","Junctional epithelium"
"GACTAAGATCATGCAC-1","Visium",35996,7603,24109,7412,"3","3","4","10","3","4","Suprabasal spinous"
"GACTAAGTAGGCTCAC-1","Visium",21417,5000,22423,4954,"0","0","3","9","7","0","Immune stroma"
"GAGACTGATGGGTAGA-1","Visium",5854,2864,20499,4489,"1","1","3","7","1","2","Reticular stroma"
"GAGAGGGCGCGAGGTT-1","Visium",4935,2796,18533,4901,"0","0","3","9","0","0","Immune stroma"
"GAGATCTGCTTGGCAT-1","Visium",3655,1969,19954,4969,"1","1","3","7","1","2","Reticular stroma"
"GAGATCTGTCACTCCG-1","Visium",54760,7680,22870,5168,"6","6","4","11","6","1","Suprabasal granular"
"GAGGAATGGAGAGGTT-1","Visium",68637,6654,23408,3777,"2","2","5","6","2","3","Suprabasal keratinized"
"GATATGAGACACTAAC-1","Visium",106949,7803,22575,3921,"6","6","4","11","6","3","Suprabasal granular"
"GATCATTCCAAACATT-1","Visium",8642,3622,20771,4371,"0","0","3","9","0","0","Immune stroma"
"GATCCCTTTATACTGC-1","Visium",45849,8318,24261,7059,"5","5","4","10","3","4","Basal epithelium"
"GATCGACACTATCTGA-1","Visium",13015,3633,22132,3736,"0","0","3","9","7","0","Immune stroma"
"GATCGCGGGCTCTCCA-1","Visium",9792,4190,20411,4705,"0","0","3","9","0","0","Immune stroma"
"GATCGGTGGCCATAAC-1","Visium",38254,7340,24135,6929,"3","3","4","10","5","1","Suprabasal spinous"
"GATGCGTCCTGCATTC-1","Visium",2787,1653,19865,5610,"1","1","3","7","1","2","Reticular stroma"
"GATTCCCTTGTCGCAG-1","Visium",37061,5628,23725,5200,"6","6","4","11","6","1","Suprabasal granular"
"GCAAATATTACGCTTT-1","Visium",2029,1207,20172,6024,"1","1","3","7","1","2","Reticular stroma"
"GCAAGTGCACAGAGAA-1","Visium",4568,2380,20100,4590,"1","1","3","7","1","2","Reticular stroma"
"GCAGATTAGGGATATC-1","Visium",3772,2156,19390,4917,"1","1","3","7","1","2","Reticular stroma"
"GCAGCACACAGCCCAG-1","Visium",3000,1824,18868,5631,"1","1","3","7","1","2","Reticular stroma"
"GCATAGAGCACTCAGG-1","Visium",3436,1932,19919,5157,"1","1","3","7","1","2","Reticular stroma"
"GCCCAGTTGGTATGCC-1","Visium",56141,7053,22666,4570,"6","6","4","11","6","1","Suprabasal granular"
"GCCCGCGCGTTTGACA-1","Visium",56943,5897,22693,3473,"2","2","4","11","2","3","Suprabasal keratinized"
"GCCGAAATTCCTACGT-1","Visium",11865,4436,21453,4633,"0","0","3","9","0","0","Immune stroma"
"GCCGCTTGTGAGAAAC-1","Visium",2117,1258,19867,5970,"1","1","3","7","1","2","Reticular stroma"
"GCCTAGCGATCTGACC-1","Visium",63718,7188,22532,4313,"6","6","4","11","6","1","Suprabasal granular"
"GCCTATTCCGATATAG-1","Visium",46730,4747,23751,3144,"2","2","5","6","2","3","Suprabasal keratinized"
"GCGAAGCCATACCCGT-1","Visium",3674,2016,19541,4939,"1","1","3","7","1","2","Reticular stroma"
"GCGAGGCCCGAGCAGA-1","Visium",12328,4605,21554,4819,"0","0","3","9","0","0","Immune stroma"
"GCGAGTTCTGCAAAGA-1","Visium",10116,4673,20402,5031,"0","0","3","9","0","0","Immune stroma"
"GCGCTAATTGAATAGA-1","Visium",6108,3100,20069,4585,"1","1","3","7","1","2","Reticular stroma"
"GCTAAGTAGTTTCTCT-1","Visium",57614,8056,22957,5492,"3","3","4","10","5","1","Suprabasal spinous"
"GCTAATACCGAATGCC-1","Visium",49198,8268,23721,6456,"3","3","4","10","5","1","Suprabasal spinous"
"GCTCTAAACCCTGACG-1","Visium",37173,7878,24313,7624,"5","5","4","10","3","4","Basal epithelium"
"GCTCTATGTTACGTGC-1","Visium",55830,8591,23670,6247,"4","4","5","6","4","5","Junctional epithelium"
"GCTCTCGGGTACCGAA-1","Visium",32447,7647,24453,7577,"5","5","4","10","3","4","Basal epithelium"
"GCTGCTCTCCGGACAC-1","Visium",2718,1590,20031,5657,"1","1","3","7","1","2","Reticular stroma"
"GCTTCCGTCCCTAGAC-1","Visium",13213,2512,22655,2678,"2","2","4","11","2","3","Suprabasal keratinized"
"GCTTGATGATAATCAG-1","Visium",52219,6084,22804,3948,"6","6","4","11","6","1","Suprabasal granular"
"GGAATGCGCTAGCGTG-1","Visium",25568,3385,23716,3374,"2","2","4","11","2","3","Suprabasal keratinized"
"GGAGAAGTCATTGGCA-1","Visium",29873,7224,24400,7186,"5","5","4","10","3","4","Basal epithelium"
"GGAGGGCTTGGTTGGC-1","Visium",63884,7733,22871,4939,"6","6","4","11","6","1","Suprabasal granular"
"GGAGTGCCGCCCTGGA-1","Visium",22267,4372,22827,4361,"2","2","4","11","2","3","Suprabasal keratinized"
"GGATCCGGAATATACT-1","Visium",63059,7812,22877,5025,"6","6","4","11","6","1","Suprabasal granular"
"GGATGACGCGAGTTTA-1","Visium",13299,5057,21172,5176,"0","0","3","9","0","0","Immune stroma"
"GGCAATAGTCAATGAG-1","Visium",47132,7967,23942,6503,"3","3","4","10","5","1","Suprabasal spinous"
"GGCACTCCACTGGGCA-1","Visium",10928,3954,21224,4329,"0","0","3","9","0","0","Immune stroma"
"GGCGGAGTAATATTAG-1","Visium",5531,2473,20550,4426,"0","0","3","9","0","0","Immune stroma"
"GGCGGTAGGATCATTG-1","Visium",66344,9616,24015,6930,"5","5","4","10","3","4","Basal epithelium"
"GGCGTCCTATCCGCTG-1","Visium",59476,7962,23542,5289,"4","4","5","6","4","5","Junctional epithelium"
"GGCTATTAAGTTGTAT-1","Visium",4214,2058,20570,4577,"1","1","3","7","1","2","Reticular stroma"
"GGCTCGTGCCACCAGC-1","Visium",73585,6349,22877,3340,"2","2","4","11","2","3","Suprabasal keratinized"
"GGCTCTGCTCCAACGC-1","Visium",30673,4308,23822,4281,"2","2","4","11","2","3","Suprabasal keratinized"
"GGGACTGCATAGATAG-1","Visium",9632,4167,20694,4575,"0","0","3","9","0","0","Immune stroma"
"GGGAGAACTCACAGTA-1","Visium",3736,2002,19799,4878,"1","1","3","7","1","2","Reticular stroma"
"GGGAGGATGCCCGAAA-1","Visium",9844,4589,20058,5041,"0","0","3","9","0","0","Immune stroma"
"GGGAGTTAATGAGGCG-1","Visium",50623,8522,23830,6648,"3","3","4","10","5","1","Suprabasal spinous"
"GGGCGATATGTGTGAA-1","Visium",5158,2565,20206,4527,"1","1","3","7","1","2","Reticular stroma"
"GGGCGTACATTTATAT-1","Visium",49660,8335,23959,6614,"5","5","4","10","3","4","Basal epithelium"
"GGGCTGCCTAGGGCGA-1","Visium",9697,4263,20913,4660,"1","1","3","7","1","2","Reticular stroma"
"GGGCTGGTTAGTCGCG-1","Visium",5795,2764,20297,4510,"0","0","3","9","0","0","Immune stroma"
"GGGTACTTCATGAACT-1","Visium",4582,2554,18859,4850,"0","0","3","9","0","0","Immune stroma"
"GGGTCACCGTGACGGT-1","Visium",12722,4482,21657,4613,"0","0","3","9","0","0","Immune stroma"
"GGTAGTGCTCGCACCA-1","Visium",19194,6500,21703,6442,"5","5","4","10","3","4","Basal epithelium"
"GGTATTGCCGAGTTTA-1","Visium",13126,4438,21704,4482,"0","0","3","9","0","0","Immune stroma"
"GGTGATAAGGAGCAGT-1","Visium",114146,10492,24212,7088,"3","3","4","10","5","1","Suprabasal spinous"
"GGTTAGGCTTGGAGAA-1","Visium",18722,5748,21838,5688,"4","4","3","7","4","5","Junctional epithelium"
"GTAAGCGGGCAGTCAG-1","Visium",42789,5400,23329,4184,"2","2","4","11","2","3","Suprabasal keratinized"
"GTAAGTAACAGTCTGG-1","Visium",28444,3770,23936,3754,"2","2","4","11","2","3","Suprabasal keratinized"
"GTAAGTAGGGTATACC-1","Visium",49821,7512,23258,5453,"4","4","5","6","4","5","Junctional epithelium"
"GTACACTTACCTGAAG-1","Visium",2274,1409,19891,5901,"1","1","3","7","1","2","Reticular stroma"
"GTACGAGATTGCGACA-1","Visium",37273,5955,23715,5498,"6","6","4","11","6","1","Suprabasal granular"
"GTACTAAGATTTGGAG-1","Visium",2915,1591,20756,5486,"1","1","3","7","1","2","Reticular stroma"
"GTACTGGAGTTAGACC-1","Visium",51251,6007,23008,3898,"2","2","4","11","2","3","Suprabasal keratinized"
"GTATAGGACTCAGTAG-1","Visium",13766,2502,22690,2608,"2","2","4","11","2","3","Suprabasal keratinized"
"GTATCAGCTTGGGTTC-1","Visium",28388,4823,24076,4800,"2","2","4","11","2","3","Suprabasal keratinized"
"GTCACTCTCCAAATCT-1","Visium",49436,4631,23489,2828,"2","2","5","6","2","3","Suprabasal keratinized"
"GTCAGAATAGTCTATG-1","Visium",67309,8131,23920,5187,"4","4","5","6","4","5","Junctional epithelium"
"GTCATGCACCTCCGTT-1","Visium",5235,2687,20126,4576,"1","1","3","7","1","2","Reticular stroma"
"GTCATGGACATGACTA-1","Visium",52077,8240,23695,6206,"3","3","4","10","5","1","Suprabasal spinous"
"GTCATTAGAGCGAACG-1","Visium",2196,1319,20387,5909,"1","1","3","7","1","2","Reticular stroma"
"GTCCCAACGTAAAGTA-1","Visium",17372,6112,21639,6068,"5","5","3","7","3","4","Basal epithelium"
"GTCCGGCTGAATTGCG-1","Visium",12417,3463,22203,3676,"0","0","3","9","7","0","Immune stroma"
"GTCGGATATCTCAGAC-1","Visium",28301,6874,24416,6824,"4","4","5","6","4","5","Junctional epithelium"
"GTGCGGGTCTCCAAAT-1","Visium",31545,3879,23779,3829,"2","2","4","11","2","3","Suprabasal keratinized"
"GTGCTCAAGTACTGTC-1","Visium",13310,5007,21409,5041,"0","0","3","9","0","0","Immune stroma"
"GTGGGCTTAGACACAC-1","Visium",35189,7300,24122,7147,"4","4","5","6","4","5","Junctional epithelium"
"GTGTGAATAACTTAGG-1","Visium",40442,4582,23607,3641,"2","2","4","11","2","3","Suprabasal keratinized"
"GTTCACAGGAGTCTAG-1","Visium",59111,7738,23237,5089,"4","4","5","6","4","5","Junctional epithelium"
"GTTCGCCATAAGTGCC-1","Visium",9737,4423,20244,4935,"0","0","3","9","0","0","Immune stroma"
"GTTGCACGGAGTTTCG-1","Visium",21497,6359,22280,6327,"5","5","4","10","3","4","Basal epithelium"
"GTTGGATTTGCGTTGG-1","Visium",7565,3348,19880,4459,"0","0","3","9","0","0","Immune stroma"
"GTTTCCTGGAGGGTGA-1","Visium",2161,1386,19572,5965,"1","1","3","7","1","2","Reticular stroma"
"GTTTGACCAAATCCTA-1","Visium",7157,3276,20171,4489,"0","0","3","9","0","0","Immune stroma"
"TAACAAAGGGAGAAGC-1","Visium",40819,4664,23494,3634,"2","2","5","6","2","3","Suprabasal keratinized"
"TAACTATCGAAGGTCC-1","Visium",70762,7806,22984,4921,"6","6","5","6","6","1","Suprabasal granular"
"TACGAACACGACTTCA-1","Visium",11498,4384,21479,4570,"0","0","3","9","0","0","Immune stroma"
"TACGAGAACTTCACGT-1","Visium",3139,1725,20303,5364,"1","1","3","7","1","2","Reticular stroma"
"TACGTGCACTATGCTG-1","Visium",39751,4240,23903,3339,"2","2","5","11","2","3","Suprabasal keratinized"
"TAGAAAGGTGGCGCTA-1","Visium",8575,1864,22125,3108,"2","2","4","11","2","3","Suprabasal keratinized"
"TAGAGTCTAAGCGAAC-1","Visium",3707,2089,19428,4936,"1","1","3","7","1","2","Reticular stroma"
"TAGCTAAGTCCGGGAG-1","Visium",3027,1659,19961,5468,"1","1","3","7","1","2","Reticular stroma"
"TAGGGTGTTTCAAGAG-1","Visium",31768,6928,24296,6886,"3","3","4","10","5","1","Suprabasal spinous"
"TAGGTGAGCCCTACTC-1","Visium",69984,7856,23134,4785,"4","4","5","6","4","5","Junctional epithelium"
"TAGGTTCGAGTTCGTC-1","Visium",8562,4057,20041,4745,"0","0","3","9","0","0","Immune stroma"
"TAGTGCCCTCCAGAGT-1","Visium",7148,3339,20197,4480,"0","0","3","9","0","0","Immune stroma"
"TATAAATCCACAAGCT-1","Visium",63482,8589,22951,5701,"3","3","4","10","5","1","Suprabasal spinous"
"TATAAGTGAGGATAGC-1","Visium",76376,7351,22576,4167,"6","6","4","11","6","1","Suprabasal granular"
"TATCGATGATTAAACG-1","Visium",49819,8726,24330,7132,"5","5","4","10","3","4","Basal epithelium"
"TATGCTCCCTACTTAC-1","Visium",52470,8361,23621,6258,"3","3","4","10","5","1","Suprabasal spinous"
"TATGGATGTGCTACGC-1","Visium",3813,2089,19880,4751,"1","1","3","7","1","2","Reticular stroma"
"TATGGGACCGAGCAGG-1","Visium",3827,2192,18876,4900,"1","1","3","7","1","2","Reticular stroma"
"TATGGGTACGTATCGT-1","Visium",7666,3083,20372,4238,"0","0","3","9","0","0","Immune stroma"
"TATGGTCTGAGTAACA-1","Visium",4423,2415,19261,4795,"1","1","3","7","1","2","Reticular stroma"
"TATTCAATTCTAATCC-1","Visium",66924,9462,24047,6907,"5","5","4","10","3","4","Basal epithelium"
"TATTCGTGCCAGAATA-1","Visium",5393,2855,19326,4729,"0","0","3","9","0","0","Immune stroma"
"TATTTGTTACCCTTTA-1","Visium",26801,7122,24471,7080,"5","5","4","10","3","4","Basal epithelium"
"TCAAACAACCGCGTCG-1","Visium",44627,7232,23775,6043,"3","3","4","10","5","1","Suprabasal spinous"
"TCAAACTTAGATTGTT-1","Visium",5886,2974,20160,4568,"1","1","3","7","1","2","Reticular stroma"
"TCAACCATGTTCGGGC-1","Visium",8933,4052,20665,4599,"1","1","3","7","1","2","Reticular stroma"
"TCACAGGTTATTGGGC-1","Visium",6991,2985,20328,4334,"0","0","3","9","0","0","Immune stroma"
"TCACGCATTGTAGATC-1","Visium",7016,3024,20245,4400,"0","0","3","9","0","0","Immune stroma"
"TCACGGTCATCGCACA-1","Visium",28161,7087,24508,7046,"5","5","4","10","3","4","Basal epithelium"
"TCAGCAAATGCATCTC-1","Visium",44997,7568,23983,6420,"3","3","4","10","5","1","Suprabasal spinous"
"TCAGGGTGTAACGTAA-1","Visium",73065,8707,23313,5877,"3","3","4","10","5","1","Suprabasal spinous"
"TCAGGTTCTTTGAGAA-1","Visium",30140,7466,24453,7375,"4","4","5","6","4","5","Junctional epithelium"
"TCAGTACTGACCCGCG-1","Visium",40323,6478,23746,5669,"4","4","5","6","4","5","Junctional epithelium"
"TCCACAATGGTTTACG-1","Visium",61992,8240,23018,5264,"4","4","5","6","4","5","Junctional epithelium"
"TCCACTTTATCTAGGT-1","Visium",34636,4380,23768,4095,"2","2","4","11","2","3","Suprabasal keratinized"
"TCCAGGCGAGTACGGT-1","Visium",11733,4215,21454,4382,"0","0","3","9","0","0","Immune stroma"
"TCCCAAAGACGAAGGA-1","Visium",39396,8148,24505,7705,"5","5","4","10","3","4","Basal epithelium"
"TCCCAGCTTTAGTCTG-1","Visium",9641,4335,20423,4824,"0","0","3","9","0","0","Immune stroma"
"TCCCAGGCTTAGCTAA-1","Visium",12252,4394,21917,4493,"0","0","3","9","0","0","Immune stroma"
"TCCCGCGTACTCCTGG-1","Visium",50066,6668,22847,4575,"6","6","4","11","6","1","Suprabasal granular"
"TCCGATGGTGCGACAT-1","Visium",27712,7260,24493,7189,"5","5","4","10","3","4","Basal epithelium"
"TCCGATTACATTGCCG-1","Visium",21055,5190,22333,5168,"4","4","5","6","4","5","Junctional epithelium"
"TCCTCTACGAGATGGC-1","Visium",43467,6342,23741,5142,"4","4","5","6","4","5","Junctional epithelium"
"TCCTTTCTTACGCTTA-1","Visium",3008,1733,19981,5475,"1","1","3","7","1","2","Reticular stroma"
"TCGAAATTTAGGACCA-1","Visium",16884,5538,21701,5486,"0","0","3","9","0","0","Immune stroma"
"TCGAGACCAACACCGT-1","Visium",6085,3182,19240,4776,"0","0","3","9","0","0","Immune stroma"
"TCGCTCGATATATTCC-1","Visium",12773,4953,21982,5005,"5","5","4","10","3","4","Basal epithelium"
"TCGCTGGGCGGATTGT-1","Visium",46780,5289,23262,3709,"2","2","4","11","2","3","Suprabasal keratinized"
"TCGGACGCCCAGCCCA-1","Visium",40786,6727,23865,5964,"6","6","4","11","6","1","Suprabasal granular"
"TCGGAGTACATGAGTA-1","Visium",29708,7296,24427,7257,"3","3","4","10","3","4","Suprabasal spinous"
"TCGTCCGCTGGCGTCT-1","Visium",43963,7481,23810,6313,"3","3","4","10","5","1","Suprabasal spinous"
"TCTACCGTCCACAAGC-1","Visium",49109,7729,23550,5939,"3","3","4","10","5","1","Suprabasal spinous"
"TCTAGCATCTTCGATG-1","Visium",4277,2359,19720,4770,"1","1","3","7","1","2","Reticular stroma"
"TCTAGTTATCAGAAGA-1","Visium",7805,3621,19937,4582,"0","0","3","9","0","0","Immune stroma"
"TCTATCGGTCGCAACA-1","Visium",12888,3058,22785,3194,"2","2","4","11","2","3","Suprabasal keratinized"
"TCTCTAATAGCTGGTA-1","Visium",34723,4490,23673,4242,"2","2","4","11","2","3","Suprabasal keratinized"
"TCTGAACCGGTCGGCT-1","Visium",73413,6806,22692,3850,"2","2","4","11","6","3","Suprabasal keratinized"
"TCTGCCAGAAACTGCA-1","Visium",35749,4379,23584,3935,"2","2","4","11","2","3","Suprabasal keratinized"
"TCTGTGCCATCATAGT-1","Visium",43452,5282,23464,4040,"2","2","4","11","2","3","Suprabasal keratinized"
"TCTTCGATACCAATAA-1","Visium",5267,2775,19787,4638,"1","1","3","7","1","2","Reticular stroma"
"TCTTGATGCGTAGCGA-1","Visium",31511,7873,24596,7798,"5","5","4","10","3","4","Basal epithelium"
"TGACCCACGTTAGACA-1","Visium",3148,1730,20069,5372,"1","1","3","7","1","2","Reticular stroma"
"TGATCGGTTTGACCCT-1","Visium",8939,3529,21013,4229,"0","0","3","9","7","0","Immune stroma"
"TGATCTCCGGCGCCAG-1","Visium",6005,2979,19923,4563,"0","0","3","7","0","0","Immune stroma"
"TGATTCGTCTATCACT-1","Visium",18059,5730,21701,5625,"0","0","3","9","0","0","Immune stroma"
"TGCAAGAATGACGTAA-1","Visium",2894,1680,19826,5564,"1","1","3","7","1","2","Reticular stroma"
"TGCAGAGTACCGAGCA-1","Visium",8665,3938,19755,4736,"0","0","3","9","0","0","Immune stroma"
"TGCGCAAAGCATTTGG-1","Visium",16240,5644,21863,5610,"5","5","4","10","3","4","Basal epithelium"
"TGCGCGATTAACGGAG-1","Visium",24710,6574,23926,6531,"4","4","5","6","4","5","Junctional epithelium"
"TGCTGGTTGGACAATT-1","Visium",67851,7662,22804,4810,"6","6","4","11","6","1","Suprabasal granular"
"TGGACTGTTCGCTCAA-1","Visium",6514,3065,20794,4403,"1","1","2","12","1","2","Reticular stroma"
"TGGAGTGATGCGATGA-1","Visium",28809,6661,24386,6625,"4","4","5","6","4","5","Junctional epithelium"
"TGGCCAAACTGAAGTA-1","Visium",17917,3263,22446,3249,"2","2","4","11","2","3","Suprabasal keratinized"
"TGGCCGTATATTGACC-1","Visium",29456,6913,24352,6872,"4","4","5","6","4","5","Junctional epithelium"
"TGGCTTTGGGTAGACA-1","Visium",16434,3467,22345,3458,"2","2","4","11","2","3","Suprabasal keratinized"
"TGGTTCGTAGCAAAGG-1","Visium",36651,6638,23933,6343,"3","3","4","10","5","1","Suprabasal spinous"
"TGTGTCGCGAGTTGCA-1","Visium",38144,7175,24061,6763,"4","4","5","6","4","5","Junctional epithelium"
"TGTTCCGCTTCCATGA-1","Visium",6598,3031,19649,4535,"0","0","3","9","0","0","Immune stroma"
"TGTTCTTCCATTGACT-1","Visium",4307,2156,20438,4613,"1","1","3","7","1","2","Reticular stroma"
"TTAACCAACCCTCCCT-1","Visium",23044,4454,23109,4445,"2","2","2","8","2","3","Suprabasal keratinized"
"TTAAGCGCCTGACCCA-1","Visium",37543,8129,24416,7767,"4","4","5","6","4","5","Junctional epithelium"
"TTAATGTAGACCAGGT-1","Visium",36820,8038,24327,7801,"5","5","4","10","3","4","Basal epithelium"
"TTACAACTACGCATCC-1","Visium",40657,8206,24476,7587,"5","5","4","10","3","4","Basal epithelium"
"TTACATCGTGGCCTGG-1","Visium",43364,4436,23667,3185,"2","2","4","11","2","3","Suprabasal keratinized"
"TTACTCCGGCCGGGAA-1","Visium",44019,8126,24341,7214,"3","3","4","10","5","1","Suprabasal spinous"
"TTATATTTGGCAATCC-1","Visium",38368,6764,23980,6350,"3","3","4","10","5","1","Suprabasal spinous"
"TTATCTGTATCATAAC-1","Visium",59661,6883,22700,4245,"6","6","4","11","6","1","Suprabasal granular"
"TTATGACAAACTGGAT-1","Visium",38868,7825,24286,7371,"4","4","5","6","4","5","Junctional epithelium"
"TTATGATCTTAACGAA-1","Visium",28363,4643,23971,4633,"6","6","4","11","6","1","Suprabasal granular"
"TTCAAAGTCTCTAGCC-1","Visium",25764,7215,24300,7162,"5","5","4","10","3","4","Basal epithelium"
"TTCAACGACCCGACCG-1","Visium",86482,7651,22716,4209,"6","6","4","11","6","3","Suprabasal granular"
"TTCACGAAAGGATCAC-1","Visium",4368,2520,18654,4846,"0","0","3","9","0","0","Immune stroma"
"TTCCTCGAGGGTGTCT-1","Visium",70443,7439,22801,4553,"6","6","4","11","6","1","Suprabasal granular"
"TTCGACGGGAAGGGCG-1","Visium",6543,3097,20512,4476,"1","1","3","7","1","2","Reticular stroma"
"TTCGCACTCGCGTGCT-1","Visium",6299,2774,20581,4353,"0","0","3","9","7","0","Immune stroma"
"TTCGGGACTAATCGCG-1","Visium",4036,2322,19009,4866,"1","1","3","7","1","2","Reticular stroma"
"TTCTACTTGCGAGGGC-1","Visium",50010,4681,23590,2885,"2","2","5","6","2","3","Suprabasal keratinized"
"TTCTAGGCCAATTGTG-1","Visium",37486,7839,24288,7545,"5","5","4","10","3","4","Basal epithelium"
"TTCTGCGGGTTAGCGG-1","Visium",74357,6392,22755,3415,"2","2","4","11","2","3","Suprabasal keratinized"
"TTCTTGTAACCTAATG-1","Visium",53270,6350,22803,4090,"6","6","5","6","6","1","Suprabasal granular"
"TTGAAGAATTCCCAGG-1","Visium",11537,4507,21531,4703,"0","0","3","9","0","0","Immune stroma"
"TTGAATATGGACTTTC-1","Visium",24155,7068,23766,7025,"5","5","4","10","3","4","Basal epithelium"
"TTGATCTAACTTTGTC-1","Visium",17855,5432,21739,5355,"0","0","3","9","0","0","Immune stroma"
"TTGATTATGCAGATGA-1","Visium",68730,8272,23107,5347,"4","4","5","6","4","5","Junctional epithelium"
"TTGCACGGAGCAGCAC-1","Visium",41277,5165,23546,4132,"2","2","4","11","2","3","Suprabasal keratinized"
"TTGCTGATCATGTTCG-1","Visium",8793,4066,20190,4714,"0","0","3","9","0","0","Immune stroma"
"TTGGCTCGCATGAGAC-1","Visium",47880,6533,23026,4692,"6","6","4","11","6","1","Suprabasal granular"
"TTGGGACACTGCCCGC-1","Visium",47607,7443,23520,5842,"3","3","4","10","5","1","Suprabasal spinous"
"TTGGGCGGCGGTTGCC-1","Visium",31790,4704,23850,4662,"2","2","4","11","2","3","Suprabasal keratinized"
"TTGTAATCCGTACTCG-1","Visium",7818,3650,19796,4639,"0","0","3","9","0","0","Immune stroma"
"TTGTCGTTCAGTTACC-1","Visium",47146,6883,23256,5183,"6","6","4","11","6","1","Suprabasal granular"
"TTGTTAGCAAATTCGA-1","Visium",67744,8946,23537,6181,"3","3","4","10","5","1","Suprabasal spinous"
"TTGTTCAGTGTGCTAC-1","Visium",28467,6190,24233,6161,"3","3","4","12","5","1","Suprabasal spinous"
"TTGTTGTGTGTCAAGA-1","Visium",50138,6974,22960,4871,"6","6","4","11","6","1","Suprabasal granular"
