"spot_id","Activated_Fib","Adventitial_Fib","B cells","Cycling cells","ECM_Fib","Endothelial cells","Epithelial cells","Inflammatory_Fib","Macrophages","Mast cells","Neutrophils","PI16_Fib","Pericytes","Plasma cells","T cells","pDCs"
"AAACAGAGCGACTCCT-1",0,0,0,0,0.499189231628057,0,0.500810768371943,0,0,0,0,0,0,0,0,0
"AAACGTGTTCGCCCTA-1",0,0,0,0,0,0,1,0,0,0,0,0,0,0,0,0
"AAACTAACGTGGCGAC-1",0,0,0,0,0.332875402251708,0,0.667124597748292,0,0,0,0,0,0,0,0,0
"AAAGGGATGTAGCAAG-1",0,0,0,0.389115177430305,0,0,0.610884822569695,0,0,0,0,0,0,0,0,0
"AAAGGTAAGCTGTACC-1",0,0.172189905253863,0,0,0,0,0.827810094746137,0,0,0,0,0,0,0,0,0
"AAATAACCATACGGGA-1",0,0,0,0,0,0,1,0,0,0,0,0,0,0,0,0
"AAATGATTCGATCAGC-1",0,0,0,0,0,0,1,0,0,0,0,0,0,0,0,0
"AAATGGCATGTCTTGT-1",0,0,0,0,0,0,1,0,0,0,0,0,0,0,0,0
"AAATGGTCAATGTGCC-1",0,0,0,0,0.420325593653218,0,0.579674406346782,0,0,0,0,0,0,0,0,0
"AAATTAACGGGTAGCT-1",0,0,0,0.86508770145276,0,0,0.134912298547239,0,0,0,0,0,0,0,0,0
"AAATTACACGACTCTG-1",0,0,0,0,0,0,0.453094548510748,0,0,0,0,0,0.546905451489253,0,0,0
"AAATTACCTATCGATG-1",0,0,0,0,0,0,1,0,0,0,0,0,0,0,0,0
"AAATTGGTGAGAAGCA-1",0,0,0,0,0,0,1,0,0,0,0,0,0,0,0,0
"AACAACTGGTAGTTGC-1",0,0,0,0,0.148197645046127,0,0.851802354953873,0,0,0,0,0,0,0,0,0
"AACACGACTGTACTGA-1",0,0,0,0,0,0,1,0,0,0,0,0,0,0,0,0
"AACAGGAAATCGAATA-1",0,0,0,0,0.0277231201742903,0,0.97227687982571,0,0,0,0,0,0,0,0,0
"AACAGGATGGGCCGCG-1",0,0,0,0,0,0,1,0,0,0,0,0,0,0,0,0
"AACATCGATACGTCTA-1",0,0,0,0,0,0,1,0,0,0,0,0,0,0,0,0
"AACCAGTATCACTCTT-1",0,0,0,0,0,0,1,0,0,0,0,0,0,0,0,0
"AACCCTGGTGGAACCA-1",0,0,0,0,0.0484925489795305,0,0.95150745102047,0,0,0,0,0,0,0,0,0
"AACCGAGCTTGGTCAT-1",0,0,0,0,0.296422357539245,0,0.703577642460755,0,0,0,0,0,0,0,0,0
"AACCGTTGTGTTTGCT-1",0,0,0,0,0,0,1,0,0,0,0,0,0,0,0,0
"AACCTTTACGACGTCT-1",0,0,0,0,0,0,0.364561154466793,0,0,0,0,0,0.635438845533207,0,0,0
"AACGATAGAAGGGCCG-1",0,0,0,0,0,0,1,0,0,0,0,0,0,0,0,0
"AACGATATGTCAACTG-1",0,0,0,0,0.464022058991404,0,0.535977941008596,0,0,0,0,0,0,0,0,0
"AACGCATGATCTGGGT-1",0,0,0,0.472460167151935,0,0,0,0.527539832848065,0,0,0,0,0,0,0,0
"AACGCGGTCTCCAGCC-1",0,0,0,0,0.182677304692288,0,0.817322695307712,0,0,0,0,0,0,0,0,0
"AACGTCAGACTAGTGG-1",0,0,0,0,0,0,1,0,0,0,0,0,0,0,0,0
"AACGTGATGAAGGACA-1",0,0,0,0,0.235938565595553,0,0.764061434404447,0,0,0,0,0,0,0,0,0
"AACTCAAGTTAATTGC-1",0,0,0,0,0,0,1,0,0,0,0,0,0,0,0,0
"AACTCCTAATCCCATG-1",0,0,0,0,0.354932680057152,0,0.645067319942848,0,0,0,0,0,0,0,0,0
"AACTGAGGTCAGCGTC-1",0,0,0,0,0,0,1,0,0,0,0,0,0,0,0,0
"AACTGATATTAGGCCT-1",0,0,0,0,0,0,1,0,0,0,0,0,0,0,0,0
"AACTGGGTCCCGACGT-1",0,0,0,0,0.310734887790347,0,0.689265112209653,0,0,0,0,0,0,0,0,0
"AACTTGCCCGTATGCA-1",0,0,0,0,0,0,1,0,0,0,0,0,0,0,0,0
"AAGACTGCAAGCTACT-1",0,0,0,0,0.302294704537493,0,0.697705295462507,0,0,0,0,0,0,0,0,0
"AAGATTGGCGGAACGT-1",0,0,0,0,0.618323452609423,0,0.381676547390577,0,0,0,0,0,0,0,0,0
"AAGCGGCGTCATGGGT-1",0,0.247688105925439,0,0,0,0,0.752311894074561,0,0,0,0,0,0,0,0,0
"AAGCTCGTGCCAAGTC-1",0,0,0,0,0.881344028831278,0,0.118655971168722,0,0,0,0,0,0,0,0,0
"AAGGAGCGGTTGGTGC-1",0,0,0,0,0.610039478192488,0,0.389960521807512,0,0,0,0,0,0,0,0,0
"AAGGATGAGGGACCTC-1",0,0,0,0,0.233899510215212,0,0.766100489784788,0,0,0,0,0,0,0,0,0
"AAGGCGCGTAAAGCTT-1",0,0,0,0,0,0,1,0,0,0,0,0,0,0,0,0
"AAGGCTGTGCTCATCG-1",0,0,0,0.498736077441188,0,0,0.501263922558812,0,0,0,0,0,0,0,0,0
"AAGGGACAGATTCTGT-1",0,0,0,0,0,0,1,0,0,0,0,0,0,0,0,0
"AAGGTATCCTAATATA-1",0,0,0,0,0.357083720025515,0,0.642916279974485,0,0,0,0,0,0,0,0,0
"AAGTAGAAGACCGGGT-1",0,0,0,0,0,0,1,0,0,0,0,0,0,0,0,0
"AAGTAGTGACGCGAGG-1",0,0,0,0,0,0,1,0,0,0,0,0,0,0,0,0
"AAGTTCAGTCTGCGTA-1",0,0,0,0,0.523186790319814,0,0.476813209680186,0,0,0,0,0,0,0,0,0
"AATAAGTCCTCGAGAC-1",0,0,0,0,0,0,1,0,0,0,0,0,0,0,0,0
"AATAGCAAGCCTCCTG-1",0,0,0,0,0.119286646089109,0,0.880713353910891,0,0,0,0,0,0,0,0,0
"AATAGCTACCGCGTGC-1",0,0,0,0,0,0,1,0,0,0,0,0,0,0,0,0
"AATCCAAGGGCCTGAG-1",0,0,0,0,0,0,1,0,0,0,0,0,0,0,0,0
"AATCGGGACACTACGA-1",0,0,0,0,0,0,1,0,0,0,0,0,0,0,0,0
"AATGACTGTCAGCCGG-1",0,0,0,0,0.269376674277066,0,0.730623325722934,0,0,0,0,0,0,0,0,0
"AATGATGATACGCTAT-1",0,0,0,0,0,0,1,0,0,0,0,0,0,0,0,0
"AATGCAACCGGGTACC-1",0,0,0,0,0.303376803114972,0,0.696623196885028,0,0,0,0,0,0,0,0,0
"AATGCACCAAGCAATG-1",0,0,0,0,0.759073855806916,0,0.240926144193084,0,0,0,0,0,0,0,0,0
"AATTCATAAGGGATCT-1",0,0,0,0,0.465363026633877,0,0.534636973366123,0,0,0,0,0,0,0,0,0
"AATTTGGGACATAGTA-1",0,0,0,0,0.411344767820429,0,0.588655232179571,0,0,0,0,0,0,0,0,0
"AATTTGGTTCCAAAGA-1",0,0,0,0,0,0,1,0,0,0,0,0,0,0,0,0
"ACAAATTCAGATCTGA-1",0,0,0,0,0,0,1,0,0,0,0,0,0,0,0,0
"ACAACAGCATGAGCTA-1",0,0,0,0,0.391688146134063,0,0.608311853865937,0,0,0,0,0,0,0,0,0
"ACAAGCAGTGCCTAGC-1",0,0,0,0,0,0,1,0,0,0,0,0,0,0,0,0
"ACAAGGACAAGAGGTT-1",0,0,0,0,0,0,1,0,0,0,0,0,0,0,0,0
"ACAATCCATTTAAACC-1",0,0,0,0,0,0,1,0,0,0,0,0,0,0,0,0
"ACAATGATTCTTCTAC-1",0,0,0,0.382307559910949,0,0,0.617692440089051,0,0,0,0,0,0,0,0,0
"ACAATTTGAGCAGTGG-1",0,0,0,0,0.225660936426098,0,0.774339063573902,0,0,0,0,0,0,0,0,0
"ACACAAAGACGGGTGG-1",0,0,0,0,0.390393586869984,0,0.609606413130016,0,0,0,0,0,0,0,0,0
"ACACACTTTCTACACG-1",0,0,0,0,0,0,1,0,0,0,0,0,0,0,0,0
"ACACCCAGCATGCAGC-1",0,0,0,0,0.34593150774368,0,0.65406849225632,0,0,0,0,0,0,0,0,0
"ACACCCGAGAAATCCG-1",0,0,0,0,0,0,1,0,0,0,0,0,0,0,0,0
"ACACCTTAAGTAGGGC-1",0,0,0,0,0.38612331463752,0,0.61387668536248,0,0,0,0,0,0,0,0,0
"ACACGAGACTCCTTCT-1",0,0,0,0,0,0,1,0,0,0,0,0,0,0,0,0
"ACACGGCACTATGCAT-1",0,0,0,0,0,0,1,0,0,0,0,0,0,0,0,0
"ACACGGGAACTTAGGG-1",0,0,0,0,0.492692117890414,0,0.507307882109586,0,0,0,0,0,0,0,0,0
"ACAGCATAGAGCCAGT-1",0,0,0,0,0,0,1,0,0,0,0,0,0,0,0,0
"ACAGCGCACCCGCAGC-1",0,0,0,0,0,0,1,0,0,0,0,0,0,0,0,0
"ACAGTATACCGTGGGA-1",0,0,0,0,0,0,1,0,0,0,0,0,0,0,0,0
"ACATAATAAGGCGGTG-1",0,0,0,0,0.412159343438403,0,0.587840656561597,0,0,0,0,0,0,0,0,0
"ACATCGTTAACCTAGT-1",0,0,0,0,0,0,1,0,0,0,0,0,0,0,0,0
"ACCAAACACCCAGCGA-1",0,0,0,0,0,0.501277640083717,0.498722359916283,0,0,0,0,0,0,0,0,0
"ACCAACACCACACACT-1",0,0,0,0,0.417820416020517,0,0.582179583979483,0,0,0,0,0,0,0,0,0
"ACCAAGAACGCGTGTC-1",0,0,0,0,0.0331202947916747,0,0.966879705208325,0,0,0,0,0,0,0,0,0
"ACCACAACTCAGAACA-1",0,0,0,0,0,0,1,0,0,0,0,0,0,0,0,0
"ACCACAAGTTTCTATC-1",0,0,0,0.469840225582002,0,0,0.530159774417998,0,0,0,0,0,0,0,0,0
"ACCAGTGCCCGGTCAA-1",0,0,0,0,0,0,1,0,0,0,0,0,0,0,0,0
"ACCCATCTTGAGGGTA-1",0,0,0,0,0,0,1,0,0,0,0,0,0,0,0,0
"ACCCTTCATCTGCGAA-1",0,0,0,0,0,0,1,0,0,0,0,0,0,0,0,0
"ACCCTTTAGTTCTCCA-1",0,0,0,0,0,0,1,0,0,0,0,0,0,0,0,0
"ACCGACTGAGTCCCAC-1",0,0,0,0,0,0,0.184052757639852,0,0,0,0,0,0,0.815947242360148,0,0
"ACCTAATCGACTTCCT-1",0,0,0,0,0,0,1,0,0,0,0,0,0,0,0,0
"ACGAGATATTTGCTTA-1",0,0,0,0,0,0,1,0,0,0,0,0,0,0,0,0
"ACGATACATAGAACTA-1",0,0,0,0,0.490446081975201,0,0.509553918024799,0,0,0,0,0,0,0,0,0
"ACGATCATACATAGAG-1",0,0,0,0,0,0,0.656245306221031,0,0,0,0,0,0,0.343754693778969,0,0
"ACGATGCATATGTTAT-1",0,0,0,0,0,0,1,0,0,0,0,0,0,0,0,0
"ACGATGGATCCGATGC-1",0,0,0,0,0,0,1,0,0,0,0,0,0,0,0,0
"ACGCATTCGTGAGTAC-1",0,0,0,0.860924934028557,0,0,0.139075065971443,0,0,0,0,0,0,0,0,0
"ACGCCAGATGATTTCT-1",0,0,0,0,0,0,0.632452112323635,0,0,0,0,0,0,0.367547887676365,0,0
"ACGCGGGCCAAGGACA-1",0,0,0,0.852924184679364,0,0,0.147075815320636,0,0,0,0,0,0,0,0,0
"ACGGAGCGCAAATTAC-1",0,0,0,0,0.341876940444164,0,0.658123059555836,0,0,0,0,0,0,0,0,0
"ACGGGCGTATGCGACA-1",0,0,0,0,0.535571154384465,0,0.464428845615535,0,0,0,0,0,0,0,0,0
"ACGTACAGATTTCTCT-1",0,0,0,0,0,0,1,0,0,0,0,0,0,0,0,0
"ACGTAGATTGCTGATG-1",0,0.526248178855794,0,0,0,0,0,0,0,0,0,0,0,0.473751821144206,0,0
"ACGTGCGCCTCGTGCA-1",0,0,0,0,0.191482682633819,0,0.808517317366181,0,0,0,0,0,0,0,0,0
"ACGTTAGATTTGCCCG-1",0,0,0,0,0,0,1,0,0,0,0,0,0,0,0,0
"ACGTTTAGTTGTGATC-1",0,0,0,0,0,0,1,0,0,0,0,0,0,0,0,0
"ACTAATACGTCAGGCG-1",0,0,0,0,0,0,1,0,0,0,0,0,0,0,0,0
"ACTACCAGCTCTCTGG-1",0,0,0,0,0,0,1,0,0,0,0,0,0,0,0,0
"ACTATATGCTGTGTTC-1",0,0,0,0,0.64872341489483,0,0.35127658510517,0,0,0,0,0,0,0,0,0
"ACTATTCGTCCGTGGT-1",0,0,0,0,0,0,1,0,0,0,0,0,0,0,0,0
"ACTCAATAAAGGCACG-1",0,0,0,0,0.378625717794376,0,0.621374282205624,0,0,0,0,0,0,0,0,0
"ACTCTCTTATACACGA-1",0,0,0,0,0,0,1,0,0,0,0,0,0,0,0,0
"ACTCTTGTATAGTAAC-1",0,0,0,0,0.384389658727825,0,0.615610341272175,0,0,0,0,0,0,0,0,0
"ACTGATTTAGTGATTC-1",0,0,0,0,0,0,1,0,0,0,0,0,0,0,0,0
"ACTGCCGTCGTAACTC-1",0,0,0,0.362085276165685,0,0,0.637914723834315,0,0,0,0,0,0,0,0,0
"ACTGTACGATACACAT-1",0,0,0,0,0.627166798608409,0,0.372833201391591,0,0,0,0,0,0,0,0,0
"ACTGTAGCACTTTGGA-1",0,0,0,0,0,0,1,0,0,0,0,0,0,0,0,0
"ACTGTCCAGGATTATA-1",0,0,0,0,0,0,0.20818108995506,0,0,0,0,0,0,0.79181891004494,0,0
"ACTGTCTTCTTTAGAA-1",0,0,0,0.619440985290585,0,0,0.380559014709415,0,0,0,0,0,0,0,0,0
"ACTTACCGGGCGCGCA-1",0,0,0,0,0,0,1,0,0,0,0,0,0,0,0,0
"ACTTCGCCATACGCAC-1",0,0,0,0,0.467033129281476,0,0.532966870718524,0,0,0,0,0,0,0,0,0
"ACTTGGGACCCGGTGG-1",0,0,0,0,0.406477202469243,0,0.593522797530757,0,0,0,0,0,0,0,0,0
"ACTTTCCTATAGCTTC-1",0,0,0,0,0.297355684360046,0,0.702644315639954,0,0,0,0,0,0,0,0,0
"AGAACGTGGTACATTC-1",0,0,0,0,0.508078813137253,0,0.491921186862747,0,0,0,0,0,0,0,0,0
"AGAATGCGGGTTCGGA-1",0,0,0,0,0,0,1,0,0,0,0,0,0,0,0,0
"AGACCCGCCCTCCTCG-1",0,0,0,0,0.485322823432013,0,0.514677176567987,0,0,0,0,0,0,0,0,0
"AGACGGGCCGATTTAA-1",0,0.306109412112963,0,0,0,0,0.693890587887037,0,0,0,0,0,0,0,0,0
"AGACTAGCCTTCCAGA-1",0,0,0,0,0.294785591381405,0,0.705214408618595,0,0,0,0,0,0,0,0,0
"AGAGAACCGTCTAGGA-1",0,0,0,0,0.387750375975376,0,0.612249624024624,0,0,0,0,0,0,0,0,0
"AGAGCGGGCTAATCAT-1",0,0,0,0,0,0,1,0,0,0,0,0,0,0,0,0
"AGAGTTAGAGACCGAT-1",0,0,0,0,0,0,1,0,0,0,0,0,0,0,0,0
"AGAGTTGCAGGCCTCC-1",0,0,0,0,0,0,1,0,0,0,0,0,0,0,0,0
"AGATAACTTCAGGGCC-1",0,0,0,0,0,0,0.977455902742177,0,0,0,0,0,0,0,0.0225440972578227,0
"AGATACCAGCACTTCA-1",0,0,0,0,0,0,1,0,0,0,0,0,0,0,0,0
"AGATACCGGTGTTCAC-1",0,0,0,0,0,0,1,0,0,0,0,0,0,0,0,0
"AGATCGTGCATAAGAT-1",0,0,0,0,0.515351140996829,0,0.484648859003171,0,0,0,0,0,0,0,0,0
"AGATCTCAGGTGTGAT-1",0,0,0,0,0.536379095238953,0,0.463620904761047,0,0,0,0,0,0,0,0,0
"AGATGACTCGCCCACG-1",0,0,0,0,0.334244495317461,0,0.665755504682539,0,0,0,0,0,0,0,0,0
"AGATGAGGGTTGCGAT-1",0,0,0,0,0.630068169850742,0,0.369931830149258,0,0,0,0,0,0,0,0,0
"AGATTATAGGACGTTT-1",0,0,0,0,0.654743645106114,0,0.345256354893886,0,0,0,0,0,0,0,0,0
"AGCACCAGTACTCACG-1",0,0,0,0,0,0,1,0,0,0,0,0,0,0,0,0
"AGCACTTAAGGACGCC-1",0,0,0,0,0,0,1,0,0,0,0,0,0,0,0,0
"AGCATCGTCGATAATT-1",0,0,0,0,0.348666133635219,0,0.651333866364781,0,0,0,0,0,0,0,0,0
"AGCCACTCCCGTGCTT-1",0,0,0,0,0.600252759729,0,0.399747240271,0,0,0,0,0,0,0,0,0
"AGCCCTAAGCGAAGTT-1",0,0,0,0,0,0,0.933931754979725,0,0,0.0660682450202754,0,0,0,0,0,0
"AGCCCTTCTAATCCGA-1",0,0,0,0,0.655963390768681,0,0.344036609231319,0,0,0,0,0,0,0,0,0
"AGCGACATCCCATTCA-1",0,0,0,0,0.166151790025636,0,0.833848209974364,0,0,0,0,0,0,0,0,0
"AGCGACCAACGATATT-1",0,0,0,0,0.44459662324446,0,0.55540337675554,0,0,0,0,0,0,0,0,0
"AGCGCGGGTGCCAATG-1",0,0,0,0,0,0,1,0,0,0,0,0,0,0,0,0
"AGCGCTTATGGGCAAG-1",0,0,0,0,0,0,1,0,0,0,0,0,0,0,0,0
"AGCGGTTGCCGCTCTG-1",0,0,0,0,0.172626852795586,0,0.827373147204414,0,0,0,0,0,0,0,0,0
"AGCTAGAAGCAGAAGT-1",0,0,0,0,0,0,1,0,0,0,0,0,0,0,0,0
"AGCTATTTAATCCAAC-1",0,0,0,0,0,0,1,0,0,0,0,0,0,0,0,0
"AGCTCTTCCCAGTGCA-1",0,0,0,0,0.609762415334815,0,0.390237584665185,0,0,0,0,0,0,0,0,0
"AGCTGAAGTAAACCAA-1",0,0,0,0,0.532187530993685,0,0.467812469006315,0,0,0,0,0,0,0,0,0
"AGGACGCTCGATGTTG-1",0,0,0,0,0.607837184920117,0,0.392162815079883,0,0,0,0,0,0,0,0,0
"AGGCAGATGCGTAAAC-1",0,0,0,0,0.285257864716616,0,0.714742135283384,0,0,0,0,0,0,0,0,0
"AGGCCACCCGTTATGA-1",0,0,0,0,0,0,1,0,0,0,0,0,0,0,0,0
"AGGCCCATTGTACAGG-1",0,0,0,0,0,0,1,0,0,0,0,0,0,0,0,0
"AGGCGTCTATGGACGG-1",0,0,0,0,0,0,1,0,0,0,0,0,0,0,0,0
"AGGCTATGGTTAGCTT-1",0,0,0,0,0,0,1,0,0,0,0,0,0,0,0,0
"AGGGAAACGAGGTACT-1",0,0,0,0,0.428370821631613,0,0.571629178368387,0,0,0,0,0,0,0,0,0
"AGGGCAGCGGCGTGGT-1",0,0,0,0,0,0,1,0,0,0,0,0,0,0,0,0
"AGGGCGTGATCGGCTA-1",0,0,0,0,0,0,1,0,0,0,0,0,0,0,0,0
"AGGGCTGCAGTTACAG-1",0,0,0,0.497434610094242,0,0,0,0.502565389905758,0,0,0,0,0,0,0,0
"AGGGTCAGTAACCCTA-1",0,0,0,0,0,0,1,0,0,0,0,0,0,0,0,0
"AGGGTTTAGTTCGGGA-1",0,0,0,0.556237002607779,0,0,0,0.443762997392222,0,0,0,0,0,0,0,0
"AGGTACGATATTGCCA-1",0,0,0,0,0,0,1,0,0,0,0,0,0,0,0,0
"AGGTAGGTACAAAGCT-1",0,0,0,0,0,0,1,0,0,0,0,0,0,0,0,0
"AGGTTGAGGCACGCTT-1",0,0,0,0,0.475460616237541,0,0.524539383762459,0,0,0,0,0,0,0,0,0
"AGTAATGTCTTGCCGC-1",0,0,0,0,0.208227682879352,0,0.791772317120648,0,0,0,0,0,0,0,0,0
"AGTACCTTCGAGTGCT-1",0,0,0,0,0,0,1,0,0,0,0,0,0,0,0,0
"AGTACGGGCACCTGGC-1",0,0,0,0,0.459946967302313,0,0.540053032697687,0,0,0,0,0,0,0,0,0
"AGTACGTGGCCTGTCT-1",0,0,0,0,0,0,1,0,0,0,0,0,0,0,0,0
"AGTAGGAAGGAAGTTG-1",0,0.745328225882431,0,0,0,0,0.254671774117569,0,0,0,0,0,0,0,0,0
"AGTAGGTAACATACAT-1",0,0,0,0,0,0,1,0,0,0,0,0,0,0,0,0
"AGTATAATACTAGGCA-1",0,0,0,0,0,0,1,0,0,0,0,0,0,0,0,0
"AGTCCCGCCTTTAATT-1",0,0,0,0,0.658475147595658,0,0.341524852404342,0,0,0,0,0,0,0,0,0
"AGTCGGCCCAAACGAC-1",0,0,0,0,0,0,1,0,0,0,0,0,0,0,0,0
"AGTCTTCTCCTCAAAT-1",0,0,0,0,0.187745452759813,0,0.812254547240187,0,0,0,0,0,0,0,0,0
"AGTGAGGGTTTCTGAC-1",0,0,0,0,0,0,1,0,0,0,0,0,0,0,0,0
"AGTGGCGGCAATTTGA-1",0,0,0,0,0.551096016453034,0,0.448903983546966,0,0,0,0,0,0,0,0,0
"AGTGTATTGCGCATTG-1",0,0,0,0,0.758717721750062,0,0.241282278249938,0,0,0,0,0,0,0,0,0
"AGTTAAACACTTGCGA-1",0,0,0,0,0,0,0.946431443753988,0,0,0,0,0,0,0.0535685562460121,0,0
"AGTTAAGCGGTCCCGG-1",0,0,0,0,0,0,1,0,0,0,0,0,0,0,0,0
"AGTTACTCTATCGTGG-1",0,0,0,0,0,0,0.383555585682139,0,0,0,0,0,0.616444414317861,0,0,0
"AGTTCCTACAGAATTA-1",0,0,0,0,0.374099835237733,0,0.625900164762267,0,0,0,0,0,0,0,0,0
"AGTTTCGCAGGTCGGA-1",0,0,0,0,0,0,1,0,0,0,0,0,0,0,0,0
"ATAAAGGCTCGGTCGT-1",0,0,0,0,0,0,1,0,0,0,0,0,0,0,0,0
"ATAAAGGTCAAGTACG-1",0,0,0,0,0,0,1,0,0,0,0,0,0,0,0,0
"ATAACGGAGTCCAACG-1",0,0,0,0,0.508719397322759,0,0.491280602677241,0,0,0,0,0,0,0,0,0
"ATAACGTTACCTCCAC-1",0,0.631657198144189,0,0,0,0,0.368342801855811,0,0,0,0,0,0,0,0,0
"ATAAGTACCCGATTGT-1",0,0,0,0,0,0,0.209602608027102,0,0,0,0,0,0.790397391972898,0,0,0
"ATACCGTCATCCATAA-1",0,0,0,0,0.22453530128027,0,0.77546469871973,0,0,0,0,0,0,0,0,0
"ATACGGGTTTCGATTG-1",0,0,0,0,0.742737626745069,0,0.257262373254931,0,0,0,0,0,0,0,0,0
"ATACTAGCATGACCCT-1",0,0,0,0,0.342981569629464,0,0.657018430370536,0,0,0,0,0,0,0,0,0
"ATAGACGAAGAGAAAG-1",0,0,0,0,0,0,0.980246373307356,0,0.019753626692644,0,0,0,0,0,0,0
"ATAGAGTACTGGGACA-1",0,0,0,0,0,0,0.658926092555429,0,0,0,0,0,0,0.341073907444571,0,0
"ATAGAGTTATCAACTT-1",0,0,0,0.443685753488072,0,0,0.556314246511928,0,0,0,0,0,0,0,0,0
"ATAGGCTAGCTTCGCA-1",0,0,0,0,0,0,1,0,0,0,0,0,0,0,0,0
"ATAGGGATATCCTTGA-1",0,0,0,0,0.252706062306409,0,0.747293937693591,0,0,0,0,0,0,0,0,0
"ATAGGTTGGGCAGATG-1",0,0,0,0,0,0,0.378400216187301,0,0,0,0,0,0,0.621599783812699,0,0
"ATAGTCTTTGACGTGC-1",0,0,0,0,0,0,1,0,0,0,0,0,0,0,0,0
"ATATCTCCCTCGTTAA-1",0,0,0,0.735818987877325,0,0,0.264181012122675,0,0,0,0,0,0,0,0,0
"ATATCTTAGGGCCTTC-1",0,0,0,1,0,0,0,0,0,0,0,0,0,0,0,0
"ATATGTGCACAAACCA-1",0,0,0,0,0.110268244032128,0,0.889731755967872,0,0,0,0,0,0,0,0,0
"ATATTCCCACAGGTCA-1",0,0,0,0,0,0,1,0,0,0,0,0,0,0,0,0
"ATATTTAACCCTCAAG-1",0,0,0,0.614654841054555,0,0,0.385345158945445,0,0,0,0,0,0,0,0,0
"ATCAATCTGGGCTGCA-1",0,0,0,0,0.742027006009851,0,0.257972993990149,0,0,0,0,0,0,0,0,0
"ATCACATTAGAATATC-1",0,0,0,0,0,0,1,0,0,0,0,0,0,0,0,0
"ATCACTTCATCCTCGC-1",0,0,0,0,0.22496247267486,0,0.77503752732514,0,0,0,0,0,0,0,0,0
"ATCAGGTCGCCATTGC-1",0,0,0,0,0,0,1,0,0,0,0,0,0,0,0,0
"ATCAGTAGGCAGGGAT-1",0,0,0,0,0.549708379636268,0,0.450291620363732,0,0,0,0,0,0,0,0,0
"ATCCAACGCAGTCATA-1",0,0,0,0,0,0,1,0,0,0,0,0,0,0,0,0
"ATCCACGCTAAATGTT-1",0,0,0,0,0,0,1,0,0,0,0,0,0,0,0,0
"ATCGACTCTTTCCGTT-1",0,0,0,0,0.46245601997247,0,0.53754398002753,0,0,0,0,0,0,0,0,0
"ATCGCACGCCGGGAGA-1",0,0,0,0,0.499570595283811,0,0.500429404716189,0,0,0,0,0,0,0,0,0
"ATCGGCAAGCAGTCCA-1",0,0,0,0,0.691317490165286,0,0.308682509834714,0,0,0,0,0,0,0,0,0
"ATCGTTCACTTTCGCC-1",0,0,0,0,0,0,1,0,0,0,0,0,0,0,0,0
"ATCTCCCTGCAATCTA-1",0,0,0,0,0,0,1,0,0,0,0,0,0,0,0,0
"ATCTGGTTAAGACTGT-1",0,0,0,0,0.445019860571757,0,0.554980139428243,0,0,0,0,0,0,0,0,0
"ATCTGTAATTGTACCC-1",0,0,0,0,0,0,1,0,0,0,0,0,0,0,0,0
"ATCTTGACCTGCAACG-1",0,0,0,0,0.339669499935148,0,0.660330500064852,0,0,0,0,0,0,0,0,0
"ATGAAGCCAAGGAGCC-1",0,0,0,0,0.0406581821850855,0,0.959341817814914,0,0,0,0,0,0,0,0,0
"ATGACGCCGGCTCTAA-1",0,0,0,0,0,0,1,0,0,0,0,0,0,0,0,0
"ATGAGGAGTGTTAATC-1",0,0,0,0,0,0,1,0,0,0,0,0,0,0,0,0
"ATGATCGGGAATAGAC-1",0,0,0,0,0,0,1,0,0,0,0,0,0,0,0,0
"ATGCACTACCGCATTG-1",0,0,0,0,0.360189822779665,0,0.639810177220335,0,0,0,0,0,0,0,0,0
"ATGCATGATCCAGGAT-1",0,0,0,0,0,0,0.52869547918403,0,0,0,0,0,0,0.47130452081597,0,0
"ATGCCAATCGCTCTGC-1",0,0,0,0,0.655535128011407,0,0.344464871988593,0,0,0,0,0,0,0,0,0
"ATGCCGGTCTTGCATA-1",0,0,0,0,0.495302020310287,0,0.504697979689713,0,0,0,0,0,0,0,0,0
"ATGCCGGTTGATGGGA-1",0,0,0,0,0,0,1,0,0,0,0,0,0,0,0,0
"ATGCGACAATTGGTCC-1",0,0,0,0,0,0,1,0,0,0,0,0,0,0,0,0
"ATGCGACAGTCCCATT-1",0,0,0,0,0.831548260394692,0,0.168451739605308,0,0,0,0,0,0,0,0,0
"ATGGAGCAGGCCGTGA-1",0,0,0,0,0.318570421985462,0,0.681429578014538,0,0,0,0,0,0,0,0,0
"ATGGATCCGGCGTCCG-1",0,0,0,0,0.558835401318742,0,0.441164598681258,0,0,0,0,0,0,0,0,0
"ATGGATTGACCAAACG-1",0,0,0,0,0.436113766972619,0,0.563886233027381,0,0,0,0,0,0,0,0,0
"ATGGCTGGAAATGGCC-1",0,0,0,0,0,0,1,0,0,0,0,0,0,0,0,0
"ATGGGAACGGAAGCGG-1",0,0,0,0,0,0,1,0,0,0,0,0,0,0,0,0
"ATGTGCATCCGACGCA-1",0,0,0,0,0.470165288553017,0,0.529834711446983,0,0,0,0,0,0,0,0,0
"ATTAATACTACGCGGG-1",0,0,0,0,0.335265584118692,0,0.664734415881308,0,0,0,0,0,0,0,0,0
"ATTAATGAACCAGTCG-1",0,0,0,0,0.581741820423447,0,0.418258179576552,0,0,0,0,0,0,0,0,0
"ATTAATTCGGTCACTC-1",0,0,0,0,0,0,1,0,0,0,0,0,0,0,0,0
"ATTACAACTACCGGCC-1",0,0,0,0,0,0,1,0,0,0,0,0,0,0,0,0
"ATTACGACTCCACAGT-1",0,0,0,0,0,0,1,0,0,0,0,0,0,0,0,0
"ATTACTAGCCTCTTGC-1",0,0,0,0,0,0,1,0,0,0,0,0,0,0,0,0
"ATTACTTACTGGGCAT-1",0,0,0,0,0.623871877005267,0,0.376128122994733,0,0,0,0,0,0,0,0,0
"ATTAGATTGATAGCGG-1",0,0,0,0,0,0,1,0,0,0,0,0,0,0,0,0
"ATTATACTTTGCTCGT-1",0,0,0,0,0.449007978830863,0,0.550992021169137,0,0,0,0,0,0,0,0,0
"ATTATGCCATAGGGAG-1",0,0,0,0,0.450461614463869,0,0.549538385536131,0,0,0,0,0,0,0,0,0
"ATTCAGGACCTATTTC-1",0,0,0,0,0,0,0.146244426549998,0,0,0,0,0,0.853755573450002,0,0,0
"ATTCCTAAGACGTGGA-1",0,0,0,0,0.595260616920292,0,0.404739383079708,0,0,0,0,0,0,0,0,0
"ATTCCTCCGCCAGTGC-1",0,0,0,0,0,0,1,0,0,0,0,0,0,0,0,0
"ATTCTCGTCTCTTTAG-1",0,0,0,0,0,0,1,0,0,0,0,0,0,0,0,0
"ATTCTGAGTATGAACT-1",0,0,0,0,0,0,1,0,0,0,0,0,0,0,0,0
"ATTCTTCGTACTTATG-1",0,0,0,0,0,0,1,0,0,0,0,0,0,0,0,0
"ATTGAAGATCTTAGTG-1",0,0,0,0,0.386138480463445,0,0.613861519536555,0,0,0,0,0,0,0,0,0
"ATTGACCGGCGATGAC-1",0,0,0,0,0.166134828887642,0,0.833865171112358,0,0,0,0,0,0,0,0,0
"ATTGACGTAACTCGGT-1",0,0,0,0,0,0,1,0,0,0,0,0,0,0,0,0
"ATTGCTGCTCCTCCAT-1",0,0,0,0,0,0,1,0,0,0,0,0,0,0,0,0
"ATTGGGAATATCTTGG-1",0,0,0,0,0,0,1,0,0,0,0,0,0,0,0,0
"ATTGGGAGTTCTGTAA-1",0,0,0,0,0,0,1,0,0,0,0,0,0,0,0,0
"ATTGTCGCAATACCTT-1",0,0,0,0,0,0,1,0,0,0,0,0,0,0,0,0
"ATTGTGACTTCGCTGC-1",0,0.441590805970154,0,0,0,0,0.558409194029846,0,0,0,0,0,0,0,0,0
"ATTTAACTCGTATTAC-1",0,0,0,0,0,0.0600151560913156,0.939984843908684,0,0,0,0,0,0,0,0,0
"ATTTACAGTTTACTGG-1",0,0,0,0,0,0,1,0,0,0,0,0,0,0,0,0
"ATTTCATTATTTCGCG-1",0,0,0,0,0.360956894996736,0,0.639043105003264,0,0,0,0,0,0,0,0,0
"ATTTGTTCCAGGGCTC-1",0,0,0,0,0.380189745964955,0,0.619810254035045,0,0,0,0,0,0,0,0,0
"CAAACGGTCGCACTTT-1",0,0,0,0,0,0,1,0,0,0,0,0,0,0,0,0
"CAAACGTGGTCTTGCG-1",0,0,0,0,0,0,1,0,0,0,0,0,0,0,0,0
"CAAACTACGATAGAGA-1",0,0,0,0,0.51028285026154,0,0.48971714973846,0,0,0,0,0,0,0,0,0
"CAAACTATTGAGCTTC-1",0,0,0,0,0,0,0.940961178498164,0,0,0.0590388215018357,0,0,0,0,0,0
"CAAATTGTCAGCAAGC-1",0,0,0,0,0,0,1,0,0,0,0,0,0,0,0,0
"CAACGACCCGTTTACA-1",0,0,0,0,0,0,0.965787210578036,0,0,0.0342127894219637,0,0,0,0,0,0
"CAACTATATCGAATGC-1",0,0,0,0,0.296629976634676,0,0.703370023365324,0,0,0,0,0,0,0,0,0
"CAACTCCAACGTTTAG-1",0,0,0,0,0,0,1,0,0,0,0,0,0,0,0,0
"CAACTCCGTAACTTGC-1",0,0,0,0,0,0,1,0,0,0,0,0,0,0,0,0
"CAACTCCTTGATCCCG-1",0,0,0,0,0,0,1,0,0,0,0,0,0,0,0,0
"CAACTGAGGGTATGAC-1",0,0,0,0,0,0,1,0,0,0,0,0,0,0,0,0
"CAAGCAACGTCGGAGT-1",0,0,0,0,0,0,1,0,0,0,0,0,0,0,0,0
"CAAGCACCAAATGCCT-1",0,0,0,0,0.311495216769137,0,0.688504783230863,0,0,0,0,0,0,0,0,0
"CAATAAACCTTGGCCC-1",0,0,0,0,0.470356430867972,0,0.529643569132028,0,0,0,0,0,0,0,0,0
"CAATCCCTATACCAGC-1",0,0,0,0,0.390799916941244,0,0.609200083058756,0,0,0,0,0,0,0,0,0
"CAATGGAATCTACATA-1",0,0,0,0,0.224808291080324,0,0.775191708919676,0,0,0,0,0,0,0,0,0
"CAATGGATCTCTACCA-1",0,0,0,0,0,0,1,0,0,0,0,0,0,0,0,0
"CAATTAAGGGTGATGA-1",0,0,0,0.667152947394736,0,0,0.332847052605264,0,0,0,0,0,0,0,0,0
"CACAAGAAAGATATTA-1",0,0,0,0,0,0,1,0,0,0,0,0,0,0,0,0
"CACACTTGTATTGCGA-1",0,0,0,0.496143204719231,0,0,0.503856795280769,0,0,0,0,0,0,0,0,0
"CACAGCACCCACGGCA-1",0,0,0,0.677255974039279,0,0,0.322744025960721,0,0,0,0,0,0,0,0,0
"CACAGCTAGGGAGTGA-1",0,0,0,0,0.389778481221127,0,0.610221518778873,0,0,0,0,0,0,0,0,0
"CACATTCTTTCGATGG-1",0,0,0,0,0.599607854511013,0,0.400392145488987,0,0,0,0,0,0,0,0,0
"CACCATCGGAGGAGAC-1",0,0,0,0,0,0,1,0,0,0,0,0,0,0,0,0
"CACCATGATCGCAAAG-1",0,0.746385382095285,0,0,0,0,0.253614617904715,0,0,0,0,0,0,0,0,0
"CACCCACACGTCACCC-1",0,0,0,0,0,0,1,0,0,0,0,0,0,0,0,0
"CACCCACGAGGCAATT-1",0,0,0,0,0.554238842632405,0,0.445761157367595,0,0,0,0,0,0,0,0,0
"CACCGATACACCGAGC-1",0,0,0,0,0,0,1,0,0,0,0,0,0,0,0,0
"CACCGCCAGAAGGTTT-1",0,0,0,0,0.427813715832108,0,0.572186284167892,0,0,0,0,0,0,0,0,0
"CACCGCCGACCAGCGA-1",0,0,0,0,0,0,1,0,0,0,0,0,0,0,0,0
"CACCGCGTCCACTCTA-1",0,0,0,0,0.579587123220158,0,0.420412876779842,0,0,0,0,0,0,0,0,0
"CACCGGAGATATCTCC-1",0,0,0,0,0,0,1,0,0,0,0,0,0,0,0,0
"CACCTAATCAGTTTAC-1",0,0,0,0,0.386173634214219,0,0.613826365785781,0,0,0,0,0,0,0,0,0
"CACCTCGATGGTGGAC-1",0,0,0,0,0.358653085360829,0,0.641346914639171,0,0,0,0,0,0,0,0,0
"CACCTTGCGAAACTCG-1",0,0.562414488338433,0,0,0,0,0.437585511661567,0,0,0,0,0,0,0,0,0
"CACGAAAGTTAGTCCC-1",0,0,0,0,0,0,1,0,0,0,0,0,0,0,0,0
"CACGCACAGCGCAGCT-1",0,0,0,0,0.457533654249594,0,0.542466345750406,0,0,0,0,0,0,0,0,0
"CACGCAGCGAGGCTTT-1",0,0,0,0,0,0,0.931558107368523,0,0.0684418926314768,0,0,0,0,0,0,0
"CACGGCGCGCCAAAGG-1",0,0,0,0,0.60975414368703,0,0.39024585631297,0,0,0,0,0,0,0,0,0
"CACGTCTATGATGTGG-1",0,0,0,0,0,0,1,0,0,0,0,0,0,0,0,0
"CACTAAAGTTGCCTAT-1",0,0,0,0,0,0,1,0,0,0,0,0,0,0,0,0
"CACTACTCAGTTCTGT-1",0,0,0,0,0,0,1,0,0,0,0,0,0,0,0,0
"CACTCAGCTCTTGAGG-1",0,0,0,0,0,0,1,0,0,0,0,0,0,0,0,0
"CACTCCTCTCGGTCGG-1",0,0,0,0,0.31697392919239,0,0.68302607080761,0,0,0,0,0,0,0,0,0
"CACTGTCCAAGTGAGA-1",0,0,0,0,0,0,1,0,0,0,0,0,0,0,0,0
"CACTTAATCAGACGGA-1",0.109014146530053,0,0,0,0,0,0.890985853469947,0,0,0,0,0,0,0,0,0
"CAGAGCATGAGCTTGC-1",0,0,0,0,0.459697725666926,0,0.540302274333074,0,0,0,0,0,0,0,0,0
"CAGAGTGATTTAACGT-1",0,0,0,0,0,0,1,0,0,0,0,0,0,0,0,0
"CAGATACTAACATAGT-1",0,0,0,0,0.288135513942783,0,0.711864486057217,0,0,0,0,0,0,0,0,0
"CAGATCATTTAAAGTC-1",0,0,0,0,0.30860095098262,0,0.69139904901738,0,0,0,0,0,0,0,0,0
"CAGCAGCCCGTTCCTT-1",0,0,0,0,0,0,1,0,0,0,0,0,0,0,0,0
"CAGCCGGGCCCTCTAT-1",0.3123645335824,0,0,0,0,0,0.6876354664176,0,0,0,0,0,0,0,0,0
"CAGCCTCCTGCAGAGG-1",0,0,0,0,0,0,0.309584012853606,0,0,0,0,0,0.690415987146395,0,0,0
"CAGCCTCTCCTCAAGA-1",0,0,0,0,0.480746808407783,0,0.519253191592217,0,0,0,0,0,0,0,0,0
"CAGCTCACTGAGACAT-1",0,0,0,0.812714457630976,0,0,0.187285542369024,0,0,0,0,0,0,0,0,0
"CAGCTCGACAAGTTAA-1",0,0,0,0,0,0,1,0,0,0,0,0,0,0,0,0
"CAGCTTAGTAGGTAGC-1",0,0,0,0,0,0,1,0,0,0,0,0,0,0,0,0
"CAGGAAGACTTTATAT-1",0,0,0,0,0.295507621902933,0,0.704492378097067,0,0,0,0,0,0,0,0,0
"CAGGCCGTTTGGGTGT-1",0,0,0,0,0,0,1,0,0,0,0,0,0,0,0,0
"CAGGTTTAGTACTACA-1",0,0,0,0,0,0,1,0,0,0,0,0,0,0,0,0
"CAGTAACTATTTATTG-1",0,0,0,0,0.659975591967661,0,0.340024408032339,0,0,0,0,0,0,0,0,0
"CAGTACATTCTCTAAA-1",0,0,0,0,0.621805818872489,0,0.378194181127511,0,0,0,0,0,0,0,0,0
"CAGTAGCCCACGCGGT-1",0,0,0,0,0.65301724043941,0,0.34698275956059,0,0,0,0,0,0,0,0,0
"CAGTGAATAAATGACT-1",0,0,0,0,0,0,1,0,0,0,0,0,0,0,0,0
"CAGTTCAAATTGACAC-1",0,0,0,0,0.378722146833362,0,0.621277853166638,0,0,0,0,0,0,0,0,0
"CATACTATGTAATTGT-1",0,0,0,0,0.232740393408069,0,0.767259606591931,0,0,0,0,0,0,0,0,0
"CATAGTACATTGAGAG-1",0,0,0,0,0.219325339279495,0,0.780674660720505,0,0,0,0,0,0,0,0,0
"CATAGTAGCATAGTAG-1",0,0,0,0,0,0,1,0,0,0,0,0,0,0,0,0
"CATATACTACTGATAA-1",0,0,0,0,0.593916796024185,0,0.406083203975815,0,0,0,0,0,0,0,0,0
"CATATTATTTGCCCTA-1",0,0,0,0,0,0,1,0,0,0,0,0,0,0,0,0
"CATCAAACTGGCGCCC-1",0,0,0,0.323306402056511,0,0,0.676693597943489,0,0,0,0,0,0,0,0,0
"CATCATCTACCCGGAC-1",0,0,0,0,0.103106977570727,0,0.896893022429273,0,0,0,0,0,0,0,0,0
"CATCTATCCCGTGTCT-1",0,0,0,0,0.58315580850063,0,0.41684419149937,0,0,0,0,0,0,0,0,0
"CATGATGCACAATTCT-1",0,0,0,0,0.318875664481576,0,0.681124335518424,0,0,0,0,0,0,0,0,0
"CATGCATGGAGACCCT-1",0,0,0,0,0,0,1,0,0,0,0,0,0,0,0,0
"CATGCGTTAGACAGAA-1",0,0,0,0,0,0,1,0,0,0,0,0,0,0,0,0
"CATGCTGGCTCCAATT-1",0,0,0,0,0,0,1,0,0,0,0,0,0,0,0,0
"CATGGCAGGAAGATCG-1",0,0,0,0,0.278848283561894,0,0.721151716438106,0,0,0,0,0,0,0,0,0
"CATGGGTCGGGTGTGG-1",0,0,0,0,0.57999258081185,0,0.42000741918815,0,0,0,0,0,0,0,0,0
"CATGGTCTAGATACCG-1",0,0,0,0,0.207816484196252,0,0.792183515803748,0,0,0,0,0,0,0,0,0
"CATGTAGGAGCGCCAA-1",0,0,0,0,0.475005304015402,0,0.524994695984598,0,0,0,0,0,0,0,0,0
"CATTACGTCGGCCCGT-1",0,0,0,0,0.253025349678382,0,0.746974650321618,0,0,0,0,0,0,0,0,0
"CATTATGCTTGTTGTG-1",0,0,0,0,0.428179992602405,0,0.571820007397595,0,0,0,0,0,0,0,0,0
"CATTGCGGGTCAATTC-1",0,0,0,0,0,0,1,0,0,0,0,0,0,0,0,0
"CATTTAGCGGACCATG-1",0,0,0,0,0,0,0.353356147590487,0,0,0,0,0,0.646643852409514,0,0,0
"CATTTATCGTTCAAGA-1",0,0,0,0,0,0,1,0,0,0,0,0,0,0,0,0
"CCAAACAGAACCCTCG-1",0,0,0,0,0.287670241563291,0,0.712329758436709,0,0,0,0,0,0,0,0,0
"CCAACGATGCACTGAT-1",0,0,0,0,0,0,1,0,0,0,0,0,0,0,0,0
"CCAACGCTTGCCAGGG-1",0,0,0,0,0.500036899434973,0,0.499963100565027,0,0,0,0,0,0,0,0,0
"CCAAGACTTCTGCGAA-1",0,0,0,0,0.348749890582741,0,0.651250109417259,0,0,0,0,0,0,0,0,0
"CCAAGCGTAACTCGTA-1",0,0,0,0,0,0,1,0,0,0,0,0,0,0,0,0
"CCAAGGAACAGAGAGG-1",0,0,0,0,0,0,1,0,0,0,0,0,0,0,0,0
"CCAATAGTGCCGTCGA-1",0,0,0,0.0634589754650533,0,0,0.936541024534947,0,0,0,0,0,0,0,0,0
"CCAATCGGTAGATCGA-1",0,0,0,0,0.263380886760434,0,0.736619113239566,0,0,0,0,0,0,0,0,0
"CCAATGTCACAGCAAG-1",0,0,0,0,0,0,1,0,0,0,0,0,0,0,0,0
"CCAATTACGGGTCGAG-1",0,0,0,0,0.746209477934848,0,0.253790522065152,0,0,0,0,0,0,0,0,0
"CCAATTGAATGTTAAT-1",0,0,0,0,0.0697194307997596,0,0.93028056920024,0,0,0,0,0,0,0,0,0
"CCACGAGAAGAGAATC-1",0,0,0,0,0,0,0.579039570953755,0,0,0,0,0,0,0.420960429046245,0,0
"CCAGATAGTTGAGTGA-1",0,0,0,0,0,0,1,0,0,0,0,0,0,0,0,0
"CCAGGGACGTGGCCTC-1",0,0,0,0,0.357444121806845,0,0.642555878193155,0,0,0,0,0,0,0,0,0
"CCAGTAGTCTGATCCA-1",0,0,0,0,0.509289763751496,0,0.490710236248504,0,0,0,0,0,0,0,0,0
"CCAGTCTAGACGGCGC-1",0,0,0,0,0,0,1,0,0,0,0,0,0,0,0,0
"CCATAAACAACCCGAC-1",0,0,0,0,0.225987619352744,0,0.774012380647256,0,0,0,0,0,0,0,0,0
"CCATAGGTTGGCGTGG-1",0,0,0,0,0.424604648271569,0,0.575395351728431,0,0,0,0,0,0,0,0,0
"CCATGCCTGTTTAGTA-1",0,0,0,0,0,0,1,0,0,0,0,0,0,0,0,0
"CCATGCTCTGCAGGAA-1",0,0,0,0,0,0,1,0,0,0,0,0,0,0,0,0
"CCATTAGCGATAATCC-1",0,0,0,0,0,0,1,0,0,0,0,0,0,0,0,0
"CCATTCCCTGCCCACA-1",0,0,0,0,0,0,1,0,0,0,0,0,0,0,0,0
"CCCAACCACACTAACA-1",0,0,0,0,0,0,1,0,0,0,0,0,0,0,0,0
"CCCAGAGGAGGGCGTA-1",0,0,0,0,0,0,0.194471752524172,0,0,0,0,0,0.805528247475828,0,0,0
"CCCGACCATAGTCCGC-1",0,0,0,0,0.441775855861611,0,0.558224144138389,0,0,0,0,0,0,0,0,0
"CCCGCAGGGCCCAAAG-1",0,0,0,0,0.367538441512532,0,0.632461558487468,0,0,0,0,0,0,0,0,0
"CCCGCCATGCTCCCGT-1",0,0,0,0,0,0,1,0,0,0,0,0,0,0,0,0
"CCCGTCAGCGTCTGAC-1",0,0,0,0,0.48253448559552,0,0.51746551440448,0,0,0,0,0,0,0,0,0
"CCCTCATTCTGGAATT-1",0,0,0,0,0,0,1,0,0,0,0,0,0,0,0,0
"CCCTGAAATGAGTTGA-1",0,0,0,0,0,0,1,0,0,0,0,0,0,0,0,0
"CCCTGGTATGGGCGGC-1",0,0,0,0,0,0,1,0,0,0,0,0,0,0,0,0
"CCGACGTAAACACAAC-1",0,0,0,0,0.51624549574403,0,0.48375450425597,0,0,0,0,0,0,0,0,0
"CCGACTCGCATAGTCT-1",0,0,0,0,0,0,1,0,0,0,0,0,0,0,0,0
"CCGAGCTGTGCTTGTC-1",0,0,0,0,0,0,1,0,0,0,0,0,0,0,0,0
"CCGATCTTAAGAGGCT-1",0,0,0,0,0,0,1,0,0,0,0,0,0,0,0,0
"CCGCCGGTCAACACAC-1",0,0,0,0,0,0,1,0,0,0,0,0,0,0,0,0
"CCGCCTGCGAATTGGT-1",0,0,0,0,0,0,0.25133061639087,0,0,0,0,0,0.74866938360913,0,0,0
"CCGCGGGTACGAAGAA-1",0,0,0,0,0,0,1,0,0,0,0,0,0,0,0,0
"CCGCTGGTGCCATTCA-1",0,0,0,0,0,0,1,0,0,0,0,0,0,0,0,0
"CCGGAATGGTTTCAGT-1",0,0,0,0,0,0,1,0,0,0,0,0,0,0,0,0
"CCGGAGGTCTTATGGT-1",0,0,0,0,0,0,1,0,0,0,0,0,0,0,0,0
"CCGGCGCATATTGGAT-1",0,0,0,0,0,0,1,0,0,0,0,0,0,0,0,0
"CCGGGACCCGCAGAGA-1",0,0,0,0,0,0,1,0,0,0,0,0,0,0,0,0
"CCGGGCGGTCTCGTCA-1",0,0,0,0,0.390300493410259,0,0.609699506589741,0,0,0,0,0,0,0,0,0
"CCGGGTTCGAGGTTAC-1",0,0,0,0,0,0,1,0,0,0,0,0,0,0,0,0
"CCGTATTAGCGCAGTT-1",0,0,0,0,0,0,1,0,0,0,0,0,0,0,0,0
"CCGTTACGTTAGAACA-1",0,0,0,0,0.650792935426011,0,0.349207064573989,0,0,0,0,0,0,0,0,0
"CCTAAAGGCTGACGCT-1",0,0,0,0,0,0,1,0,0,0,0,0,0,0,0,0
"CCTAACTAAGGCTCTA-1",0,0,0,0,0,0,1,0,0,0,0,0,0,0,0,0
"CCTACAAGTCCGGAAT-1",0,0,0,0,0,0,1,0,0,0,0,0,0,0,0,0
"CCTACTGCTTACACTT-1",0,0,0,0,0,0,1,0,0,0,0,0,0,0,0,0
"CCTAGTTAGTCGCATG-1",0,0,0,0,0,0,0.977518606627558,0,0,0.0224813933724419,0,0,0,0,0,0
"CCTATCTATATCGGAA-1",0,0,0,0,0.436436140307382,0,0.563563859692618,0,0,0,0,0,0,0,0,0
"CCTATGGGTTACCGTC-1",0,0,0,0,0,0,1,0,0,0,0,0,0,0,0,0
"CCTCCCGACAATCCCT-1",0,0,0,0,0,0,1,0,0,0,0,0,0,0,0,0
"CCTCCGACAATTCAAG-1",0,0,0,0,0,0,1,0,0,0,0,0,0,0,0,0
"CCTCGAAGTGGACGGG-1",0,0,0,0,0,0,1,0,0,0,0,0,0,0,0,0
"CCTCGCCAGCAAATTA-1",0,0,0,0,0,0,0.537557153333593,0,0,0,0,0,0,0.462442846666407,0,0
"CCTCGCGCGATATAGG-1",0,0,0,0,0.583054853680667,0,0.416945146319333,0,0,0,0,0,0,0,0,0
"CCTCTAATCTGCCAAG-1",0,0,0,0,0,0,0.440987530238382,0,0,0,0,0,0,0.559012469761618,0,0
"CCTCTCTCCCATCTAG-1",0,0,0,0,0,0,1,0,0,0,0,0,0,0,0,0
"CCTCTGGCCTAGACGG-1",0,0,0,0,0.212559300040008,0,0.787440699959992,0,0,0,0,0,0,0,0,0
"CCTGAATATTTACATA-1",0,0,0,0,0.19410718594854,0,0.80589281405146,0,0,0,0,0,0,0,0,0
"CCTGACGCAACCTTTA-1",0,0,0,0,0,0,1,0,0,0,0,0,0,0,0,0
"CCTGCTATTTGAGAAG-1",0,0,0,0,0.456514507598849,0,0.543485492401151,0,0,0,0,0,0,0,0,0
"CCTGGCTAGACCCGCC-1",0,0,0,0,0.161802099533944,0,0.838197900466056,0,0,0,0,0,0,0,0,0
"CCTGTAAGACATGATA-1",0,0,0,0,0,0,1,0,0,0,0,0,0,0,0,0
"CCTGTCACCCGGGCTC-1",0,0,0,0,0,0,1,0,0,0,0,0,0,0,0,0
"CCTGTCGCCCGTAAAT-1",0,0,0,0,0,0,1,0,0,0,0,0,0,0,0,0
"CCTTCTTGATCCAGTG-1",0,0,0,0,0.281102637615426,0,0.718897362384574,0,0,0,0,0,0,0,0,0
"CCTTTCAATGAAGAAA-1",0,0,0,0,0.373337135938327,0,0.626662864061673,0,0,0,0,0,0,0,0,0
"CGAAACATAGATGGCA-1",0,0,0,0,0.390877494156817,0,0.609122505843183,0,0,0,0,0,0,0,0,0
"CGAACATAGTCAGAAA-1",0,0,0,0,0,0,1,0,0,0,0,0,0,0,0,0
"CGAACGCCCAGTGCCG-1",0,0,0,0,0,0,1,0,0,0,0,0,0,0,0,0
"CGAAGCTATAAATTCA-1",0,0.70937758459589,0,0,0,0,0.29062241540411,0,0,0,0,0,0,0,0,0
"CGAAGTTGCTCTGTGT-1",0,0,0,0,0,0,1,0,0,0,0,0,0,0,0,0
"CGACACCGCTTAAGGA-1",0,0,0,0,0.173456525783343,0,0.826543474216657,0,0,0,0,0,0,0,0,0
"CGACAGTTCGCGTTAT-1",0,0,0,0,0,0,1,0,0,0,0,0,0,0,0,0
"CGACATGCGATCTTCT-1",0,0,0,0,0,0,1,0,0,0,0,0,0,0,0,0
"CGACTCAGGATGTTAT-1",0,0,0,0,0.567421727979211,0,0.432578272020789,0,0,0,0,0,0,0,0,0
"CGACTCGGTACACGGT-1",0.156282911421678,0,0,0,0,0,0.843717088578322,0,0,0,0,0,0,0,0,0
"CGAGAGATGTGAACCT-1",0,0,0,0,0.606227536967277,0,0.393772463032723,0,0,0,0,0,0,0,0,0
"CGAGCTGGGCTTTAGG-1",0,0,0,0,0.139762948774958,0,0.860237051225042,0,0,0,0,0,0,0,0,0
"CGAGGCTAAATATGGC-1",0,0,0,0,0.507176748885728,0,0.492823251114272,0,0,0,0,0,0,0,0,0
"CGATCATTAGAGGCAC-1",0,0,0,0,0,0.378486355632954,0.621513644367046,0,0,0,0,0,0,0,0,0
"CGATCCGACCCAGTGC-1",0,0,0,0.10402518753125,0,0,0.89597481246875,0,0,0,0,0,0,0,0,0
"CGATGGACCCTACGCC-1",0,0,0,0,0,0,1,0,0,0,0,0,0,0,0,0
"CGCAAACACGAGTTAC-1",0,0,0,0,0,0,1,0,0,0,0,0,0,0,0,0
"CGCAATTACTTTCGGT-1",0,0,0,0,0,0,0.980123368074163,0,0,0,0,0,0,0.0198766319258365,0,0
"CGCAATTAGGGTAATA-1",0,0,0,0.46544480255572,0,0,0.53455519744428,0,0,0,0,0,0,0,0,0
"CGCAGATCTTCACCCG-1",0,0,0,0,0,0,1,0,0,0,0,0,0,0,0,0
"CGCATCATGGCTTCAG-1",0,0,0,0,0,0,1,0,0,0,0,0,0,0,0,0
"CGCATTAGCTAATAGG-1",0,0,0,0,0.296226596657077,0,0.703773403342923,0,0,0,0,0,0,0,0,0
"CGCCATCCGATTATGA-1",0,0,0,0,0.548170424869075,0,0.451829575130925,0,0,0,0,0,0,0,0,0
"CGCCCGCTTCCGTACA-1",0,0,0,0,0.499696759265902,0,0.500303240734098,0,0,0,0,0,0,0,0,0
"CGCGAGAGGGACTTGT-1",0,0,0,0,0,0,1,0,0,0,0,0,0,0,0,0
"CGCGCCCGACTTAATA-1",0,0,0,0,0.565901094138773,0,0.434098905861227,0,0,0,0,0,0,0,0,0
"CGCGGGAATTAGGCAG-1",0,0,0,0.636037601232346,0,0,0.363962398767654,0,0,0,0,0,0,0,0,0
"CGCGGTCACAAACCAA-1",0,0,0,0,0.44439918057794,0,0.55560081942206,0,0,0,0,0,0,0,0,0
"CGCGTTCATGAAATAC-1",0,0,0,0,0.3794053375611,0,0.6205946624389,0,0,0,0,0,0,0,0,0
"CGCTACGGGACATTTA-1",0,0,0,0,0,0,1,0,0,0,0,0,0,0,0,0
"CGCTCGACATAATGAT-1",0,0,0,0,0.0212373923498446,0,0.978762607650155,0,0,0,0,0,0,0,0,0
"CGCTCTCCGTAGATTA-1",0,0,0,0,0,0,1,0,0,0,0,0,0,0,0,0
"CGCTGTGACGCCGCAC-1",0,0,0,0,0.452988990669876,0,0.547011009330124,0,0,0,0,0,0,0,0,0
"CGCTTCCACTGAAATC-1",0,0,0,0,0,0,1,0,0,0,0,0,0,0,0,0
"CGCTTTCATACCGGTG-1",0,0,0,0,0,0,1,0,0,0,0,0,0,0,0,0
"CGGAAATTTCACATCC-1",0,0,0,0,0,0,1,0,0,0,0,0,0,0,0,0
"CGGAGCTTATAACACC-1",0,0,0,0,0,0,1,0,0,0,0,0,0,0,0,0
"CGGAGTTTGAGAGACA-1",0,0,0,0,0,0,1,0,0,0,0,0,0,0,0,0
"CGGCACCGTTAGCGCC-1",0,0,0,0,0.458180810199525,0,0.541819189800475,0,0,0,0,0,0,0,0,0
"CGGCCACGCACAAAGT-1",0,0,0,0.705012469503319,0,0,0,0,0.294987530496682,0,0,0,0,0,0,0
"CGGCTCTTCGTCGAAC-1",0,0,0,0,0,0,1,0,0,0,0,0,0,0,0,0
"CGGGATCAATGTAAGA-1",0,0,0,0,0.398198280033636,0,0.601801719966364,0,0,0,0,0,0,0,0,0
"CGGGCAGCTAAACCGC-1",0,0,0,0.746894720335412,0,0,0.253105279664588,0,0,0,0,0,0,0,0,0
"CGGGTTCGGCACGTAT-1",0,0,0,0,0,0,1,0,0,0,0,0,0,0,0,0
"CGGTAGAGGTGCAGGT-1",0,0,0,0,0.457217930247852,0,0.542782069752148,0,0,0,0,0,0,0,0,0
"CGGTATAGGTATTAGC-1",0,0,0,0,0.382427653496194,0,0.617572346503806,0,0,0,0,0,0,0,0,0
"CGGTCAAGTGGGAACC-1",0,0,0,0,0.287674958713447,0,0.712325041286553,0,0,0,0,0,0,0,0,0
"CGGTCTATCAACCCGT-1",0,0,0,0,0.62857022535321,0,0.37142977464679,0,0,0,0,0,0,0,0,0
"CGGTGGGCTCCAGCCT-1",0,0,0,0,0,0,0.244743380317671,0,0,0,0,0,0.755256619682329,0,0,0
"CGGTTCAAGTAGGTGT-1",0,0,0,0,0,0,1,0,0,0,0,0,0,0,0,0
"CGGTTGGGTTCAAGTT-1",0,0,0,0,0,0,1,0,0,0,0,0,0,0,0,0
"CGGTTTATGAAGGAAC-1",0,0.523364804984187,0,0,0,0,0.476635195015813,0,0,0,0,0,0,0,0,0
"CGTACCTGATAGGCCT-1",0,0,0,0,0.319124975430095,0,0.680875024569905,0,0,0,0,0,0,0,0,0
"CGTAGCGAATTGTCAG-1",0,0,0,0,0,0,1,0,0,0,0,0,0,0,0,0
"CGTATTAAGAGATCTA-1",0,0,0,0.625107312378642,0,0,0.374892687621358,0,0,0,0,0,0,0,0,0
"CGTCTGGAAGGGCCCG-1",0,0,0,0,0,0,1,0,0,0,0,0,0,0,0,0
"CGTGACATTGGGTCGT-1",0,0,0,0,0,0,1,0,0,0,0,0,0,0,0,0
"CGTGTCCCATTCGCGA-1",0,0,0,0,0,0,0.971344226928149,0,0.028655773071851,0,0,0,0,0,0,0
"CGTTAGCTCACAACTG-1",0,0,0,0,0.447314882191589,0,0.552685117808411,0,0,0,0,0,0,0,0,0
"CGTTCTTCGCACACCT-1",0,0,0,0,0,0,1,0,0,0,0,0,0,0,0,0
"CGTTGAGTAATTGCGT-1",0,0.432567495785542,0,0,0,0,0.567432504214458,0,0,0,0,0,0,0,0,0
"CGTTGTTTCAATTCCC-1",0,0,0,0,0,0,1,0,0,0,0,0,0,0,0,0
"CGTTTAAGCGGAGCAC-1",0,0,0,0,0,0,1,0,0,0,0,0,0,0,0,0
"CGTTTCACTTCGGGCG-1",0,0,0,0,0.685637533155325,0,0.314362466844675,0,0,0,0,0,0,0,0,0
"CGTTTCGCTCATTACA-1",0,0,0,0.309585719484741,0,0,0.690414280515259,0,0,0,0,0,0,0,0,0
"CTAAAGAATGCCTACT-1",0,0,0,0,0,0,1,0,0,0,0,0,0,0,0,0
"CTAAATCCTATTCCGG-1",0,0,0,0.626953253480479,0,0,0.373046746519521,0,0,0,0,0,0,0,0,0
"CTAACCGCGCGCCCGT-1",0,0,0,0,0,0,1,0,0,0,0,0,0,0,0,0
"CTAATTATGAAGCGTA-1",0,0,0,0,0,0,1,0,0,0,0,0,0,0,0,0
"CTAATTCGCACGCGCT-1",0,0,0,0,0,0,1,0,0,0,0,0,0,0,0,0
"CTACGAACTAGGTCGA-1",0,0,0,0,0,0,1,0,0,0,0,0,0,0,0,0
"CTACGCACGGAGTACC-1",0,0,0,0.887558076867203,0,0,0.112441923132797,0,0,0,0,0,0,0,0,0
"CTACGCCATTTCCGAT-1",0,0,0,0,0.20692987568511,0,0.79307012431489,0,0,0,0,0,0,0,0,0
"CTACTCTAGGCCCGGC-1",0,0,0,0,0,0,1,0,0,0,0,0,0,0,0,0
"CTACTGCCACCTGACC-1",0,0,0,0,0,0,0.726942663611305,0,0,0,0,0,0,0.273057336388695,0,0
"CTAGACATATATGTAG-1",0,0,0,0,0,0,1,0,0,0,0,0,0,0,0,0
"CTAGACTGCATTTCGT-1",0,0,0,0,0,0,0.968433695692433,0,0,0,0,0,0,0,0.0315663043075669,0
"CTAGCATAGTATAATG-1",0,0,0,0,0.664234103017095,0,0.335765896982905,0,0,0,0,0,0,0,0,0
"CTAGCCGATGTTATGA-1",0,0,0,0,0,0,1,0,0,0,0,0,0,0,0,0
"CTAGTATTCGGAATTA-1",0,0,0,0,0.363399787099404,0,0.636600212900596,0,0,0,0,0,0,0,0,0
"CTAGTCACGTCTTAAG-1",0,0,0,0,0.117195519450314,0,0.882804480549686,0,0,0,0,0,0,0,0,0
"CTAGTGAAGGACAGGA-1",0.0322375554120668,0,0,0,0,0,0.967762444587933,0,0,0,0,0,0,0,0,0
"CTAGTTGGGCCCGGTA-1",0,0,0,0,0.419590177487114,0,0.580409822512886,0,0,0,0,0,0,0,0,0
"CTATCGGGTCTCAACA-1",0,0,0,0,0.513401382877583,0,0.486598617122417,0,0,0,0,0,0,0,0,0
"CTATGTCACTAGCCCA-1",0,0,0,0,0.392228250976062,0,0.607771749023938,0,0,0,0,0,0,0,0,0
"CTATGTCTATTGAAAC-1",0,0,0,0,0,0,1,0,0,0,0,0,0,0,0,0
"CTATTGTGTTTGGTCA-1",0,0,0,0,0.637311207065627,0,0.362688792934373,0,0,0,0,0,0,0,0,0
"CTCAAGACATTAGCGC-1",0,0,0,0,0.730335261769243,0,0.269664738230757,0,0,0,0,0,0,0,0,0
"CTCACACGCAAGCCTA-1",0.117054979398969,0,0,0,0,0,0.882945020601031,0,0,0,0,0,0,0,0,0
"CTCACCGATCCAAACT-1",0,0,0,0,0.109121420580141,0,0.890878579419859,0,0,0,0,0,0,0,0,0
"CTCAGTCACGACAAAT-1",0,0,0,0,0.580240970769874,0,0.419759029230126,0,0,0,0,0,0,0,0,0
"CTCATGGCTCACAATC-1",0,0,0,0,0,0,1,0,0,0,0,0,0,0,0,0
"CTCATTTGATGGGCGG-1",0,0,0,0,0.342645968873756,0,0.657354031126244,0,0,0,0,0,0,0,0,0
"CTCCGGCCTAATATGC-1",0,0,0,0,0.315568877882357,0,0.684431122117643,0,0,0,0,0,0,0,0,0
"CTCGAGGTCGAACAGT-1",0,0,0,0,0.303356089703606,0,0.696643910296394,0,0,0,0,0,0,0,0,0
"CTCGATATTTGCGAGC-1",0,0,0,0,0.548386210882427,0,0.451613789117573,0,0,0,0,0,0,0,0,0
"CTCGCACCTATATAGT-1",0,0,0,0.360713742226974,0,0,0.639286257773026,0,0,0,0,0,0,0,0,0
"CTCGGTCCGTAGCCTG-1",0,0,0,0,0,0,1,0,0,0,0,0,0,0,0,0
"CTCGTTTCTAATGTTT-1",0,0,0,0,0.455140987547392,0,0.544859012452608,0,0,0,0,0,0,0,0,0
"CTCTCACAATCGATGA-1",0,0.400610544292855,0,0,0,0,0,0,0,0,0,0,0,0.599389455707145,0,0
"CTCTGCGAAGCAAGCA-1",0,0,0,0,0,0,1,0,0,0,0,0,0,0,0,0
"CTCTGGACGCCTGGTG-1",0,0,0,0.840855403456021,0,0,0.15914459654398,0,0,0,0,0,0,0,0,0
"CTCTGTTTGAGGATTC-1",0,0,0,0,0.285903012657917,0,0.714096987342083,0,0,0,0,0,0,0,0,0
"CTGAAAGAGATCCGAC-1",0,0,0,0,0.400870684221014,0,0.599129315778986,0,0,0,0,0,0,0,0,0
"CTGAATTTATTGCCAG-1",0,0,0,0,0,0,1,0,0,0,0,0,0,0,0,0
"CTGCACCTGGAACCGC-1",0,0,0,0,0,0,1,0,0,0,0,0,0,0,0,0
"CTGCCAAGGTTGGAAG-1",0,0,0,0,0.625446633935706,0,0.374553366064294,0,0,0,0,0,0,0,0,0
"CTGCCTAGCCACCAAG-1",0,0,0,0,0,0,1,0,0,0,0,0,0,0,0,0
"CTGCGGTAGTCACGTG-1",0,0,0,0,0,0,1,0,0,0,0,0,0,0,0,0
"CTGCGTTACGATATAA-1",0,0,0,0,0.469269191619448,0,0.530730808380552,0,0,0,0,0,0,0,0,0
"CTGCTTTATGTCCGCG-1",0.159921774456693,0,0,0,0,0,0.840078225543307,0,0,0,0,0,0,0,0,0
"CTGGAAATGGATGCTT-1",0,0,0,0,0.451687831716262,0,0.548312168283738,0,0,0,0,0,0,0,0,0
"CTGGCGACATAAGTCC-1",0,0,0,0,0.364172631032604,0,0.635827368967396,0,0,0,0,0,0,0,0,0
"CTGGTCCTAACTTGGC-1",0,0,0,0,0,0,1,0,0,0,0,0,0,0,0,0
"CTGTCAAATGGCTCGG-1",0,0,0,0,0.491183323234221,0,0.508816676765779,0,0,0,0,0,0,0,0,0
"CTGTCACGCCAGGCGC-1",0,0,0,0,0,0,1,0,0,0,0,0,0,0,0,0
"CTGTTCACTGCCTGTG-1",0,0,0,0,0.436303441695377,0,0.563696558304623,0,0,0,0,0,0,0,0,0
"CTTAACTTCGAAGTAC-1",0,0,0,0,0,0,1,0,0,0,0,0,0,0,0,0
"CTTACACGGTATTCCA-1",0,0,0,0.322972804876496,0,0,0.677027195123504,0,0,0,0,0,0,0,0,0
"CTTACACTGGGAAATA-1",0,0,0,0,0,0,1,0,0,0,0,0,0,0,0,0
"CTTAGCCTTCCACATG-1",0,0,0,0,0.530396183361865,0,0.469603816638135,0,0,0,0,0,0,0,0,0
"CTTCATTGTCAGTGGA-1",0,0,0.695546211619427,0,0,0,0,0.304453788380573,0,0,0,0,0,0,0,0
"CTTCGTAGATAGGTGA-1",0,0,0,0,0.0683343489673984,0,0.931665651032602,0,0,0,0,0,0,0,0,0
"CTTCTTACGTCGTATA-1",0,0,0,0,0,0,1,0,0,0,0,0,0,0,0,0
"CTTGACCCGAAAGATA-1",0,0,0,0,0,0,1,0,0,0,0,0,0,0,0,0
"CTTGTACTTGTTGACT-1",0,0,0,0,0.213554439971593,0,0.786445560028407,0,0,0,0,0,0,0,0,0
"CTTGTGCTCACCGATT-1",0,0,0,0,0,0,1,0,0,0,0,0,0,0,0,0
"CTTTAACTTTCAAAGG-1",0,0,0,0,0,0,0.839716207532028,0,0,0,0,0,0,0.160283792467972,0,0
"CTTTGGCTTTAGTAAA-1",0,0,0,0,0,0,1,0,0,0,0,0,0,0,0,0
"GAAACAGCCATGCAGT-1",0.0672782350359796,0,0,0,0,0,0.93272176496402,0,0,0,0,0,0,0,0,0
"GAAACTCTAATGAAGG-1",0,0,0,0,0.057829138695914,0,0.942170861304086,0,0,0,0,0,0,0,0,0
"GAAAGTGACTAACTGC-1",0,0,0,0,0,0,1,0,0,0,0,0,0,0,0,0
"GAAATACCTGCTGGCT-1",0,0,0,0,0,0,1,0,0,0,0,0,0,0,0,0
"GAAATATGCTTGAATG-1",0,0.688623190399129,0,0,0,0,0.311376809600871,0,0,0,0,0,0,0,0,0
"GAAATCGCGCGCAACT-1",0,0,0,0,0.387309650878139,0,0.612690349121861,0,0,0,0,0,0,0,0,0
"GAAATGGCGGTGTTAG-1",0,0,0,0,0,0,1,0,0,0,0,0,0,0,0,0
"GAAATTAGCACGGATA-1",0,0,0,0,0.734602598769664,0,0.265397401230336,0,0,0,0,0,0,0,0,0
"GAAATTCACATCGCTG-1",0,0,0,0,0,0,1,0,0,0,0,0,0,0,0,0
"GAACACACATCAACCA-1",0,0,0,0,0.244890210609337,0,0.755109789390663,0,0,0,0,0,0,0,0,0
"GAACATTAGTATGTTA-1",0,0,0,0.262336882448622,0,0,0.737663117551378,0,0,0,0,0,0,0,0,0
"GAACGACCGAATGATA-1",0,0,0,0,0.293371670521381,0,0.706628329478619,0,0,0,0,0,0,0,0,0
"GAAGCGTGAGGAATTT-1",0,0,0,0.819135219606136,0,0,0.180864780393864,0,0,0,0,0,0,0,0,0
"GAAGCTTGCTGACCGC-1",0,0,0,0,0,0,1,0,0,0,0,0,0,0,0,0
"GAAGTGATTTATCGTG-1",0,0,0,0,0,0,1,0,0,0,0,0,0,0,0,0
"GAAGTGCTGGATAGCT-1",0,0,0,0,0,0,1,0,0,0,0,0,0,0,0,0
"GAAGTTTCCACTCAAT-1",0,0,0,0.0649184996306746,0,0,0.935081500369325,0,0,0,0,0,0,0,0,0
"GAATAGCCCTGCGGTC-1",0,0,0,0,0,0.676700259749806,0.323299740250194,0,0,0,0,0,0,0,0,0
"GAATATTCGGAGTCCC-1",0,0,0,0,0.379477195352784,0,0.620522804647216,0,0,0,0,0,0,0,0,0
"GAATCGACATGGTCAC-1",0,0,0,0,0,0,1,0,0,0,0,0,0,0,0,0
"GAATGAAGGTCTTCAG-1",0,0,0,0,0,0,1,0,0,0,0,0,0,0,0,0
"GAATGTATGGCAGGTC-1",0,0,0,0,0,0,1,0,0,0,0,0,0,0,0,0
"GAATGTTGGGTAATCT-1",0,0,0,0,0,0,1,0,0,0,0,0,0,0,0,0
"GAATTATAGTGAAAGG-1",0,0,0,0,0.839529767302257,0,0.160470232697743,0,0,0,0,0,0,0,0,0
"GAATTTCTCGCTGCAG-1",0,0,0,0,0,0,1,0,0,0,0,0,0,0,0,0
"GACAACGACCATTGAA-1",0,0,0,0,0.441121165464804,0,0.558878834535196,0,0,0,0,0,0,0,0,0
"GACAACGCAGCTTACG-1",0,0,0,0,0.342357629263824,0,0.657642370736176,0,0,0,0,0,0,0,0,0
"GACACAAGGGAAGAAA-1",0,0,0,0,0.517378437990784,0,0.482621562009216,0,0,0,0,0,0,0,0,0
"GACCAGAGCCCTGTAG-1",0,0,0,0.585519020816793,0,0,0.414480979183207,0,0,0,0,0,0,0,0,0
"GACCCGTCGCCGGCTA-1",0,0,0,0,0,0,1,0,0,0,0,0,0,0,0,0
"GACCGTCAGGTCGTGA-1",0,0,0,0,0.294263642235586,0,0.705736357764413,0,0,0,0,0,0,0,0,0
"GACGCTTGCTTCTAAA-1",0,0,0,0,0,0,1,0,0,0,0,0,0,0,0,0
"GACGTGTAGGGATTAT-1",0,0,0,0,0,0,1,0,0,0,0,0,0,0,0,0
"GACGTTCGTAAATACA-1",0,0,0,0,0,0,1,0,0,0,0,0,0,0,0,0
"GACTAACACAGCACCT-1",0,0,0,0,0.0454505217006375,0,0.954549478299363,0,0,0,0,0,0,0,0,0
"GACTAAGATCATGCAC-1",0,0,0,0,0.566135814956845,0,0.433864185043155,0,0,0,0,0,0,0,0,0
"GACTAAGTAGGCTCAC-1",0,0,0,0,0.135827225721016,0,0.864172774278984,0,0,0,0,0,0,0,0,0
"GACTACAATTGCTCGT-1",0,0,0,0,0,0,1,0,0,0,0,0,0,0,0,0
"GACTCGGTCGGCGGAT-1",0,0,0,0,0,0,1,0,0,0,0,0,0,0,0,0
"GACTGATTGGTCACAA-1",0,0,0,0,0,0,1,0,0,0,0,0,0,0,0,0
"GACTGGGCGCCGCAAC-1",0,0,0,0,0,0,1,0,0,0,0,0,0,0,0,0
"GAGACCCTGCAACGCC-1",0,0,0,0,0.735869147312473,0,0.264130852687527,0,0,0,0,0,0,0,0,0
"GAGACTGATGGGTAGA-1",0,0,0,0,0.23833003119732,0,0.76166996880268,0,0,0,0,0,0,0,0,0
"GAGAGGGCGCGAGGTT-1",0,0,0,0,0,0,1,0,0,0,0,0,0,0,0,0
"GAGATCTGCTTGGCAT-1",0,0,0,0.153306679807364,0,0,0.846693320192636,0,0,0,0,0,0,0,0,0
"GAGATCTGTCACTCCG-1",0,0,0,0,0.508661507146316,0,0.491338492853684,0,0,0,0,0,0,0,0,0
"GAGCCGAGCGTTTATT-1",0,0,0,0,0.482341057394476,0,0.517658942605524,0,0,0,0,0,0,0,0,0
"GAGCGAGGGAGTACCG-1",0,0,0,0,0,0,1,0,0,0,0,0,0,0,0,0
"GAGCTAAGGGCATATC-1",0,0,0,0,0,0,1,0,0,0,0,0,0,0,0,0
"GAGCTGTCGTCTCGGA-1",0,0,0,0,0.593744376016313,0,0.406255623983687,0,0,0,0,0,0,0,0,0
"GAGGAATGGAGAGGTT-1",0,0,0,0,0,0,1,0,0,0,0,0,0,0,0,0
"GAGGCATTTGCAGCAG-1",0,0,0,0,0,0,1,0,0,0,0,0,0,0,0,0
"GAGGGCGCAGCTCTGC-1",0,0,0,0,0,0,1,0,0,0,0,0,0,0,0,0
"GAGGTACATCCATCTT-1",0,0,0,0,0,0,0.978624503728507,0,0,0.0213754962714933,0,0,0,0,0,0
"GATATCTCATGCAATA-1",0,0,0,0,0,0,1,0,0,0,0,0,0,0,0,0
"GATATGCGGTAGCCAA-1",0,0,0,0,0.743897343459068,0,0.256102656540932,0,0,0,0,0,0,0,0,0
"GATATTTCCTACATGG-1",0,0,0,0,0.538996996785763,0,0.461003003214237,0,0,0,0,0,0,0,0,0
"GATCATTCCAAACATT-1",0,0,0,0,0,0,1,0,0,0,0,0,0,0,0,0
"GATCCCTTTATACTGC-1",0,0,0,0,0.322071834308311,0,0.677928165691689,0,0,0,0,0,0,0,0,0
"GATCCTCTTGCGCTTA-1",0,0,0,0,0,0,1,0,0,0,0,0,0,0,0,0
"GATCGACACTATCTGA-1",0,0,0,0,0.510612722005154,0,0.489387277994846,0,0,0,0,0,0,0,0,0
"GATCGCGGGCTCTCCA-1",0,0,0,0,0.502912461181122,0,0.497087538818878,0,0,0,0,0,0,0,0,0
"GATCGGTGGCCATAAC-1",0,0,0,0,0,0,1,0,0,0,0,0,0,0,0,0
"GATCTTTGCAGGGTAT-1",0,0,0,0,0,0,1,0,0,0,0,0,0,0,0,0
"GATCTTTGCTCAAAGA-1",0,0,0,0,0,0,1,0,0,0,0,0,0,0,0,0
"GATGACGATGATCGCG-1",0,0,0,0,0.233703022030748,0,0.766296977969252,0,0,0,0,0,0,0,0,0
"GATGCGTCCTGCATTC-1",0,0,0,0,0,0,0.861779549966808,0.138220450033192,0,0,0,0,0,0,0,0
"GATGCTACAAGCGCCT-1",0,0,0,0,0,0,1,0,0,0,0,0,0,0,0,0
"GATGGTGCCCTAGGCA-1",0,0,0,0,0,0,1,0,0,0,0,0,0,0,0,0
"GATGTCGGTCAACTGC-1",0.0488132068364463,0,0,0,0,0,0.951186793163554,0,0,0,0,0,0,0,0,0
"GATGTGTTGTCACAAG-1",0,0,0,0,0,0,1,0,0,0,0,0,0,0,0,0
"GATTCCCTTGTCGCAG-1",0,0,0,0,0.142507208615108,0,0.857492791384892,0,0,0,0,0,0,0,0,0
"GATTCCGCGTTTCCGT-1",0,0,0,0,0.191176094645151,0,0.808823905354849,0,0,0,0,0,0,0,0,0
"GCAAATATTACGCTTT-1",0,0,0,0,0.02157019498879,0,0.97842980501121,0,0,0,0,0,0,0,0,0
"GCAACCACCAGACCGG-1",0,0,0,0,0.595317643005609,0,0.404682356994391,0,0,0,0,0,0,0,0,0
"GCAAGATGTGTTCGCG-1",0,0.593496924134148,0,0,0,0,0.406503075865852,0,0,0,0,0,0,0,0,0
"GCAAGTGCACAGAGAA-1",0,0,0,0,0,0,1,0,0,0,0,0,0,0,0,0
"GCACAAGTGTCGGAAG-1",0,0,0,0,0,0,1,0,0,0,0,0,0,0,0,0
"GCAGAAACGTAATCCA-1",0,0,0,0,0.116561894051859,0,0.883438105948141,0,0,0,0,0,0,0,0,0
"GCAGCACACAGCCCAG-1",0,0,0,0,0,0,1,0,0,0,0,0,0,0,0,0
"GCAGCTATGGACAGGT-1",0,0,0,0,0,0.555012009703635,0,0,0,0,0,0,0.444987990296365,0,0,0
"GCAGGACTATAGAATA-1",0,0,0,0,0,0,1,0,0,0,0,0,0,0,0,0
"GCAGGTAGAGTATGGT-1",0,0,0,0,0.620927341406068,0,0.379072658593932,0,0,0,0,0,0,0,0,0
"GCATAGAGCACTCAGG-1",0,0,0,0,0,0,0.882187816321525,0,0,0,0,0,0,0,0.117812183678475,0
"GCATCCCTAACTTTGA-1",0,0,0,0,0,0,1,0,0,0,0,0,0,0,0,0
"GCCAGGAGTAACCGAT-1",0,0,0,0,0.662515467231754,0,0.337484532768246,0,0,0,0,0,0,0,0,0
"GCCAGGCGTTCGCATG-1",0,0,0,0,0.328644615619205,0,0.671355384380795,0,0,0,0,0,0,0,0,0
"GCCATATTGCACACAG-1",0,0,0,0,0.502157954548594,0,0.497842045451406,0,0,0,0,0,0,0,0,0
"GCCCAGTTGGTATGCC-1",0,0,0,0,0,0,1,0,0,0,0,0,0,0,0,0
"GCCCGCGCGTTTGACA-1",0,0,0,0,0,0,1,0,0,0,0,0,0,0,0,0
"GCCCGTAATACCTTCT-1",0,0,0,0,0.338352617704148,0,0.661647382295852,0,0,0,0,0,0,0,0,0
"GCCGAAATTCCTACGT-1",0,0,0,0.240227859913776,0,0,0.759772140086224,0,0,0,0,0,0,0,0,0
"GCCGCTTGTGAGAAAC-1",0,0,0,0,0,0,1,0,0,0,0,0,0,0,0,0
"GCCTAGCGATCTGACC-1",0,0,0,0,0,0,1,0,0,0,0,0,0,0,0,0
"GCCTATGCTGGGCCTT-1",0,0,0,0,0.257816415507185,0,0.742183584492816,0,0,0,0,0,0,0,0,0
"GCCTGCTACACTGAGA-1",0,0,0,0,0,0,1,0,0,0,0,0,0,0,0,0
"GCCTTCAGCCCTACCG-1",0,0,0,0,0,0,1,0,0,0,0,0,0,0,0,0
"GCGAAGCCATACCCGT-1",0,0,0,0.695351039207398,0,0,0.304648960792602,0,0,0,0,0,0,0,0,0
"GCGAGGCCCGAGCAGA-1",0,0,0,0,0,0,1,0,0,0,0,0,0,0,0,0
"GCGAGTTCTGCAAAGA-1",0,0,0,0.691366089256256,0,0,0,0.308633910743744,0,0,0,0,0,0,0,0
"GCGATTCTGGAAGCAG-1",0,0,0,0,0,0,1,0,0,0,0,0,0,0,0,0
"GCGCTAATTGAATAGA-1",0,0,0,0,0.380647582888873,0,0.619352417111127,0,0,0,0,0,0,0,0,0
"GCGCTGATCCAGACTC-1",0,0,0,0,0.543139302464056,0,0.456860697535944,0,0,0,0,0,0,0,0,0
"GCGGCTCTGACGTACC-1",0,0,0,0,0,0,1,0,0,0,0,0,0,0,0,0
"GCGGGAACCAGGCCCT-1",0,0,0,0,0,0,1,0,0,0,0,0,0,0,0,0
"GCGGTCCCGGTGAAGG-1",0,0,0,0.410291774399074,0,0,0.589708225600927,0,0,0,0,0,0,0,0,0
"GCGGTGAACTGCGCTC-1",0,0,0,0,0.679905402076565,0,0.320094597923435,0,0,0,0,0,0,0,0,0
"GCGTCGAAATGTCGGT-1",0,0,0,0,0.197838086150761,0,0.802161913849239,0,0,0,0,0,0,0,0,0
"GCGTCTCTGCATTGGG-1",0,0,0,0,0.0563964574764865,0,0.943603542523514,0,0,0,0,0,0,0,0,0
"GCGTTCGGAGACCGGG-1",0,0,0,0,0.703792555641427,0,0.296207444358573,0,0,0,0,0,0,0,0,0
"GCTAATACCGAATGCC-1",0,0,0,0,0.219083543199673,0,0.780916456800327,0,0,0,0,0,0,0,0,0
"GCTAGCAGGGAGTGGG-1",0,0,0,0,0.50102490983045,0,0.49897509016955,0,0,0,0,0,0,0,0,0
"GCTCATTACTGCATGT-1",0,0,0,0,0.399374945749782,0,0.600625054250218,0,0,0,0,0,0,0,0,0
"GCTCGGAATTTAAAGC-1",0,0.543104553102853,0,0,0,0,0.456895446897147,0,0,0,0,0,0,0,0,0
"GCTCTAAACCCTGACG-1",0,0,0,0,0.384179940066483,0,0.615820059933517,0,0,0,0,0,0,0,0,0
"GCTCTATGTTACGTGC-1",0,0,0,0,0,0.167760631816384,0.832239368183616,0,0,0,0,0,0,0,0,0
"GCTCTCGGGTACCGAA-1",0,0,0,0,0.460207748646983,0,0.539792251353017,0,0,0,0,0,0,0,0,0
"GCTGCTCTCCGGACAC-1",0,0,0,0,0,0,1,0,0,0,0,0,0,0,0,0
"GCTGGACCCAAAGTGG-1",0,0,0,0,0.742914694710885,0,0.257085305289115,0,0,0,0,0,0,0,0,0
"GCTGGCATATTCACCT-1",0,0,0,0,0,0,1,0,0,0,0,0,0,0,0,0
"GCTGGTGACTCGTAGT-1",0,0,0,0,0.192454493401882,0,0.807545506598118,0,0,0,0,0,0,0,0,0
"GCTTAGGGAAGCGGTA-1",0,0,0,0.44948859377961,0,0,0.55051140622039,0,0,0,0,0,0,0,0,0
"GCTTCAGTGGGATTAC-1",0,0,0,0,0.157944418786712,0,0.842055581213288,0,0,0,0,0,0,0,0,0
"GCTTCCGTCCCTAGAC-1",0,0,0,0.537416515451181,0,0,0.462583484548819,0,0,0,0,0,0,0,0,0
"GCTTGATGATAATCAG-1",0,0,0,0,0,0,1,0,0,0,0,0,0,0,0,0
"GCTTGCAGCACAATTG-1",0,0,0,0,0,0,1,0,0,0,0,0,0,0,0,0
"GGAAACCTTGTTGAAT-1",0,0,0,0.491579577776811,0,0,0,0.508420422223189,0,0,0,0,0,0,0,0
"GGAAAGTGCCCATGCC-1",0,0,0,0,0.725725829732219,0,0.274274170267781,0,0,0,0,0,0,0,0,0
"GGAAGCTCGCTTACAG-1",0.136977298811367,0,0,0,0,0,0.863022701188632,0,0,0,0,0,0,0,0,0
"GGACCTACGGTAACGT-1",0,0,0,0,0.356387227646821,0,0.643612772353179,0,0,0,0,0,0,0,0,0
"GGACGGCTTGCGCAAC-1",0,0,0,0,0,0,1,0,0,0,0,0,0,0,0,0
"GGACGTCCATAGTTGG-1",0,0,0,0,0,0,0.634127563939384,0,0,0,0,0,0.365872436060616,0,0,0
"GGAGAAGTCATTGGCA-1",0,0,0,0,0.0244149243017336,0,0.975585075698266,0,0,0,0,0,0,0,0,0
"GGAGCACCAAGAACTA-1",0,0,0,0,0.253663208016484,0,0.746336791983516,0,0,0,0,0,0,0,0,0
"GGAGGATTGAAAGGAG-1",0.0404846379941043,0,0,0,0,0,0.959515362005896,0,0,0,0,0,0,0,0,0
"GGAGGGCTTGGTTGGC-1",0,0,0,0,0,0,1,0,0,0,0,0,0,0,0,0
"GGAGTGCCGCCCTGGA-1",0,0,0,0,0.0590859543335139,0,0.940914045666486,0,0,0,0,0,0,0,0,0
"GGATCATCCCGTACGC-1",0,0,0,0,0.687105393273068,0,0.312894606726932,0,0,0,0,0,0,0,0,0
"GGATGACGCGAGTTTA-1",0,0,0,0,0,0,1,0,0,0,0,0,0,0,0,0
"GGATTAAGCTAAGGTC-1",0,0,0,0,0,0,1,0,0,0,0,0,0,0,0,0
"GGATTCCGCTATACCC-1",0.431644370647463,0,0,0,0,0,0.568355629352537,0,0,0,0,0,0,0,0,0
"GGCAATAGTCAATGAG-1",0,0,0,0,0,0,1,0,0,0,0,0,0,0,0,0
"GGCACTCCACTGGGCA-1",0,0,0,0,0,0,1,0,0,0,0,0,0,0,0,0
"GGCAGCGGTAATCCTA-1",0,0,0,0,0.573939350164755,0,0.426060649835245,0,0,0,0,0,0,0,0,0
"GGCATACAGGTAGCGG-1",0,0,0,0,0,0,1,0,0,0,0,0,0,0,0,0
"GGCATATCGGTTCTGC-1",0,0,0,0,0.555518196389808,0,0.444481803610192,0,0,0,0,0,0,0,0,0
"GGCCCAGTTATCAGCA-1",0,0,0,0,0,0,1,0,0,0,0,0,0,0,0,0
"GGCGGAGTAATATTAG-1",0,0,0,0.406551549121427,0,0,0.593448450878573,0,0,0,0,0,0,0,0,0
"GGCGGTAGGATCATTG-1",0,0.324507113819579,0,0,0,0,0,0,0,0,0,0,0,0.67549288618042,0,0
"GGCGTCCTATCCGCTG-1",0,0,0,0,0,0,1,0,0,0,0,0,0,0,0,0
"GGCTAAAGGGCGGGTC-1",0,0,0,0,0.704847979227614,0,0.295152020772386,0,0,0,0,0,0,0,0,0
"GGCTAATGATTGAAAT-1",0,0,0,0,0,0.804276889710572,0.195723110289428,0,0,0,0,0,0,0,0,0
"GGCTATTAAGTTGTAT-1",0,0,0,0,0,0,1,0,0,0,0,0,0,0,0,0
"GGCTCGTGCCACCAGC-1",0,0,0,0,0,0,1,0,0,0,0,0,0,0,0,0
"GGCTCTGCTCCAACGC-1",0,0,0,0,0,0,1,0,0,0,0,0,0,0,0,0
"GGCTGAGCATCGTAAG-1",0,0,0,0,0,0,1,0,0,0,0,0,0,0,0,0
"GGGAACGGGAGGTTAG-1",0,0,0,0,0,0,1,0,0,0,0,0,0,0,0,0
"GGGAATGAGCCCTCAC-1",0,0,0,0,0.617953028720398,0,0.382046971279602,0,0,0,0,0,0,0,0,0
"GGGACTGCATAGATAG-1",0,0,0,0.858942558628106,0,0,0.141057441371894,0,0,0,0,0,0,0,0,0
"GGGAGAACTCACAGTA-1",0,0,0,0,0,0,0,0.286873532751981,0,0,0,0,0,0.713126467248019,0,0
"GGGAGGATGCCCGAAA-1",0,0,0,0,0.206850650349768,0,0.793149349650232,0,0,0,0,0,0,0,0,0
"GGGAGTTAATGAGGCG-1",0,0,0,0,0.295195927422948,0,0.704804072577052,0,0,0,0,0,0,0,0,0
"GGGATCCCAATACAAA-1",0,0,0,0,0,0,1,0,0,0,0,0,0,0,0,0
"GGGCCTATTTAAGTAT-1",0,0,0,0.491975978550215,0,0,0.508024021449785,0,0,0,0,0,0,0,0,0
"GGGCGATATGTGTGAA-1",0,0,0,0,0.358102545576958,0,0.641897454423042,0,0,0,0,0,0,0,0,0
"GGGCGTACATTTATAT-1",0,0,0,0,0.440077328370408,0,0.559922671629592,0,0,0,0,0,0,0,0,0
"GGGCGTCCACTGGCTC-1",0,0,0,0,0.555059799971423,0,0.444940200028577,0,0,0,0,0,0,0,0,0
"GGGCTCATCGAACCCA-1",0,0,0,0,0.713818169642816,0,0.286181830357184,0,0,0,0,0,0,0,0,0
"GGGCTGCCTAGGGCGA-1",0,0.783938006992101,0,0,0,0,0.216061993007899,0,0,0,0,0,0,0,0,0
"GGGCTGGTTAGTCGCG-1",0,0,0,0,0,0,1,0,0,0,0,0,0,0,0,0
"GGGTACTTCATGAACT-1",0,0,0,0,0,0,1,0,0,0,0,0,0,0,0,0
"GGGTATGTATGCACTT-1",0,0,0,0,0,0,1,0,0,0,0,0,0,0,0,0
"GGGTCACCGTGACGGT-1",0,0,0,0.32715194501116,0,0,0.67284805498884,0,0,0,0,0,0,0,0,0
"GGGTGGTCCAGCCTGT-1",0,0,0,0,0,0,1,0,0,0,0,0,0,0,0,0
"GGGTGTTTCAGCTATG-1",0,0,0,0,0.041955597107464,0,0.958044402892536,0,0,0,0,0,0,0,0,0
"GGTAAATGTGCGTTAC-1",0,0,0,0,0.164350218670592,0,0.835649781329408,0,0,0,0,0,0,0,0,0
"GGTAGTGCTCGCACCA-1",0,0,0,0,0.615156839130307,0,0.384843160869693,0,0,0,0,0,0,0,0,0
"GGTATTGCCGAGTTTA-1",0,0,0,0.51080723466364,0,0,0.48919276533636,0,0,0,0,0,0,0,0,0
"GGTCATTGTAGTCATA-1",0,0,0,0.35298364360126,0,0,0.64701635639874,0,0,0,0,0,0,0,0,0
"GGTCGGATAAACGGCG-1",0,0,0,0,0.655107778063586,0,0.344892221936414,0,0,0,0,0,0,0,0,0
"GGTCTGAGAATCTGGA-1",0,0,0,0,0,0,1,0,0,0,0,0,0,0,0,0
"GGTGCAGAGCCTATCG-1",0,0.617942199856059,0,0,0,0,0.382057800143941,0,0,0,0,0,0,0,0,0
"GGTGCGGATAAGTGGC-1",0,0,0,0,0,0,1,0,0,0,0,0,0,0,0,0
"GGTGGACCACGTGTTA-1",0.0386784054068912,0,0,0,0,0,0.961321594593109,0,0,0,0,0,0,0,0,0
"GGTTAGGCTTGGAGAA-1",0,0,0,0,0,0,1,0,0,0,0,0,0,0,0,0
"GGTTTAATTGAGCAGG-1",0,0,0,0,0,0,1,0,0,0,0,0,0,0,0,0
"GGTTTACAATCTCAAT-1",0,0,0,0,0.554583708648769,0,0.445416291351231,0,0,0,0,0,0,0,0,0
"GGTTTGACAAGAAGCT-1",0,0,0,0,0,0,0.202698236013482,0,0,0,0,0,0.797301763986519,0,0,0
"GTAACAACTGACCTTG-1",0,0,0,0,0,0,1,0,0,0,0,0,0,0,0,0
"GTAAGCGGGCAGTCAG-1",0,0,0,0,0.365640601281419,0,0.634359398718581,0,0,0,0,0,0,0,0,0
"GTAAGGATTTGTCGGA-1",0,0,0,0,0,0,1,0,0,0,0,0,0,0,0,0
"GTAAGTAGGGTATACC-1",0,0,0,0,0,0,1,0,0,0,0,0,0,0,0,0
"GTACACTTACCTGAAG-1",0,0,0,0.605895952130736,0,0,0.394104047869264,0,0,0,0,0,0,0,0,0
"GTACGAGATTGCGACA-1",0,0,0,0,0.379057485772419,0,0.620942514227581,0,0,0,0,0,0,0,0,0
"GTACGTCACGTATTAA-1",0,0,0,0,0.608053315514054,0,0.391946684485946,0,0,0,0,0,0,0,0,0
"GTACTAAGATTTGGAG-1",0,0,0,0,0.460324579050494,0,0.539675420949506,0,0,0,0,0,0,0,0,0
"GTAGGTGATCCGTGTA-1",0,0,0,0,0.454889569186395,0,0.545110430813605,0,0,0,0,0,0,0,0,0
"GTATAGGACTCAGTAG-1",0,0,0,0,0.355351023417639,0,0.644648976582361,0,0,0,0,0,0,0,0,0
"GTATTAGGGTTCGCGT-1",0,0,0,0,0,0,1,0,0,0,0,0,0,0,0,0
"GTCACAAAGTTTCCAA-1",0,0,0,0,0,0,1,0,0,0,0,0,0,0,0,0
"GTCAGAATAGTCTATG-1",0,0,0,0,0,0,1,0,0,0,0,0,0,0,0,0
"GTCAGTTGTGCTCGTT-1",0,0,0,0,0.0829642229083916,0,0.917035777091608,0,0,0,0,0,0,0,0,0
"GTCATGCACCTCCGTT-1",0,0,0,0,0,0,0.484119221287795,0,0,0,0,0,0,0.515880778712205,0,0
"GTCATGGACATGACTA-1",0,0,0,0,0.246363542953258,0,0.753636457046742,0,0,0,0,0,0,0,0,0
"GTCCCAACGTAAAGTA-1",0,0,0,0,0,0,1,0,0,0,0,0,0,0,0,0
"GTCCGGCTGAATTGCG-1",0,0,0,0,0.398348827692265,0,0.601651172307735,0,0,0,0,0,0,0,0,0
"GTCCTTCTAGTGGGTT-1",0.148953202086382,0,0,0,0,0,0.851046797913618,0,0,0,0,0,0,0,0,0
"GTCCTTTAATGACTTC-1",0,0.488169310952799,0,0,0,0,0.511830689047202,0,0,0,0,0,0,0,0,0
"GTCGGAAGGATACCAG-1",0,0,0,0,0,0,1,0,0,0,0,0,0,0,0,0
"GTCGGATATCTCAGAC-1",0,0,0,0,0,0,1,0,0,0,0,0,0,0,0,0
"GTCGGATGTAGCGCGC-1",0,0,0,0,0.371834242132319,0,0.628165757867681,0,0,0,0,0,0,0,0,0
"GTCGTATTGGCGTACA-1",0,0,0,0,0.784007830983588,0,0.215992169016412,0,0,0,0,0,0,0,0,0
"GTCTATCTGAGTTTCT-1",0,0,0,0,0,0,1,0,0,0,0,0,0,0,0,0
"GTCTCGATCTGCTTTC-1",0,0,0,0,0.601355206165247,0,0.398644793834753,0,0,0,0,0,0,0,0,0
"GTCTTAGTACAGCCGG-1",0,0,0,0,0.257659272982656,0,0.742340727017344,0,0,0,0,0,0,0,0,0
"GTGAAACGGCGCCACC-1",0,0,0,0,0.514320738880669,0,0.485679261119332,0,0,0,0,0,0,0,0,0
"GTGAAGATTTCAAGTG-1",0,0,0,0,0.750549671176661,0,0.249450328823339,0,0,0,0,0,0,0,0,0
"GTGAAGCCGTATAGTC-1",0,0,0,0,0.55544187991127,0,0.44455812008873,0,0,0,0,0,0,0,0,0
"GTGAGCGTGCTGCACT-1",0,0,0,0,0,0,1,0,0,0,0,0,0,0,0,0
"GTGAGGAGCGGTTGAG-1",0,0,0,0,0.274067647596988,0,0.725932352403012,0,0,0,0,0,0,0,0,0
"GTGATGCACAACATCT-1",0,0,0,0,0.3317451116421,0,0.6682548883579,0,0,0,0,0,0,0,0,0
"GTGCAACAAATGTGGC-1",0,0,0,0,0,0,1,0,0,0,0,0,0,0,0,0
"GTGCACGAAAGTGACT-1",0,0,0,0.3686022111884,0,0,0.6313977888116,0,0,0,0,0,0,0,0,0
"GTGCCTCAGTGTACGG-1",0,0,0,0,0,0,1,0,0,0,0,0,0,0,0,0
"GTGCGGGTCTCCAAAT-1",0,0,0,0,0.198942645751311,0,0.801057354248689,0,0,0,0,0,0,0,0,0
"GTGCTCAAGTACTGTC-1",0,0,0,0,0.370923230123588,0,0.629076769876412,0,0,0,0,0,0,0,0,0
"GTGGAACCTACATGCG-1",0,0,0,0,0,0,1,0,0,0,0,0,0,0,0,0
"GTGGGCTTAGACACAC-1",0,0,0,0,0,0,1,0,0,0,0,0,0,0,0,0
"GTGGTCAGCGAAGTAT-1",0,0,0,0,0,0,1,0,0,0,0,0,0,0,0,0
"GTGTACCTTGGCTACG-1",0,0,0,0,0.421887878426785,0,0.578112121573215,0,0,0,0,0,0,0,0,0
"GTGTCGTATTCACCTT-1",0,0,0,0.422468546728211,0,0,0.577531453271789,0,0,0,0,0,0,0,0,0
"GTTACAATTGGTGACG-1",0,0,0,0,0,0,1,0,0,0,0,0,0,0,0,0
"GTTAGAGTGTGCCGCT-1",0,0,0,0,0,0,1,0,0,0,0,0,0,0,0,0
"GTTATATCAGGAGCCA-1",0,0,0,0,0.313251351865814,0,0.686748648134186,0,0,0,0,0,0,0,0,0
"GTTATTAAATACGACC-1",0,0,0,0,0,0,1,0,0,0,0,0,0,0,0,0
"GTTCAATCTATGTCAA-1",0,0,0,0,0,0,1,0,0,0,0,0,0,0,0,0
"GTTCACAGGAGTCTAG-1",0,0,0,0,0,0,1,0,0,0,0,0,0,0,0,0
"GTTCCAGTCTGACCAT-1",0,0,0,0,0.0825269516668763,0,0.917473048333124,0,0,0,0,0,0,0,0,0
"GTTCGCCATAAGTGCC-1",0,0,0,0,0.318778711096216,0,0.681221288903784,0,0,0,0,0,0,0,0,0
"GTTCTTCCCTCGATGT-1",0,0,0,0,0,0,1,0,0,0,0,0,0,0,0,0
"GTTGCACGGAGTTTCG-1",0,0,0,0,0,0,1,0,0,0,0,0,0,0,0,0
"GTTGGATTCAGTGGCT-1",0,0,0,0,0.66476403098336,0,0.33523596901664,0,0,0,0,0,0,0,0,0
"GTTGGATTTGCGTTGG-1",0,0,0,0,0,0,1,0,0,0,0,0,0,0,0,0
"GTTGTCGTGTTAGTTG-1",0,0,0,0,0,0,1,0,0,0,0,0,0,0,0,0
"GTTGTTACATTGCGCT-1",0,0,0,0,0.153735110630637,0,0.846264889369363,0,0,0,0,0,0,0,0,0
"GTTTCCTGGAGGGTGA-1",0,0,0,0,0.380508883667159,0,0.619491116332841,0,0,0,0,0,0,0,0,0
"GTTTGACCAAATCCTA-1",0,0,0,0,0,0,1,0,0,0,0,0,0,0,0,0
"TAAAGCGTTAGGAGAA-1",0,0,0,0.37098493359716,0,0,0.62901506640284,0,0,0,0,0,0,0,0,0
"TAAAGCTGCAATAGGG-1",0,0,0,0,0.616784177431797,0,0.383215822568203,0,0,0,0,0,0,0,0,0
"TAAATGCCGTCTCATG-1",0,0.559655788772557,0,0,0,0,0.440344211227443,0,0,0,0,0,0,0,0,0
"TAACGCTTTGAGAGCG-1",0,0,0,0,0,0,1,0,0,0,0,0,0,0,0,0
"TAACTATCGAAGGTCC-1",0,0,0,0,0,0,1,0,0,0,0,0,0,0,0,0
"TAAGCCCTTACGACCA-1",0,0,0,0,0,0.589243919722471,0.410756080277529,0,0,0,0,0,0,0,0,0
"TAAGGCAACATAAGAT-1",0,0,0,0,0.351534039223612,0,0.648465960776388,0,0,0,0,0,0,0,0,0
"TAATAAACAAGGAGAT-1",0,0,0,0,0.606655606628449,0,0.393344393371551,0,0,0,0,0,0,0,0,0
"TAATACACAGTAGTAT-1",0,0,0,0,0.244541425368197,0,0.755458574631803,0,0,0,0,0,0,0,0,0
"TAATAGTGACGACCAG-1",0,0,0,0.425976831877256,0,0,0.574023168122744,0,0,0,0,0,0,0,0,0
"TAATATTGAAATTCGC-1",0,0,0,0,0,0,1,0,0,0,0,0,0,0,0,0
"TAATCGATCCGTACGT-1",0,0,0,0,0,0,1,0,0,0,0,0,0,0,0,0
"TAATTGGAATCGGGAA-1",0,0,0,0,0.643932774956086,0,0.356067225043914,0,0,0,0,0,0,0,0,0
"TACAAGTCTCGTGCAT-1",0,0,0,0,0,0,1,0,0,0,0,0,0,0,0,0
"TACACCGTCGTTAGTC-1",0,0,0,0,0,0,1,0,0,0,0,0,0,0,0,0
"TACCAGCTAGGTTTAA-1",0,0,0,0,0,0,1,0,0,0,0,0,0,0,0,0
"TACCTCACGCTTGTAC-1",0,0,0,0,0.0974399651189684,0,0.902560034881032,0,0,0,0,0,0,0,0,0
"TACGAACACGACTTCA-1",0,0,0,0,0,0,1,0,0,0,0,0,0,0,0,0
"TACGAGAACTTCACGT-1",0,0,0,0,0,0,1,0,0,0,0,0,0,0,0,0
"TACGATGTTGATCATC-1",0,0,0,0,0,0,1,0,0,0,0,0,0,0,0,0
"TACGGGATGCTAGCAG-1",0,0,0,0,0.644699823860163,0,0.355300176139837,0,0,0,0,0,0,0,0,0
"TACTCTCCGAACAAAT-1",0,0,0,0,0.567557141022407,0,0.432442858977593,0,0,0,0,0,0,0,0,0
"TACTGCAATCAATTAC-1",0,0,0,0,0.513728456677633,0,0.486271543322367,0,0,0,0,0,0,0,0,0
"TAGAAACCACTAAGTA-1",0,0,0,0,0,0,1,0,0,0,0,0,0,0,0,0
"TAGAAAGGTGGCGCTA-1",0,0,0,0,0,0,1,0,0,0,0,0,0,0,0,0
"TAGAATTAAGGGCAAC-1",0,0,0,0,0,0,1,0,0,0,0,0,0,0,0,0
"TAGAGCTACGAAGAAC-1",0,0,0,0,0,0,1,0,0,0,0,0,0,0,0,0
"TAGAGTCTAAGCGAAC-1",0,0,0,0,0.420572857323462,0,0.579427142676538,0,0,0,0,0,0,0,0,0
"TAGATCCGAAGTCGCA-1",0,0,0,0,0,0,1,0,0,0,0,0,0,0,0,0
"TAGCTAAGTCCGGGAG-1",0,0,0,0,0.301397165995294,0,0.698602834004706,0,0,0,0,0,0,0,0,0
"TAGCTCAGATCCTAGT-1",0,0,0,0,0,0,1,0,0,0,0,0,0,0,0,0
"TAGGAACAGCCTCCAG-1",0,0,0,0,0,0,1,0,0,0,0,0,0,0,0,0
"TAGGCATGTTACGCCA-1",0,0.667079977322806,0,0,0,0,0.332920022677194,0,0,0,0,0,0,0,0,0
"TAGGGTGTTTCAAGAG-1",0,0,0,0,0.428678696822127,0,0.571321303177873,0,0,0,0,0,0,0,0,0
"TAGGTGAGCCCTACTC-1",0,0,0,0,0,0,1,0,0,0,0,0,0,0,0,0
"TAGGTTCGAGTTCGTC-1",0,0,0,0,0.823835765931294,0,0.176164234068706,0,0,0,0,0,0,0,0,0
"TAGTCTGTGACGTTGC-1",0,0,0,0,0.693934077472078,0,0.306065922527922,0,0,0,0,0,0,0,0,0
"TAGTGCCCTCCAGAGT-1",0,0,0,0,0.380724877952137,0,0.619275122047863,0,0,0,0,0,0,0,0,0
"TAGTGGAACTCATACA-1",0,0,0,0,0,0,1,0,0,0,0,0,0,0,0,0
"TAGTTAAGATAGGATA-1",0,0,0,0,0.256982595583158,0,0.743017404416842,0,0,0,0,0,0,0,0,0
"TAGTTTATTCTTGCTT-1",0,0,0,0,0.05294547720719,0,0.94705452279281,0,0,0,0,0,0,0,0,0
"TATAAATCCACAAGCT-1",0,0,0,0,0.0525794801695569,0,0.947420519830443,0,0,0,0,0,0,0,0,0
"TATAAGTGAGGATAGC-1",0,0,0,0,0,0,1,0,0,0,0,0,0,0,0,0
"TATATTACAAATGTCG-1",0,0,0,0,0.718031317189472,0,0.281968682810528,0,0,0,0,0,0,0,0,0
"TATATTCGCGTCGATA-1",0,0,0,0,0,0,1,0,0,0,0,0,0,0,0,0
"TATCACCATGTAAAGT-1",0,0,0,0,0,0,1,0,0,0,0,0,0,0,0,0
"TATCACCCAACCGACC-1",0,0,0,0,0,0,1,0,0,0,0,0,0,0,0,0
"TATCACTTCGAGTAAC-1",0,0,0,0,0.687305526849037,0,0.312694473150962,0,0,0,0,0,0,0,0,0
"TATCCATATCATGCGA-1",0,0,0,0,0,0,1,0,0,0,0,0,0,0,0,0
"TATCCTGCATGGGAAT-1",0,0,0,0,0,0,1,0,0,0,0,0,0,0,0,0
"TATCGATCTATGCATA-1",0,0,0,0,0.555546082852511,0,0.444453917147489,0,0,0,0,0,0,0,0,0
"TATCGATGATTAAACG-1",0,0,0,0,0.406253252706677,0,0.593746747293323,0,0,0,0,0,0,0,0,0
"TATGATAAATCTAACG-1",0,0,0,0,0.0339202821393159,0,0.966079717860684,0,0,0,0,0,0,0,0,0
"TATGCTCCCTACTTAC-1",0,0,0,0,0,0,0.835590554943776,0,0,0,0,0,0,0.164409445056224,0,0
"TATGGATGTGCTACGC-1",0,0,0,0,0.436202170501643,0,0.563797829498358,0,0,0,0,0,0,0,0,0
"TATGGCCCGGCCTCGC-1",0,0,0,0,0,0,1,0,0,0,0,0,0,0,0,0
"TATGGGACCGAGCAGG-1",0,0,0,0,0,0,1,0,0,0,0,0,0,0,0,0
"TATGGGTACGTATCGT-1",0,0,0,0.692038053265377,0,0,0.307961946734623,0,0,0,0,0,0,0,0,0
"TATGGTCTGAGTAACA-1",0,0,0,0.662574852631959,0,0,0,0.33742514736804,0,0,0,0,0,0,0,0
"TATGTCAAGACCGACT-1",0,0,0,0,0.741961199278371,0,0.258038800721629,0,0,0,0,0,0,0,0,0
"TATGTCTCATTGTGCC-1",0,0,0,0,0.186681602147079,0,0.813318397852921,0,0,0,0,0,0,0,0,0
"TATTCAATTCTAATCC-1",0,0,0,0,0.703957677932125,0,0.296042322067875,0,0,0,0,0,0,0,0,0
"TATTCGTGCCAGAATA-1",0,0,0,0,0.489454764993497,0,0,0,0,0,0,0,0,0.510545235006503,0,0
"TATTTAGTCTAGATCG-1",0,0,0,0,0.361233795908765,0,0.638766204091235,0,0,0,0,0,0,0,0,0
"TATTTATACCGAGTAG-1",0,0,0,0,0.402870794346206,0,0.597129205653793,0,0,0,0,0,0,0,0,0
"TATTTGTTACCCTTTA-1",0,0,0,0,0.252288614908511,0,0.747711385091489,0,0,0,0,0,0,0,0,0
"TCAAACAACCGCGTCG-1",0,0,0,0,0.373529630051273,0,0.626470369948727,0,0,0,0,0,0,0,0,0
"TCAAACTTAGATTGTT-1",0,0,0,0,0,0,0.256634405117231,0,0,0,0,0,0,0.743365594882769,0,0
"TCAACCATGTTCGGGC-1",0,0,0,0,0.341924209953294,0,0.658075790046706,0,0,0,0,0,0,0,0,0
"TCACAGGTTATTGGGC-1",0,0,0,0.5159226453366,0,0,0.4840773546634,0,0,0,0,0,0,0,0,0
"TCACGCATTGTAGATC-1",0,0,0,0,0,0,1,0,0,0,0,0,0,0,0,0
"TCACGGTCATCGCACA-1",0,0,0,0,0,0,1,0,0,0,0,0,0,0,0,0
"TCACTACGACCAATGC-1",0,0,0,0,0.499645579715817,0,0.500354420284183,0,0,0,0,0,0,0,0,0
"TCACTCGTGCAACGGC-1",0,0,0,0,0.538849558350099,0,0.461150441649901,0,0,0,0,0,0,0,0,0
"TCAGCAAATGCATCTC-1",0,0,0,0,0.350174758852999,0,0.649825241147001,0,0,0,0,0,0,0,0,0
"TCAGGGTGCACGAAAC-1",0,0,0,0,0,0,1,0,0,0,0,0,0,0,0,0
"TCAGGGTGTAACGTAA-1",0,0,0,0,0.513182905280897,0,0.486817094719103,0,0,0,0,0,0,0,0,0
"TCAGGTTCTTTGAGAA-1",0,0,0,0,0,0,1,0,0,0,0,0,0,0,0,0
"TCAGTACTGACCCGCG-1",0,0,0,0,0,0,1,0,0,0,0,0,0,0,0,0
"TCATCCCAGAGGGTGG-1",0,0,0,0,0,0,0.946413177222646,0,0,0,0,0.0535868227773544,0,0,0,0
"TCATGCAGGTTCTCAT-1",0,0,0,0,0.398728448545235,0,0.601271551454765,0,0,0,0,0,0,0,0,0
"TCCAACTTTAAATTCT-1",0,0,0,0,0.134175680936125,0,0.865824319063875,0,0,0,0,0,0,0,0,0
"TCCACAATGGTTTACG-1",0,0,0,0,0,0,1,0,0,0,0,0,0,0,0,0
"TCCACTTTATCTAGGT-1",0,0,0,0,0.602228240913074,0,0.397771759086926,0,0,0,0,0,0,0,0,0
"TCCAGATGTACGCCAA-1",0,0,0,0,0.0257965062585095,0,0.974203493741491,0,0,0,0,0,0,0,0,0
"TCCAGGCGAGTACGGT-1",0,0,0,0.592118129746231,0,0,0.407881870253769,0,0,0,0,0,0,0,0,0
"TCCATTGTGACCTCGT-1",0,0,0,0,0,0,1,0,0,0,0,0,0,0,0,0
"TCCCAAAGACGAAGGA-1",0,0,0,0,0.299230404972582,0,0.700769595027418,0,0,0,0,0,0,0,0,0
"TCCCAGCTTTAGTCTG-1",0,0,0,0,0.519449060205756,0,0.480550939794244,0,0,0,0,0,0,0,0,0
"TCCCAGGCTTAGCTAA-1",0,0,0,0,0.355519479172292,0,0.644480520827708,0,0,0,0,0,0,0,0,0
"TCCCGCGTACTCCTGG-1",0,0,0,0,0.383473342047639,0,0.616526657952361,0,0,0,0,0,0,0,0,0
"TCCCGGGTGTGCTGCT-1",0,0,0,0,0,0,1,0,0,0,0,0,0,0,0,0
"TCCCGTCAGTCCCGCA-1",0,0,0,0,0.465448240051727,0,0.534551759948274,0,0,0,0,0,0,0,0,0
"TCCCTGGCTCGCTGGA-1",0,0,0,0,0,0,1,0,0,0,0,0,0,0,0,0
"TCCCTTAGATTACTCG-1",0,0,0,0,0.352340199970614,0,0.647659800029386,0,0,0,0,0,0,0,0,0
"TCCGAAGTAGTCACCA-1",0,0,0,0,0.615365370024366,0,0.384634629975634,0,0,0,0,0,0,0,0,0
"TCCGATAATTGCCATA-1",0,0,0,0,0.285848243896655,0,0.714151756103345,0,0,0,0,0,0,0,0,0
"TCCGATGACTGAGCTC-1",0,0,0,0,0.612706370006804,0,0.387293629993197,0,0,0,0,0,0,0,0,0
"TCCGATGGTGCGACAT-1",0,0,0,0,0.400047693066231,0,0.599952306933769,0,0,0,0,0,0,0,0,0
"TCCGATTACATTGCCG-1",0,0,0,0,0,0,1,0,0,0,0,0,0,0,0,0
"TCCGGAGGAAGGGCTG-1",0,0.771452301936183,0,0,0,0,0.228547698063817,0,0,0,0,0,0,0,0,0
"TCCGTTTAGCCTTGAA-1",0,0,0,0,0,0,1,0,0,0,0,0,0,0,0,0
"TCCTCTACGAGATGGC-1",0,0,0,0,0,0,1,0,0,0,0,0,0,0,0,0
"TCCTCTGGCCCATTAG-1",0,0,0,0,0,0,1,0,0,0,0,0,0,0,0,0
"TCCTGCCAACTGGAGA-1",0,0,0,0,0.51385684540273,0,0.48614315459727,0,0,0,0,0,0,0,0,0
"TCCTGGCGCTGCCTGG-1",0,0,0,0,0.450340016596661,0,0.54965998340334,0,0,0,0,0,0,0,0,0
"TCCTTCAGTGGTCGAA-1",0,0,0,0,0,0,1,0,0,0,0,0,0,0,0,0
"TCCTTTCTTACGCTTA-1",0,0,0,0.616429026025747,0,0,0.383570973974253,0,0,0,0,0,0,0,0,0
"TCGAAATTTAGGACCA-1",0,0,0,0.379041296367153,0,0,0.620958703632847,0,0,0,0,0,0,0,0,0
"TCGAGACCAACACCGT-1",0,0,0,0,0,0,1,0,0,0,0,0,0,0,0,0
"TCGCCCAACTGACTCC-1",0,0.414769954522339,0,0,0,0,0.585230045477661,0,0,0,0,0,0,0,0,0
"TCGCCGGTCGATCCGT-1",0,0,0,0,0.411185684854949,0,0.588814315145051,0,0,0,0,0,0,0,0,0
"TCGCGTCCAGAAGGTC-1",0,0,0,0,0,0,1,0,0,0,0,0,0,0,0,0
"TCGCTAAACCGCTATC-1",0,0,0,0,0.706154104643148,0,0.293845895356852,0,0,0,0,0,0,0,0,0
"TCGCTCGATATATTCC-1",0,0,0,0.64035776744394,0,0,0.35964223255606,0,0,0,0,0,0,0,0,0
"TCGCTGGGCGGATTGT-1",0,0,0,0,0.493032257574451,0,0.506967742425549,0,0,0,0,0,0,0,0,0
"TCGCTGTGCGTAAATC-1",0,0,0,0,0,0,1,0,0,0,0,0,0,0,0,0
"TCGCTTAATTACGAAG-1",0,0,0,0,0,0,1,0,0,0,0,0,0,0,0,0
"TCGCTTTAAACGTTTG-1",0,0,0,0,0.185160771311202,0,0.814839228688798,0,0,0,0,0,0,0,0,0
"TCGGAATGACCATCAA-1",0.0253930227650233,0,0,0,0,0,0.974606977234977,0,0,0,0,0,0,0,0,0
"TCGGAATGCGCTCTGA-1",0,0,0,0,0,0,1,0,0,0,0,0,0,0,0,0
"TCGGAGTACATGAGTA-1",0,0,0,0,0.439799826275504,0,0.560200173724496,0,0,0,0,0,0,0,0,0
"TCGGGTGAAACTGCTA-1",0,0,0,0,0,0,1,0,0,0,0,0,0,0,0,0
"TCGGTCCCTGACTCCA-1",0,0,0,0,0.385472909786607,0,0.614527090213393,0,0,0,0,0,0,0,0,0
"TCGGTGACCGCTCCGG-1",0,0,0,0,0.656256823901889,0,0.343743176098111,0,0,0,0,0,0,0,0,0
"TCGTAAGACGACATTG-1",0,0,0,0,0.299602890898858,0,0.700397109101142,0,0,0,0,0,0,0,0,0
"TCGTAAGCTCCGAGGA-1",0,0,0,0,0.602811616661073,0,0.397188383338927,0,0,0,0,0,0,0,0,0
"TCGTATAGTGCAATTA-1",0,0,0,0,0,0,1,0,0,0,0,0,0,0,0,0
"TCGTATTTCGTCCGGA-1",0,0,0,0,0,0,1,0,0,0,0,0,0,0,0,0
"TCGTCCGCTGGCGTCT-1",0,0,0,0,0,0,1,0,0,0,0,0,0,0,0,0
"TCGTCCGGGTACACTC-1",0,0,0,0,0,0,1,0,0,0,0,0,0,0,0,0
"TCGTTCGTTATTATGT-1",0,0,0,0,0,0,1,0,0,0,0,0,0,0,0,0
"TCTACCGTCCACAAGC-1",0,0,0,0,0,0,1,0,0,0,0,0,0,0,0,0
"TCTAGCATCTTCGATG-1",0,0,0,0,0,0,0.981673715174314,0,0,0.0183262848256862,0,0,0,0,0,0
"TCTAGTTATCAGAAGA-1",0,0,0,0,0,0,0.332258947960098,0,0,0,0,0,0,0.667741052039902,0,0
"TCTATCATGCAGTTAC-1",0,0,0,0,0,0,1,0,0,0,0,0,0,0,0,0
"TCTATCGGTCGCAACA-1",0,0,0,0,0.38416073692159,0,0.61583926307841,0,0,0,0,0,0,0,0,0
"TCTCCAACGTAGGTTA-1",0,0,0,0,0.44384210783816,0,0.55615789216184,0,0,0,0,0,0,0,0,0
"TCTCGAACGAGGTCAC-1",0,0,0,0,0.35478435557631,0,0.64521564442369,0,0,0,0,0,0,0,0,0
"TCTCTAATAGCTGGTA-1",0,0,0,0,0,0,1,0,0,0,0,0,0,0,0,0
"TCTGAACCGGTCGGCT-1",0,0,0,0,0,0,1,0,0,0,0,0,0,0,0,0
"TCTTACAGAGGTACCG-1",0,0,0,0,0,0,1,0,0,0,0,0,0,0,0,0
"TCTTACCGGAACTCGT-1",0,0,0,0,0.694800952124447,0,0.305199047875553,0,0,0,0,0,0,0,0,0
"TCTTCGATACCAATAA-1",0,0,0,0,0,0,1,0,0,0,0,0,0,0,0,0
"TCTTGATGCGTAGCGA-1",0,0,0,0,0,0,0,0,0,0,0,0,0,0,0,0
"TCTTGGTAACACCAAA-1",0,0,0,0,0.233288147303817,0,0.766711852696183,0,0,0,0,0,0,0,0,0
"TCTTTCTCTTAAGGAG-1",0,0,0,0,0,0,1,0,0,0,0,0,0,0,0,0
"TGAAACTTATGCAAGC-1",0,0,0,0,0,0,1,0,0,0,0,0,0,0,0,0
"TGAATATGCTATAAAC-1",0,0,0,0,0,0,1,0,0,0,0,0,0,0,0,0
"TGACACTTCTCTTTGC-1",0,0,0,0,0,0,0.323935546901344,0,0,0,0,0,0.676064453098656,0,0,0
"TGACCAGCTTCAAAGT-1",0,0,0,0,0.0713188569748639,0,0.928681143025136,0,0,0,0,0,0,0,0,0
"TGACCCACGTTAGACA-1",0,0,0,0.264645402809365,0,0,0.735354597190635,0,0,0,0,0,0,0,0,0
"TGAGAATGCTTTACCG-1",0,0,0,0,0,0,1,0,0,0,0,0,0,0,0,0
"TGAGATCAAATACTCA-1",0,0,0,0,0,0,1,0,0,0,0,0,0,0,0,0
"TGAGATTAGGCCCTAA-1",0,0,0,0,0.633540553609866,0,0.366459446390134,0,0,0,0,0,0,0,0,0
"TGAGCTTTAATGACGC-1",0,0,0,0,0,0,1,0,0,0,0,0,0,0,0,0
"TGATCGGTTTGACCCT-1",0,0,0,0,0.374816090330603,0,0.625183909669397,0,0,0,0,0,0,0,0,0
"TGATCTACGCTGATCT-1",0,0.682177883577756,0,0,0,0,0.317822116422244,0,0,0,0,0,0,0,0,0
"TGATCTCCGGCGCCAG-1",0,0,0,0,0.53832116403177,0,0.46167883596823,0,0,0,0,0,0,0,0,0
"TGATTATGGCACGCAG-1",0,0,0,0,0,0,1,0,0,0,0,0,0,0,0,0
"TGATTCGTCTATCACT-1",0,0,0,0,0,0,0.961075419184534,0,0.0389245808154657,0,0,0,0,0,0,0
"TGATTTATTAGCTGTG-1",0,0,0,0,0,0,1,0,0,0,0,0,0,0,0,0
"TGCAAGAATGACGTAA-1",0,0,0,0.648104002573193,0,0,0.351895997426807,0,0,0,0,0,0,0,0,0
"TGCAATTTGGGCACGG-1",0,0,0,0,0.713008018051905,0,0.286991981948095,0,0,0,0,0,0,0,0,0
"TGCACAGTGAAGTTAT-1",0,0,0,0,0.597911288456472,0,0.402088711543528,0,0,0,0,0,0,0,0,0
"TGCACGAGTCGGCAGC-1",0,0,0,0,0,0,1,0,0,0,0,0,0,0,0,0
"TGCAGAGTACCGAGCA-1",0,0,0,0,0,0,1,0,0,0,0,0,0,0,0,0
"TGCAGGATCGGCAAAG-1",0,0,0,0,0.4436232657509,0,0.5563767342491,0,0,0,0,0,0,0,0,0
"TGCAGTGAGGCTCGGG-1",0,0,0,0,0,0,1,0,0,0,0,0,0,0,0,0
"TGCATGGATCGGATCT-1",0,0,0,0,0.395385546885094,0,0.604614453114906,0,0,0,0,0,0,0,0,0
"TGCATGTGGTAATCTA-1",0,0,0,0,0,0,1,0,0,0,0,0,0,0,0,0
"TGCCACCTGGCGAAAC-1",0,0,0,0,0.388644278174559,0,0.611355721825441,0,0,0,0,0,0,0,0,0
"TGCCATTACTAAAGAA-1",0,0,0,0,0.59928486793771,0,0.40071513206229,0,0,0,0,0,0,0,0,0
"TGCCTGATCAAACGAT-1",0,0,0,0,0.272658120835445,0,0.727341879164555,0,0,0,0,0,0,0,0,0
"TGCGAGATGGCGGCCA-1",0,0,0,0,0,0,1,0,0,0,0,0,0,0,0,0
"TGCGAGCCCTTCCGCG-1",0,0,0,0,0.552652273893061,0,0.447347726106939,0,0,0,0,0,0,0,0,0
"TGCGCAAAGCATTTGG-1",0,0,0,0,0,0,0.329156294043125,0,0,0,0,0,0.670843705956875,0,0,0
"TGCGCGATTAACGGAG-1",0,0,0,0,0,0,1,0,0,0,0,0,0,0,0,0
"TGCGGAGTAAAGGTGC-1",0,0,0,0,0.381365591390177,0,0.618634408609823,0,0,0,0,0,0,0,0,0
"TGCGGCATAGTTCAAC-1",0,0,0,0,0,0,1,0,0,0,0,0,0,0,0,0
"TGCGGTGAAATTTCAT-1",0,0,0,0,0,0,1,0,0,0,0,0,0,0,0,0
"TGCTGCGTCAGAGTTA-1",0,0,0,0,0,0,1,0,0,0,0,0,0,0,0,0
"TGCTGGTTGGACAATT-1",0,0,0,0,0,0,1,0,0,0,0,0,0,0,0,0
"TGGAAGACGAACACCA-1",0,0,0,0,0,0,1,0,0,0,0,0,0,0,0,0
"TGGAAGGATAAAGATG-1",0,0,0,0,0.301809956190769,0,0.698190043809231,0,0,0,0,0,0,0,0,0
"TGGAGCTAAAGTTCCC-1",0,0,0,0,0,0,1,0,0,0,0,0,0,0,0,0
"TGGAGTGATGCGATGA-1",0,0,0,0,0,0,0.976545949912988,0,0,0.0234540500870121,0,0,0,0,0,0
"TGGCAACTCGCGCGCC-1",0,0,0,0,0.53747196326733,0,0.46252803673267,0,0,0,0,0,0,0,0,0
"TGGCCAAACTGAAGTA-1",0,0,0,0,0.51611063851367,0,0.48388936148633,0,0,0,0,0,0,0,0,0
"TGGCCGTATATTGACC-1",0,0,0,0,0,0,1,0,0,0,0,0,0,0,0,0
"TGGCTTGTACAAGCTT-1",0,0,0,0,0.215957727875603,0,0.784042272124396,0,0,0,0,0,0,0,0,0
"TGGCTTTGGGTAGACA-1",0,0,0,0,0,0,1,0,0,0,0,0,0,0,0,0
"TGGGATGCACTCATTC-1",0,0,0,0,0.358835981321886,0,0.641164018678114,0,0,0,0,0,0,0,0,0
"TGGGCACGTTCTATGG-1",0,0,0,0,0,0,1,0,0,0,0,0,0,0,0,0
"TGGGCCACAAGAGCGC-1",0,0,0,0.461540993676283,0,0,0.538459006323717,0,0,0,0,0,0,0,0,0
"TGGGTAAGGTTCCCGC-1",0,0,0,0,0.190506441822424,0,0.809493558177576,0,0,0,0,0,0,0,0,0
"TGGGTGGGATGTCATT-1",0,0,0,0,0,0,1,0,0,0,0,0,0,0,0,0
"TGGTATCGCATCCCAA-1",0,0,0,0,0,0,1,0,0,0,0,0,0,0,0,0
"TGGTTCGTAGCAAAGG-1",0,0,0,0,0.563387027360594,0,0.436612972639406,0,0,0,0,0,0,0,0,0
"TGGTTGGAGGATCCTG-1",0,0,0,0,0.504259808130788,0,0.495740191869212,0,0,0,0,0,0,0,0,0
"TGTAGTGATCTATAAT-1",0,0,0,0,0,0,1,0,0,0,0,0,0,0,0,0
"TGTATAACAGATCCTG-1",0,0,0,0,0,0,0.669171432543738,0,0,0,0,0,0,0.330828567456262,0,0
"TGTATCAGACTGAAGC-1",0,0,0,0,0,0.698613990745722,0.301386009254278,0,0,0,0,0,0,0,0,0
"TGTATTTACCTAATGC-1",0,0.411152673204095,0,0,0,0,0.588847326795905,0,0,0,0,0,0,0,0,0
"TGTCATTTGTTGGGAA-1",0,0,0,0,0.336545192994548,0,0.663454807005452,0,0,0,0,0,0,0,0,0
"TGTCCCGACATAGCAC-1",0,0,0,0,0,0,1,0,0,0,0,0,0,0,0,0
"TGTCCTAAGTCACCGC-1",0,0,0,0,0,0,1,0,0,0,0,0,0,0,0,0
"TGTCTACAGTTTCTGT-1",0,0,0,0,0,0,1,0,0,0,0,0,0,0,0,0
"TGTGACTACGCCAGTC-1",0,0,0,0,0.322815932955128,0,0.677184067044872,0,0,0,0,0,0,0,0,0
"TGTGGCAAAGCGTATG-1",0,0,0,0,0.140019281558443,0,0.859980718441557,0,0,0,0,0,0,0,0,0
"TGTGTCGCGAGTTGCA-1",0,0,0,0,0,0,1,0,0,0,0,0,0,0,0,0
"TGTTCCGCTTCCATGA-1",0,0,0,0,0,0,1,0,0,0,0,0,0,0,0,0
"TGTTCTCTACTCCCTA-1",0,0,0,0,0,0,1,0,0,0,0,0,0,0,0,0
"TGTTCTTCCATTGACT-1",0,0,0,0,0,0,0.983862015743496,0,0.0161379842565039,0,0,0,0,0,0,0
"TGTTGTCAAGAAGTCT-1",0,0,0,0,0,0,1,0,0,0,0,0,0,0,0,0
"TGTTTAATACTTCATC-1",0,0,0,0,0.369697053446,0,0.630302946554,0,0,0,0,0,0,0,0,0
"TGTTTCGGTACTTCTC-1",0,0,0,0,0.0899055384784846,0,0.910094461521515,0,0,0,0,0,0,0,0,0
"TTAACCAACCCTCCCT-1",0,0,0,0.413133148188734,0,0,0.586866851811267,0,0,0,0,0,0,0,0,0
"TTAACGTCGCAAGACC-1",0,0,0,0,0,0,1,0,0,0,0,0,0,0,0,0
"TTAAGACGAACGAACC-1",0,0,0,0,0.0570312858931348,0,0.942968714106865,0,0,0,0,0,0,0,0,0
"TTAAGCCGACAACTTC-1",0,0,0,0,0.294345956285774,0,0.705654043714225,0,0,0,0,0,0,0,0,0
"TTAAGCGCCTGACCCA-1",0,0,0,0.299684587939526,0,0,0.700315412060474,0,0,0,0,0,0,0,0,0
"TTAATCAGTACGTCAG-1",0.294608407229545,0,0,0,0,0,0.705391592770455,0,0,0,0,0,0,0,0,0
"TTAATGTAGACCAGGT-1",0,0,0,0,0,0,1,0,0,0,0,0,0,0,0,0
"TTAATTTCAGACGCGG-1",0,0,0,0,0.157700784988708,0,0.842299215011292,0,0,0,0,0,0,0,0,0
"TTACAACTACGCATCC-1",0,0,0,0,0.408748738722219,0,0.591251261277781,0,0,0,0,0,0,0,0,0
"TTACCCATTGCCGGGT-1",0,0,0,0,0.598787765756132,0,0.401212234243868,0,0,0,0,0,0,0,0,0
"TTACTGTCTAGAGCTC-1",0,0,0,0,0,0,1,0,0,0,0,0,0,0,0,0
"TTAGACACGATCGTTG-1",0,0,0,0,0.520912212570826,0,0.479087787429174,0,0,0,0,0,0,0,0,0
"TTAGCTAATACGATCT-1",0,0,0,0,0.623806970196615,0,0.376193029803385,0,0,0,0,0,0,0,0,0
"TTATATTTGGCAATCC-1",0,0,0,0.456440921624663,0,0,0.543559078375337,0,0,0,0,0,0,0,0,0
"TTATCTGTATCATAAC-1",0,0,0,0,0.226848627830187,0,0.773151372169813,0,0,0,0,0,0,0,0,0
"TTATGACAAACTGGAT-1",0,0,0,0,0,0,1,0,0,0,0,0,0,0,0,0
"TTATTAGGGAAGCATC-1",0,0,0,0,0,0,1,0,0,0,0,0,0,0,0,0
"TTCAACGACCCGACCG-1",0,0,0,0,0,0,1,0,0,0,0,0,0,0,0,0
"TTCAAGCCGAGCTGAG-1",0,0,0,0,0,0,1,0,0,0,0,0,0,0,0,0
"TTCAATTAGCCATAAT-1",0,0,0,0,0,0,1,0,0,0,0,0,0,0,0,0
"TTCATGGCGCAACAGG-1",0,0,0,0,0.410446449722323,0,0.589553550277677,0,0,0,0,0,0,0,0,0
"TTCCAATCAGAGCTAG-1",0,0,0,0,0.345782743870548,0,0.654217256129452,0,0,0,0,0,0,0,0,0
"TTCCATCATGCGGTGA-1",0,0,0,0,0.452403444615233,0,0.547596555384767,0,0,0,0,0,0,0,0,0
"TTCCGCAGAGAAATAT-1",0,0,0,0,0.564234040520084,0,0.435765959479916,0,0,0,0,0,0,0,0,0
"TTCCGGCTCGACTTCT-1",0,0,0,0,0.344512635074525,0,0.655487364925475,0,0,0,0,0,0,0,0,0
"TTCCTCGAGGGTGTCT-1",0,0,0,0,0.12373069189391,0,0.87626930810609,0,0,0,0,0,0,0,0,0
"TTCGACGGGAAGGGCG-1",0,0,0,0,0.321381474216648,0,0.678618525783352,0,0,0,0,0,0,0,0,0
"TTCGAGCCGGCGCTAC-1",0,0,0,0,0,0,1,0,0,0,0,0,0,0,0,0
"TTCGCACTCGCGTGCT-1",0,0,0,0,0.346026322067673,0,0.653973677932327,0,0,0,0,0,0,0,0,0
"TTCGCTATCTGACGTG-1",0,0,0,0,0.702521439904245,0,0.297478560095755,0,0,0,0,0,0,0,0,0
"TTCGGACTGATGCCTT-1",0,0,0,0,0,0,1,0,0,0,0,0,0,0,0,0
"TTCGGCAACCCGCTGA-1",0,0,0,0,0.517711806731175,0,0.482288193268825,0,0,0,0,0,0,0,0,0
"TTCGGGACTAATCGCG-1",0,0,0,0,0,0,1,0,0,0,0,0,0,0,0,0
"TTCGTAATCCCAGCGG-1",0,0,0,0,0.370637362133696,0,0.629362637866304,0,0,0,0,0,0,0,0,0
"TTCGTACTCCAGAACG-1",0,0,0,0,0,0,1,0,0,0,0,0,0,0,0,0
"TTCGTTCAACGAAGTT-1",0,0,0,0,0.492751719536414,0,0.507248280463586,0,0,0,0,0,0,0,0,0
"TTCTACCTTTATGTTG-1",0,0,0,0,0,0,1,0,0,0,0,0,0,0,0,0
"TTCTAGGCCAATTGTG-1",0,0,0,0,0.0412504564297237,0,0.958749543570276,0,0,0,0,0,0,0,0,0
"TTCTTAGTGGCTCAGA-1",0,0,0,0,0.370027469726945,0,0.629972530273055,0,0,0,0,0,0,0,0,0
"TTCTTGGAGTAATGAG-1",0,0,0,0,0.520582554337821,0,0.479417445662179,0,0,0,0,0,0,0,0,0
"TTCTTGTAACCTAATG-1",0,0,0,0,0,0,1,0,0,0,0,0,0,0,0,0
"TTGAAAGGTGTAAAGG-1",0,0,0,0,0.65538253215926,0,0.34461746784074,0,0,0,0,0,0,0,0,0
"TTGAAGAATTCCCAGG-1",0,0,0,0,0.315101548651226,0,0.684898451348774,0,0,0,0,0,0,0,0,0
"TTGACCATGTTCTCCG-1",0,0,0,0,0.57818102150452,0,0.42181897849548,0,0,0,0,0,0,0,0,0
"TTGAGGCATTTAACTC-1",0,0,0,0,0,0,1,0,0,0,0,0,0,0,0,0
"TTGATCTAACTTTGTC-1",0,0,0,0,0.374327341092419,0,0.625672658907581,0,0,0,0,0,0,0,0,0
"TTGATGTGTAGTCCCG-1",0,0,0,0,0.576101750896379,0,0.423898249103621,0,0,0,0,0,0,0,0,0
"TTGATTATGCAGATGA-1",0,0,0,0,0,0,1,0,0,0,0,0,0,0,0,0
"TTGCACGGAGCAGCAC-1",0,0,0,0,0.23793283173712,0,0.76206716826288,0,0,0,0,0,0,0,0,0
"TTGCCCTGATCACGGG-1",0,0,0,0,0,0,1,0,0,0,0,0,0,0,0,0
"TTGCCGGTGATCCCTC-1",0,0,0,0,0,0,1,0,0,0,0,0,0,0,0,0
"TTGCGTGAACGCTTAG-1",0,0,0,0,0.455000961077464,0,0.544999038922536,0,0,0,0,0,0,0,0,0
"TTGCTCCCATACCGGA-1",0,0,0,0,0.31222829232294,0,0.68777170767706,0,0,0,0,0,0,0,0,0
"TTGCTGAAGGAACCAC-1",0,0,0,0,0.299270411353175,0,0.700729588646825,0,0,0,0,0,0,0,0,0
"TTGCTGATCATGTTCG-1",0,0,0,0,0.489836926314322,0,0.510163073685678,0,0,0,0,0,0,0,0,0
"TTGCTGGCCGGGCTTC-1",0,0,0,0,0,0,1,0,0,0,0,0,0,0,0,0
"TTGGATCGACTTCTGG-1",0,0,0,0,0,0,1,0,0,0,0,0,0,0,0,0
"TTGGATTGGGTACCAC-1",0,0,0,0,0,0,1,0,0,0,0,0,0,0,0,0
"TTGGCCTAGAATTTCG-1",0,0,0,0,0.463346588125162,0,0.536653411874838,0,0,0,0,0,0,0,0,0
"TTGGCTCGCATGAGAC-1",0,0,0,0,0,0,1,0,0,0,0,0,0,0,0,0
"TTGGGACACTGCCCGC-1",0,0,0,0,0.434790747686753,0,0.565209252313247,0,0,0,0,0,0,0,0,0
"TTGGGCGGCGGTTGCC-1",0,0,0,0,0.411102841933323,0,0.588897158066677,0,0,0,0,0,0,0,0,0
"TTGTAAGGCCAGTTGG-1",0,0,0,0,0.213599756044908,0,0.786400243955092,0,0,0,0,0,0,0,0,0
"TTGTAATCCGTACTCG-1",0,0,0,0.664088964905345,0,0,0.335911035094655,0,0,0,0,0,0,0,0,0
"TTGTATCACACAGAAT-1",0,0,0,0,0,0,1,0,0,0,0,0,0,0,0,0
"TTGTCGTTCAGTTACC-1",0,0,0,0,0.334456155160881,0,0.665543844839119,0,0,0,0,0,0,0,0,0
"TTGTGGCCCTGACAGT-1",0,0,0,0,0.269861034599396,0,0.730138965400604,0,0,0,0,0,0,0,0,0
"TTGTTAGCAAATTCGA-1",0,0,0,0,0,0,1,0,0,0,0,0,0,0,0,0
"TTGTTCAGTGTGCTAC-1",0,0,0,0,0,0,1,0,0,0,0,0,0,0,0,0
"TTGTTGTGTGTCAAGA-1",0,0,0,0,0.485250543792756,0,0.514749456207244,0,0,0,0,0,0,0,0,0
