"variable","dropout_loss","Rank","Model"
"CXCR4",0.181691297208539,1,"RF"
"EPHX2",0.174712643678161,2,"RF"
"ESR2",0.17200328407225,3,"RF"
"XDH",0.17183908045977,4,"RF"
"NR3C1",0.171674876847291,5,"RF"
"FOS",0.170443349753695,6,"RF"
"C3",0.169868637110016,7,"RF"
"DNMT3A",0.169786535303777,8,"RF"
"SLC6A4",0.169540229885057,9,"RF"
"CCR7",0.16871921182266,10,"RF"
"TGFB1",0.168555008210181,11,"RF"
"INS",0.168472906403941,12,"RF"
"NQO1",0.168472906403941,13,"RF"
"CYP3A4",0.168144499178982,14,"RF"
"APOE",0.167241379310345,15,"RF"
"PTGS1",0.167077175697865,16,"RF"
"SOX9",0.166666666666667,17,"RF"
"GSR",0.166338259441708,18,"RF"
"CHUK",0.166091954022988,19,"RF"
"CSF2",0.165927750410509,20,"RF"
"BCHE",0.165763546798029,21,"RF"
"AGT",0.16568144499179,22,"RF"
"DNMT3B",0.16559934318555,23,"RF"
"BRCA1",0.165353037766831,24,"RF"
"CD40",0.165270935960591,25,"RF"
"ADRB2",0.165106732348112,26,"RF"
"IGF1",0.164860426929392,27,"RF"
"ARRB2",0.164532019704433,28,"RF"
"NOTCH2",0.164532019704433,29,"RF"
"NRP1",0.164285714285714,30,"RF"
"CYP27A1",0.164039408866995,31,"RF"
"IL1B",0.163957307060755,32,"RF"
"AKT1",0.163957307060755,33,"RF"
"CD36",0.163711001642036,34,"RF"
"HMGCR",0.163546798029557,35,"RF"
"NOS1",0.163054187192118,36,"RF"
"ESR1",0.162725779967159,37,"RF"
"FURIN",0.16256157635468,38,"RF"
"PTGS2",0.15944170771757,39,"RF"
"GHRL",0.159195402298851,40,"RF"
"IL6",0.158702791461412,41,"RF"
"CXCR4",0.153858784893268,1,"SVM"
"C3",0.148440065681445,2,"SVM"
"FOS",0.148440065681445,3,"SVM"
"CD40",0.145155993431855,4,"SVM"
"ADRB2",0.144334975369458,5,"SVM"
"AGT",0.144170771756979,6,"SVM"
"DNMT3A",0.144006568144499,7,"SVM"
"ESR2",0.14367816091954,8,"SVM"
"SLC6A4",0.143513957307061,9,"SVM"
"IL1B",0.143349753694581,10,"SVM"
"NR3C1",0.143349753694581,11,"SVM"
"ARRB2",0.143185550082102,12,"SVM"
"EPHX2",0.143185550082102,13,"SVM"
"CYP3A4",0.142528735632184,14,"SVM"
"IGF1",0.142364532019704,15,"SVM"
"CD36",0.142200328407225,16,"SVM"
"BRCA1",0.141707717569786,17,"SVM"
"IL6",0.141543513957307,18,"SVM"
"DNMT3B",0.141050903119869,19,"SVM"
"CSF2",0.140065681444992,20,"SVM"
"XDH",0.139901477832512,21,"SVM"
"AKT1",0.139080459770115,22,"SVM"
"CYP27A1",0.138916256157635,23,"SVM"
"PTGS2",0.138423645320197,24,"SVM"
"SOX9",0.138423645320197,25,"SVM"
"BCHE",0.138259441707718,26,"SVM"
"NOTCH2",0.138259441707718,27,"SVM"
"NRP1",0.138259441707718,28,"SVM"
"GSR",0.138095238095238,29,"SVM"
"CHUK",0.138095238095238,30,"SVM"
"ESR1",0.137766830870279,31,"SVM"
"APOE",0.137766830870279,32,"SVM"
"HMGCR",0.13743842364532,33,"SVM"
"PTGS1",0.137110016420361,34,"SVM"
"INS",0.136781609195402,35,"SVM"
"TGFB1",0.136288998357964,36,"SVM"
"NQO1",0.135796387520525,37,"SVM"
"CCR7",0.135139573070608,38,"SVM"
"FURIN",0.134811165845649,39,"SVM"
"GHRL",0.133169129720854,40,"SVM"
"NOS1",0.132840722495895,41,"SVM"
"HMGCR",0.465845648604269,1,"GLM"
"FOS",0.413546798029557,2,"GLM"
"CXCR4",0.396387520525452,3,"GLM"
"CD40",0.396141215106732,4,"GLM"
"C3",0.383743842364532,5,"GLM"
"CCR7",0.349096880131363,6,"GLM"
"EPHX2",0.335550082101806,7,"GLM"
"SLC6A4",0.324384236453202,8,"GLM"
"CYP3A4",0.323399014778325,9,"GLM"
"INS",0.318390804597701,10,"GLM"
"ESR1",0.313218390804598,11,"GLM"
"AGT",0.309031198686371,12,"GLM"
"XDH",0.308210180623974,13,"GLM"
"SOX9",0.306650246305419,14,"GLM"
"FURIN",0.30632183908046,15,"GLM"
"ESR2",0.301806239737274,16,"GLM"
"CSF2",0.299671592775041,17,"GLM"
"GHRL",0.299507389162562,18,"GLM"
"AKT1",0.299178981937603,19,"GLM"
"GSR",0.298932676518883,20,"GLM"
"IL6",0.297290640394089,21,"GLM"
"DNMT3B",0.290229885057471,22,"GLM"
"NR3C1",0.289326765188834,23,"GLM"
"CHUK",0.288998357963875,24,"GLM"
"PTGS1",0.288423645320197,25,"GLM"
"BCHE",0.284564860426929,26,"GLM"
"TGFB1",0.283087027914614,27,"GLM"
"NOTCH2",0.283004926108374,28,"GLM"
"NOS1",0.2811986863711,29,"GLM"
"PTGS2",0.280870279146141,30,"GLM"
"CD36",0.280131362889984,31,"GLM"
"CYP27A1",0.279885057471264,32,"GLM"
"IL1B",0.278653530377668,33,"GLM"
"NQO1",0.276683087027915,34,"GLM"
"ARRB2",0.276272577996716,35,"GLM"
"APOE",0.273234811165846,36,"GLM"
"ADRB2",0.273070607553366,37,"GLM"
"BRCA1",0.271346469622332,38,"GLM"
"NRP1",0.269540229885057,39,"GLM"
"IGF1",0.26871921182266,40,"GLM"
"DNMT3A",0.263793103448276,41,"GLM"
"CXCR4",0.23423645320197,1,"KNN"
"C3",0.214532019704433,2,"KNN"
"EPHX2",0.201724137931034,3,"KNN"
"FOS",0.194170771756979,4,"KNN"
"CD36",0.189983579638752,5,"KNN"
"XDH",0.189244663382594,6,"KNN"
"CHUK",0.188505747126437,7,"KNN"
"ADRB2",0.185385878489327,8,"KNN"
"IL1B",0.183087027914614,9,"KNN"
"BRCA1",0.182840722495895,10,"KNN"
"NR3C1",0.181937602627258,11,"KNN"
"NOTCH2",0.18128078817734,12,"KNN"
"DNMT3B",0.181034482758621,13,"KNN"
"CYP27A1",0.180377668308703,14,"KNN"
"PTGS1",0.180295566502463,15,"KNN"
"AGT",0.179967159277504,16,"KNN"
"SLC6A4",0.178981937602627,17,"KNN"
"CCR7",0.178817733990148,18,"KNN"
"PTGS2",0.178817733990148,19,"KNN"
"ESR2",0.178571428571429,20,"KNN"
"NRP1",0.178489326765189,21,"KNN"
"CYP3A4",0.178489326765189,22,"KNN"
"DNMT3A",0.17824302134647,23,"KNN"
"ESR1",0.177668308702791,24,"KNN"
"IL6",0.177586206896552,25,"KNN"
"INS",0.177257799671593,26,"KNN"
"GSR",0.177093596059113,27,"KNN"
"APOE",0.177093596059113,28,"KNN"
"TGFB1",0.176026272577997,29,"KNN"
"SOX9",0.175944170771757,30,"KNN"
"FURIN",0.175779967159277,31,"KNN"
"AKT1",0.175533661740558,32,"KNN"
"HMGCR",0.175369458128079,33,"KNN"
"GHRL",0.175369458128079,34,"KNN"
"CSF2",0.175205254515599,35,"KNN"
"NQO1",0.174302134646962,36,"KNN"
"CD40",0.173973727422003,37,"KNN"
"BCHE",0.172906403940887,38,"KNN"
"NOS1",0.171592775041051,39,"KNN"
"IGF1",0.167651888341543,40,"KNN"
"ARRB2",0.164532019704433,41,"KNN"
"IL1B",0.194417077175698,1,"GBM"
"CXCR4",0.191789819376026,2,"GBM"
"CYP27A1",0.191461412151067,3,"GBM"
"DNMT3B",0.189162561576355,4,"GBM"
"XDH",0.186371100164204,5,"GBM"
"SOX9",0.185550082101806,6,"GBM"
"HMGCR",0.185221674876847,7,"GBM"
"FOS",0.185057471264368,8,"GBM"
"CD40",0.184729064039409,9,"GBM"
"DNMT3A",0.183087027914614,10,"GBM"
"CHUK",0.182594417077176,11,"GBM"
"CD36",0.182101806239737,12,"GBM"
"PTGS2",0.181444991789819,13,"GBM"
"NQO1",0.18128078817734,14,"GBM"
"BCHE",0.180623973727422,15,"GBM"
"SLC6A4",0.180623973727422,16,"GBM"
"ADRB2",0.180623973727422,17,"GBM"
"AKT1",0.180623973727422,18,"GBM"
"CCR7",0.180623973727422,19,"GBM"
"TGFB1",0.180623973727422,20,"GBM"
"APOE",0.180623973727422,21,"GBM"
"NOTCH2",0.180623973727422,22,"GBM"
"CSF2",0.180623973727422,23,"GBM"
"BRCA1",0.180131362889984,24,"GBM"
"EPHX2",0.178817733990148,25,"GBM"
"IL6",0.178653530377668,26,"GBM"
"AGT",0.178489326765189,27,"GBM"
"NR3C1",0.178489326765189,28,"GBM"
"GHRL",0.17799671592775,29,"GBM"
"IGF1",0.17799671592775,30,"GBM"
"FURIN",0.17799671592775,31,"GBM"
"NRP1",0.17799671592775,32,"GBM"
"INS",0.177339901477833,33,"GBM"
"ARRB2",0.177339901477833,34,"GBM"
"PTGS1",0.177011494252874,35,"GBM"
"ESR1",0.176847290640394,36,"GBM"
"C3",0.176026272577997,37,"GBM"
"ESR2",0.175697865353038,38,"GBM"
"NOS1",0.174548440065681,39,"GBM"
"CYP3A4",0.174055829228243,40,"GBM"
"GSR",0.169786535303777,41,"GBM"
"CXCR4",0.261904761904762,1,"NNET"
"FOS",0.175862068965517,2,"NNET"
"PTGS2",0.163546798029557,3,"NNET"
"HMGCR",0.153530377668309,4,"NNET"
"PTGS1",0.153366174055829,5,"NNET"
"NQO1",0.152873563218391,6,"NNET"
"BCHE",0.152545155993432,7,"NNET"
"CYP3A4",0.152216748768473,8,"NNET"
"SLC6A4",0.152052545155993,9,"NNET"
"IL1B",0.151559934318555,10,"NNET"
"CCR7",0.151067323481117,11,"NNET"
"INS",0.151067323481117,12,"NNET"
"CSF2",0.14991789819376,13,"NNET"
"NOS1",0.149425287356322,14,"NNET"
"DNMT3B",0.148111658456486,15,"NNET"
"SOX9",0.147947454844007,16,"NNET"
"AGT",0.147126436781609,17,"NNET"
"ESR2",0.147126436781609,18,"NNET"
"NRP1",0.147126436781609,19,"NNET"
"TGFB1",0.14696223316913,20,"NNET"
"ARRB2",0.146305418719212,21,"NNET"
"IGF1",0.146305418719212,22,"NNET"
"ESR1",0.146141215106732,23,"NNET"
"XDH",0.145812807881773,24,"NNET"
"NOTCH2",0.145648604269294,25,"NNET"
"APOE",0.145320197044335,26,"NNET"
"CYP27A1",0.145320197044335,27,"NNET"
"GSR",0.145155993431855,28,"NNET"
"DNMT3A",0.144991789819376,29,"NNET"
"CD36",0.144663382594417,30,"NNET"
"FURIN",0.144334975369458,31,"NNET"
"EPHX2",0.144170771756979,32,"NNET"
"ADRB2",0.14384236453202,33,"NNET"
"GHRL",0.143349753694581,34,"NNET"
"CHUK",0.143021346469622,35,"NNET"
"CD40",0.142857142857143,36,"NNET"
"IL6",0.141543513957307,37,"NNET"
"AKT1",0.141215106732348,38,"NNET"
"BRCA1",0.141050903119869,39,"NNET"
"C3",0.136288998357964,40,"NNET"
"NR3C1",0.131034482758621,41,"NNET"
"CXCR4",0.163054187192118,1,"LASSO"
"C3",0.143185550082102,2,"LASSO"
"CD40",0.141871921182266,3,"LASSO"
"FOS",0.139737274220033,4,"LASSO"
"AGT",0.136617405582923,5,"LASSO"
"IL1B",0.132019704433497,6,"LASSO"
"EPHX2",0.132019704433497,7,"LASSO"
"CD36",0.130870279146141,8,"LASSO"
"XDH",0.130541871921182,9,"LASSO"
"BCHE",0.129720853858785,10,"LASSO"
"PTGS2",0.129720853858785,11,"LASSO"
"IL6",0.129720853858785,12,"LASSO"
"SLC6A4",0.129720853858785,13,"LASSO"
"GSR",0.129720853858785,14,"LASSO"
"NQO1",0.129720853858785,15,"LASSO"
"AKT1",0.129720853858785,16,"LASSO"
"NR3C1",0.129720853858785,17,"LASSO"
"CCR7",0.129720853858785,18,"LASSO"
"GHRL",0.129720853858785,19,"LASSO"
"ARRB2",0.129720853858785,20,"LASSO"
"TGFB1",0.129720853858785,21,"LASSO"
"APOE",0.129720853858785,22,"LASSO"
"ESR2",0.129720853858785,23,"LASSO"
"NOS1",0.129720853858785,24,"LASSO"
"IGF1",0.129720853858785,25,"LASSO"
"FURIN",0.129720853858785,26,"LASSO"
"NOTCH2",0.129720853858785,27,"LASSO"
"DNMT3A",0.129720853858785,28,"LASSO"
"NRP1",0.129720853858785,29,"LASSO"
"CSF2",0.129720853858785,30,"LASSO"
"DNMT3B",0.129720853858785,31,"LASSO"
"PTGS1",0.129720853858785,32,"LASSO"
"CHUK",0.129720853858785,33,"LASSO"
"BRCA1",0.129720853858785,34,"LASSO"
"CYP3A4",0.129720853858785,35,"LASSO"
"CYP27A1",0.129720853858785,36,"LASSO"
"ADRB2",0.129556650246305,37,"LASSO"
"HMGCR",0.128735632183908,38,"LASSO"
"SOX9",0.128735632183908,39,"LASSO"
"INS",0.128407224958949,40,"LASSO"
"ESR1",0.125779967159277,41,"LASSO"
"CXCR4",0.475369458128079,1,"DT"
"IL1B",0.22495894909688,2,"DT"
"BCHE",0.22495894909688,3,"DT"
"PTGS2",0.22495894909688,4,"DT"
"IL6",0.22495894909688,5,"DT"
"INS",0.22495894909688,6,"DT"
"XDH",0.22495894909688,7,"DT"
"EPHX2",0.22495894909688,8,"DT"
"SLC6A4",0.22495894909688,9,"DT"
"GSR",0.22495894909688,10,"DT"
"NQO1",0.22495894909688,11,"DT"
"ADRB2",0.22495894909688,12,"DT"
"AKT1",0.22495894909688,13,"DT"
"AGT",0.22495894909688,14,"DT"
"NR3C1",0.22495894909688,15,"DT"
"CCR7",0.22495894909688,16,"DT"
"HMGCR",0.22495894909688,17,"DT"
"GHRL",0.22495894909688,18,"DT"
"ARRB2",0.22495894909688,19,"DT"
"TGFB1",0.22495894909688,20,"DT"
"C3",0.22495894909688,21,"DT"
"APOE",0.22495894909688,22,"DT"
"FOS",0.22495894909688,23,"DT"
"ESR2",0.22495894909688,24,"DT"
"CD36",0.22495894909688,25,"DT"
"ESR1",0.22495894909688,26,"DT"
"NOS1",0.22495894909688,27,"DT"
"IGF1",0.22495894909688,28,"DT"
"FURIN",0.22495894909688,29,"DT"
"SOX9",0.22495894909688,30,"DT"
"NOTCH2",0.22495894909688,31,"DT"
"DNMT3A",0.22495894909688,32,"DT"
"NRP1",0.22495894909688,33,"DT"
"CSF2",0.22495894909688,34,"DT"
"DNMT3B",0.22495894909688,35,"DT"
"PTGS1",0.22495894909688,36,"DT"
"CHUK",0.22495894909688,37,"DT"
"CD40",0.22495894909688,38,"DT"
"BRCA1",0.22495894909688,39,"DT"
"CYP3A4",0.22495894909688,40,"DT"
"CYP27A1",0.22495894909688,41,"DT"
