"variable","permutation","dropout_loss","label"
"_full_model_",0,0.164203612479474,"RF"
"IL6",0,0.158702791461412,"RF"
"GHRL",0,0.159195402298851,"RF"
"PTGS2",0,0.15944170771757,"RF"
"FURIN",0,0.16256157635468,"RF"
"ESR1",0,0.162725779967159,"RF"
"NOS1",0,0.163054187192118,"RF"
"HMGCR",0,0.163546798029557,"RF"
"CD36",0,0.163711001642036,"RF"
"AKT1",0,0.163957307060755,"RF"
"IL1B",0,0.163957307060755,"RF"
"CYP27A1",0,0.164039408866995,"RF"
"Type",0,0.164203612479474,"RF"
"NRP1",0,0.164285714285714,"RF"
"ARRB2",0,0.164532019704433,"RF"
"NOTCH2",0,0.164532019704433,"RF"
"IGF1",0,0.164860426929392,"RF"
"ADRB2",0,0.165106732348112,"RF"
"CD40",0,0.165270935960591,"RF"
"BRCA1",0,0.165353037766831,"RF"
"DNMT3B",0,0.16559934318555,"RF"
"AGT",0,0.16568144499179,"RF"
"BCHE",0,0.165763546798029,"RF"
"CSF2",0,0.165927750410509,"RF"
"CHUK",0,0.166091954022988,"RF"
"GSR",0,0.166338259441708,"RF"
"SOX9",0,0.166666666666667,"RF"
"PTGS1",0,0.167077175697865,"RF"
"APOE",0,0.167241379310345,"RF"
"CYP3A4",0,0.168144499178982,"RF"
"INS",0,0.168472906403941,"RF"
"NQO1",0,0.168472906403941,"RF"
"TGFB1",0,0.168555008210181,"RF"
"CCR7",0,0.16871921182266,"RF"
"SLC6A4",0,0.169540229885057,"RF"
"DNMT3A",0,0.169786535303777,"RF"
"C3",0,0.169868637110016,"RF"
"FOS",0,0.170443349753695,"RF"
"NR3C1",0,0.171674876847291,"RF"
"XDH",0,0.17183908045977,"RF"
"ESR2",0,0.17200328407225,"RF"
"EPHX2",0,0.174712643678161,"RF"
"CXCR4",0,0.181691297208539,"RF"
"_baseline_",0,0.502709359605911,"RF"
"_full_model_",1,0.164203612479474,"RF"
"IL1B",1,0.161740558292282,"RF"
"BCHE",1,0.158456486042693,"RF"
"PTGS2",1,0.163382594417077,"RF"
"IL6",1,0.155172413793103,"RF"
"INS",1,0.165024630541872,"RF"
"XDH",1,0.186371100164204,"RF"
"EPHX2",1,0.169129720853859,"RF"
"SLC6A4",1,0.177339901477833,"RF"
"GSR",1,0.169950738916256,"RF"
"NQO1",1,0.168308702791461,"RF"
"ADRB2",1,0.169129720853859,"RF"
"AKT1",1,0.16256157635468,"RF"
"AGT",1,0.166666666666667,"RF"
"NR3C1",1,0.176518883415435,"RF"
"CCR7",1,0.169950738916256,"RF"
"HMGCR",1,0.167487684729064,"RF"
"GHRL",1,0.161740558292282,"RF"
"CXCR4",1,0.205254515599343,"RF"
"ARRB2",1,0.16256157635468,"RF"
"TGFB1",1,0.167487684729064,"RF"
"C3",1,0.17816091954023,"RF"
"APOE",1,0.165845648604269,"RF"
"FOS",1,0.169950738916256,"RF"
"ESR2",1,0.176518883415435,"RF"
"CD36",1,0.150246305418719,"RF"
"ESR1",1,0.160919540229885,"RF"
"NOS1",1,0.171592775041051,"RF"
"IGF1",1,0.161740558292282,"RF"
"FURIN",1,0.160098522167488,"RF"
"SOX9",1,0.167487684729064,"RF"
"NOTCH2",1,0.164203612479474,"RF"
"DNMT3A",1,0.169129720853859,"RF"
"NRP1",1,0.160919540229885,"RF"
"CSF2",1,0.160919540229885,"RF"
"DNMT3B",1,0.169129720853859,"RF"
"PTGS1",1,0.164203612479474,"RF"
"CHUK",1,0.165845648604269,"RF"
"CD40",1,0.169129720853859,"RF"
"BRCA1",1,0.169950738916256,"RF"
"CYP3A4",1,0.168308702791461,"RF"
"CYP27A1",1,0.163382594417077,"RF"
"Type",1,0.164203612479474,"RF"
"_baseline_",1,0.530377668308703,"RF"
"_full_model_",2,0.164203612479474,"RF"
"IL1B",2,0.163382594417077,"RF"
"BCHE",2,0.166666666666667,"RF"
"PTGS2",2,0.160919540229885,"RF"
"IL6",2,0.163382594417077,"RF"
"INS",2,0.169950738916256,"RF"
"XDH",2,0.175697865353038,"RF"
"EPHX2",2,0.178981937602627,"RF"
"SLC6A4",2,0.172413793103448,"RF"
"GSR",2,0.165845648604269,"RF"
"NQO1",2,0.169129720853859,"RF"
"ADRB2",2,0.167487684729064,"RF"
"AKT1",2,0.167487684729064,"RF"
"AGT",2,0.167487684729064,"RF"
"NR3C1",2,0.169129720853859,"RF"
"CCR7",2,0.166666666666667,"RF"
"HMGCR",2,0.161740558292282,"RF"
"GHRL",2,0.166666666666667,"RF"
"CXCR4",2,0.157635467980295,"RF"
"ARRB2",2,0.167487684729064,"RF"
"TGFB1",2,0.167487684729064,"RF"
"C3",2,0.144499178981938,"RF"
"APOE",2,0.168308702791461,"RF"
"FOS",2,0.181444991789819,"RF"
"ESR2",2,0.167487684729064,"RF"
"CD36",2,0.158456486042693,"RF"
"ESR1",2,0.161740558292282,"RF"
"NOS1",2,0.169950738916256,"RF"
"IGF1",2,0.164203612479474,"RF"
"FURIN",2,0.164203612479474,"RF"
"SOX9",2,0.174055829228243,"RF"
"NOTCH2",2,0.15927750410509,"RF"
"DNMT3A",2,0.173234811165846,"RF"
"NRP1",2,0.165845648604269,"RF"
"CSF2",2,0.171592775041051,"RF"
"DNMT3B",2,0.165024630541872,"RF"
"PTGS1",2,0.158456486042693,"RF"
"CHUK",2,0.165845648604269,"RF"
"CD40",2,0.140394088669951,"RF"
"BRCA1",2,0.16256157635468,"RF"
"CYP3A4",2,0.168308702791461,"RF"
"CYP27A1",2,0.160919540229885,"RF"
"Type",2,0.164203612479474,"RF"
"_baseline_",2,0.547619047619048,"RF"
"_full_model_",3,0.164203612479474,"RF"
"IL1B",3,0.151067323481117,"RF"
"BCHE",3,0.169129720853859,"RF"
"PTGS2",3,0.163382594417077,"RF"
"IL6",3,0.155993431855501,"RF"
"INS",3,0.172413793103448,"RF"
"XDH",3,0.175697865353038,"RF"
"EPHX2",3,0.172413793103448,"RF"
"SLC6A4",3,0.168308702791461,"RF"
"GSR",3,0.165024630541872,"RF"
"NQO1",3,0.169129720853859,"RF"
"ADRB2",3,0.160919540229885,"RF"
"AKT1",3,0.165845648604269,"RF"
"AGT",3,0.169950738916256,"RF"
"NR3C1",3,0.169129720853859,"RF"
"CCR7",3,0.163382594417077,"RF"
"HMGCR",3,0.155172413793103,"RF"
"GHRL",3,0.165845648604269,"RF"
"CXCR4",3,0.189655172413793,"RF"
"ARRB2",3,0.167487684729064,"RF"
"TGFB1",3,0.168308702791461,"RF"
"C3",3,0.155172413793103,"RF"
"APOE",3,0.170771756978653,"RF"
"FOS",3,0.165024630541872,"RF"
"ESR2",3,0.168308702791461,"RF"
"CD36",3,0.155993431855501,"RF"
"ESR1",3,0.164203612479474,"RF"
"NOS1",3,0.169950738916256,"RF"
"IGF1",3,0.167487684729064,"RF"
"FURIN",3,0.168308702791461,"RF"
"SOX9",3,0.16256157635468,"RF"
"NOTCH2",3,0.165845648604269,"RF"
"DNMT3A",3,0.172413793103448,"RF"
"NRP1",3,0.165024630541872,"RF"
"CSF2",3,0.167487684729064,"RF"
"DNMT3B",3,0.165845648604269,"RF"
"PTGS1",3,0.165845648604269,"RF"
"CHUK",3,0.165845648604269,"RF"
"CD40",3,0.164203612479474,"RF"
"BRCA1",3,0.165024630541872,"RF"
"CYP3A4",3,0.166666666666667,"RF"
"CYP27A1",3,0.170771756978653,"RF"
"Type",3,0.164203612479474,"RF"
"_baseline_",3,0.666666666666667,"RF"
"_full_model_",4,0.164203612479474,"RF"
"IL1B",4,0.176518883415435,"RF"
"BCHE",4,0.169950738916256,"RF"
"PTGS2",4,0.157635467980295,"RF"
"IL6",4,0.160919540229885,"RF"
"INS",4,0.167487684729064,"RF"
"XDH",4,0.156814449917898,"RF"
"EPHX2",4,0.171592775041051,"RF"
"SLC6A4",4,0.17487684729064,"RF"
"GSR",4,0.166666666666667,"RF"
"NQO1",4,0.170771756978653,"RF"
"ADRB2",4,0.160919540229885,"RF"
"AKT1",4,0.166666666666667,"RF"
"AGT",4,0.170771756978653,"RF"
"NR3C1",4,0.167487684729064,"RF"
"CCR7",4,0.176518883415435,"RF"
"HMGCR",4,0.173234811165846,"RF"
"GHRL",4,0.157635467980295,"RF"
"CXCR4",4,0.185550082101806,"RF"
"ARRB2",4,0.163382594417077,"RF"
"TGFB1",4,0.170771756978653,"RF"
"C3",4,0.17487684729064,"RF"
"APOE",4,0.172413793103448,"RF"
"FOS",4,0.147783251231527,"RF"
"ESR2",4,0.172413793103448,"RF"
"CD36",4,0.179802955665025,"RF"
"ESR1",4,0.155993431855501,"RF"
"NOS1",4,0.150246305418719,"RF"
"IGF1",4,0.166666666666667,"RF"
"FURIN",4,0.16256157635468,"RF"
"SOX9",4,0.166666666666667,"RF"
"NOTCH2",4,0.163382594417077,"RF"
"DNMT3A",4,0.167487684729064,"RF"
"NRP1",4,0.160919540229885,"RF"
"CSF2",4,0.170771756978653,"RF"
"DNMT3B",4,0.165845648604269,"RF"
"PTGS1",4,0.170771756978653,"RF"
"CHUK",4,0.167487684729064,"RF"
"CD40",4,0.173234811165846,"RF"
"BRCA1",4,0.168308702791461,"RF"
"CYP3A4",4,0.169129720853859,"RF"
"CYP27A1",4,0.165024630541872,"RF"
"Type",4,0.164203612479474,"RF"
"_baseline_",4,0.347290640394089,"RF"
"_full_model_",5,0.164203612479474,"RF"
"IL1B",5,0.152709359605911,"RF"
"BCHE",5,0.157635467980295,"RF"
"PTGS2",5,0.160098522167488,"RF"
"IL6",5,0.151888341543514,"RF"
"INS",5,0.167487684729064,"RF"
"XDH",5,0.169129720853859,"RF"
"EPHX2",5,0.17816091954023,"RF"
"SLC6A4",5,0.165845648604269,"RF"
"GSR",5,0.167487684729064,"RF"
"NQO1",5,0.165845648604269,"RF"
"ADRB2",5,0.169129720853859,"RF"
"AKT1",5,0.15927750410509,"RF"
"AGT",5,0.169129720853859,"RF"
"NR3C1",5,0.173234811165846,"RF"
"CCR7",5,0.171592775041051,"RF"
"HMGCR",5,0.152709359605911,"RF"
"GHRL",5,0.164203612479474,"RF"
"CXCR4",5,0.168308702791461,"RF"
"ARRB2",5,0.165845648604269,"RF"
"TGFB1",5,0.167487684729064,"RF"
"C3",5,0.174055829228243,"RF"
"APOE",5,0.165845648604269,"RF"
"FOS",5,0.183087027914614,"RF"
"ESR2",5,0.174055829228243,"RF"
"CD36",5,0.172413793103448,"RF"
"ESR1",5,0.161740558292282,"RF"
"NOS1",5,0.171592775041051,"RF"
"IGF1",5,0.165845648604269,"RF"
"FURIN",5,0.160098522167488,"RF"
"SOX9",5,0.168308702791461,"RF"
"NOTCH2",5,0.169129720853859,"RF"
"DNMT3A",5,0.169950738916256,"RF"
"NRP1",5,0.169129720853859,"RF"
"CSF2",5,0.16256157635468,"RF"
"DNMT3B",5,0.165024630541872,"RF"
"PTGS1",5,0.165845648604269,"RF"
"CHUK",5,0.164203612479474,"RF"
"CD40",5,0.182266009852217,"RF"
"BRCA1",5,0.166666666666667,"RF"
"CYP3A4",5,0.173234811165846,"RF"
"CYP27A1",5,0.16256157635468,"RF"
"Type",5,0.164203612479474,"RF"
"_baseline_",5,0.603448275862069,"RF"
"_full_model_",6,0.164203612479474,"RF"
"IL1B",6,0.158456486042693,"RF"
"BCHE",6,0.167487684729064,"RF"
"PTGS2",6,0.154351395730706,"RF"
"IL6",6,0.156814449917898,"RF"
"INS",6,0.165024630541872,"RF"
"XDH",6,0.164203612479475,"RF"
"EPHX2",6,0.177339901477833,"RF"
"SLC6A4",6,0.170771756978653,"RF"
"GSR",6,0.167487684729064,"RF"
"NQO1",6,0.169950738916256,"RF"
"ADRB2",6,0.167487684729064,"RF"
"AKT1",6,0.168308702791461,"RF"
"AGT",6,0.152709359605911,"RF"
"NR3C1",6,0.171592775041051,"RF"
"CCR7",6,0.163382594417077,"RF"
"HMGCR",6,0.146141215106732,"RF"
"GHRL",6,0.160919540229885,"RF"
"CXCR4",6,0.14696223316913,"RF"
"ARRB2",6,0.173234811165846,"RF"
"TGFB1",6,0.167487684729064,"RF"
"C3",6,0.171592775041051,"RF"
"APOE",6,0.155993431855501,"RF"
"FOS",6,0.165845648604269,"RF"
"ESR2",6,0.171592775041051,"RF"
"CD36",6,0.157635467980295,"RF"
"ESR1",6,0.16256157635468,"RF"
"NOS1",6,0.155993431855501,"RF"
"IGF1",6,0.163382594417077,"RF"
"FURIN",6,0.163382594417077,"RF"
"SOX9",6,0.176518883415435,"RF"
"NOTCH2",6,0.165024630541872,"RF"
"DNMT3A",6,0.166666666666667,"RF"
"NRP1",6,0.164203612479474,"RF"
"CSF2",6,0.169129720853859,"RF"
"DNMT3B",6,0.165024630541872,"RF"
"PTGS1",6,0.167487684729064,"RF"
"CHUK",6,0.165024630541872,"RF"
"CD40",6,0.169129720853859,"RF"
"BRCA1",6,0.163382594417077,"RF"
"CYP3A4",6,0.169950738916256,"RF"
"CYP27A1",6,0.165024630541872,"RF"
"Type",6,0.164203612479474,"RF"
"_baseline_",6,0.474548440065681,"RF"
"_full_model_",7,0.164203612479474,"RF"
"IL1B",7,0.163382594417077,"RF"
"BCHE",7,0.165845648604269,"RF"
"PTGS2",7,0.154351395730706,"RF"
"IL6",7,0.155993431855501,"RF"
"INS",7,0.164203612479474,"RF"
"XDH",7,0.167487684729064,"RF"
"EPHX2",7,0.180623973727422,"RF"
"SLC6A4",7,0.164203612479474,"RF"
"GSR",7,0.166666666666667,"RF"
"NQO1",7,0.169129720853859,"RF"
"ADRB2",7,0.166666666666667,"RF"
"AKT1",7,0.16256157635468,"RF"
"AGT",7,0.166666666666667,"RF"
"NR3C1",7,0.173234811165846,"RF"
"CCR7",7,0.17816091954023,"RF"
"HMGCR",7,0.177339901477833,"RF"
"GHRL",7,0.157635467980295,"RF"
"CXCR4",7,0.168308702791461,"RF"
"ARRB2",7,0.156814449917898,"RF"
"TGFB1",7,0.168308702791461,"RF"
"C3",7,0.15927750410509,"RF"
"APOE",7,0.163382594417077,"RF"
"FOS",7,0.187192118226601,"RF"
"ESR2",7,0.173234811165846,"RF"
"CD36",7,0.147783251231527,"RF"
"ESR1",7,0.172413793103448,"RF"
"NOS1",7,0.157635467980295,"RF"
"IGF1",7,0.164203612479474,"RF"
"FURIN",7,0.166666666666667,"RF"
"SOX9",7,0.171592775041051,"RF"
"NOTCH2",7,0.160098522167488,"RF"
"DNMT3A",7,0.173234811165846,"RF"
"NRP1",7,0.165024630541872,"RF"
"CSF2",7,0.165845648604269,"RF"
"DNMT3B",7,0.167487684729064,"RF"
"PTGS1",7,0.169129720853859,"RF"
"CHUK",7,0.166666666666667,"RF"
"CD40",7,0.154351395730706,"RF"
"BRCA1",7,0.163382594417077,"RF"
"CYP3A4",7,0.168308702791461,"RF"
"CYP27A1",7,0.16256157635468,"RF"
"Type",7,0.164203612479474,"RF"
"_baseline_",7,0.395730706075534,"RF"
"_full_model_",8,0.164203612479474,"RF"
"IL1B",8,0.173234811165846,"RF"
"BCHE",8,0.165845648604269,"RF"
"PTGS2",8,0.165845648604269,"RF"
"IL6",8,0.164203612479474,"RF"
"INS",8,0.174055829228243,"RF"
"XDH",8,0.180623973727422,"RF"
"EPHX2",8,0.168308702791461,"RF"
"SLC6A4",8,0.166666666666667,"RF"
"GSR",8,0.165024630541872,"RF"
"NQO1",8,0.171592775041051,"RF"
"ADRB2",8,0.16256157635468,"RF"
"AKT1",8,0.164203612479474,"RF"
"AGT",8,0.155993431855501,"RF"
"NR3C1",8,0.169950738916256,"RF"
"CCR7",8,0.167487684729064,"RF"
"HMGCR",8,0.173234811165846,"RF"
"GHRL",8,0.153530377668309,"RF"
"CXCR4",8,0.198686371100164,"RF"
"ARRB2",8,0.16256157635468,"RF"
"TGFB1",8,0.169950738916256,"RF"
"C3",8,0.175697865353038,"RF"
"APOE",8,0.168308702791461,"RF"
"FOS",8,0.180623973727422,"RF"
"ESR2",8,0.171592775041051,"RF"
"CD36",8,0.181444991789819,"RF"
"ESR1",8,0.165024630541872,"RF"
"NOS1",8,0.156814449917898,"RF"
"IGF1",8,0.165845648604269,"RF"
"FURIN",8,0.16256157635468,"RF"
"SOX9",8,0.160098522167488,"RF"
"NOTCH2",8,0.168308702791461,"RF"
"DNMT3A",8,0.170771756978653,"RF"
"NRP1",8,0.165845648604269,"RF"
"CSF2",8,0.16256157635468,"RF"
"DNMT3B",8,0.165845648604269,"RF"
"PTGS1",8,0.170771756978653,"RF"
"CHUK",8,0.165845648604269,"RF"
"CD40",8,0.153530377668309,"RF"
"BRCA1",8,0.164203612479474,"RF"
"CYP3A4",8,0.165845648604269,"RF"
"CYP27A1",8,0.163382594417077,"RF"
"Type",8,0.164203612479474,"RF"
"_baseline_",8,0.577175697865353,"RF"
"_full_model_",9,0.164203612479474,"RF"
"IL1B",9,0.165024630541872,"RF"
"BCHE",9,0.169950738916256,"RF"
"PTGS2",9,0.160919540229885,"RF"
"IL6",9,0.160098522167488,"RF"
"INS",9,0.172413793103448,"RF"
"XDH",9,0.167487684729064,"RF"
"EPHX2",9,0.169129720853859,"RF"
"SLC6A4",9,0.16256157635468,"RF"
"GSR",9,0.164203612479474,"RF"
"NQO1",9,0.164203612479474,"RF"
"ADRB2",9,0.167487684729064,"RF"
"AKT1",9,0.15927750410509,"RF"
"AGT",9,0.163382594417077,"RF"
"NR3C1",9,0.170771756978653,"RF"
"CCR7",9,0.160098522167488,"RF"
"HMGCR",9,0.151067323481117,"RF"
"GHRL",9,0.149425287356322,"RF"
"CXCR4",9,0.203612479474548,"RF"
"ARRB2",9,0.160098522167488,"RF"
"TGFB1",9,0.169129720853859,"RF"
"C3",9,0.198686371100164,"RF"
"APOE",9,0.169129720853859,"RF"
"FOS",9,0.157635467980296,"RF"
"ESR2",9,0.170771756978653,"RF"
"CD36",9,0.164203612479474,"RF"
"ESR1",9,0.160919540229885,"RF"
"NOS1",9,0.15927750410509,"RF"
"IGF1",9,0.165845648604269,"RF"
"FURIN",9,0.157635467980295,"RF"
"SOX9",9,0.153530377668309,"RF"
"NOTCH2",9,0.172413793103448,"RF"
"DNMT3A",9,0.168308702791461,"RF"
"NRP1",9,0.165845648604269,"RF"
"CSF2",9,0.166666666666667,"RF"
"DNMT3B",9,0.164203612479474,"RF"
"PTGS1",9,0.169129720853859,"RF"
"CHUK",9,0.166666666666667,"RF"
"CD40",9,0.180623973727422,"RF"
"BRCA1",9,0.15927750410509,"RF"
"CYP3A4",9,0.165845648604269,"RF"
"CYP27A1",9,0.163382594417077,"RF"
"Type",9,0.164203612479474,"RF"
"_baseline_",9,0.353858784893268,"RF"
"_full_model_",10,0.164203612479474,"RF"
"IL1B",10,0.174055829228243,"RF"
"BCHE",10,0.166666666666667,"RF"
"PTGS2",10,0.153530377668309,"RF"
"IL6",10,0.16256157635468,"RF"
"INS",10,0.166666666666667,"RF"
"XDH",10,0.17487684729064,"RF"
"EPHX2",10,0.181444991789819,"RF"
"SLC6A4",10,0.172413793103448,"RF"
"GSR",10,0.165024630541872,"RF"
"NQO1",10,0.166666666666667,"RF"
"ADRB2",10,0.15927750410509,"RF"
"AKT1",10,0.163382594417077,"RF"
"AGT",10,0.174055829228243,"RF"
"NR3C1",10,0.175697865353038,"RF"
"CCR7",10,0.169950738916256,"RF"
"HMGCR",10,0.177339901477833,"RF"
"GHRL",10,0.154351395730706,"RF"
"CXCR4",10,0.192939244663383,"RF"
"ARRB2",10,0.165845648604269,"RF"
"TGFB1",10,0.169129720853859,"RF"
"C3",10,0.166666666666667,"RF"
"APOE",10,0.172413793103448,"RF"
"FOS",10,0.165845648604269,"RF"
"ESR2",10,0.174055829228243,"RF"
"CD36",10,0.169129720853859,"RF"
"ESR1",10,0.161740558292282,"RF"
"NOS1",10,0.167487684729064,"RF"
"IGF1",10,0.163382594417077,"RF"
"FURIN",10,0.160098522167488,"RF"
"SOX9",10,0.165845648604269,"RF"
"NOTCH2",10,0.157635467980295,"RF"
"DNMT3A",10,0.166666666666667,"RF"
"NRP1",10,0.160098522167488,"RF"
"CSF2",10,0.161740558292282,"RF"
"DNMT3B",10,0.16256157635468,"RF"
"PTGS1",10,0.169129720853859,"RF"
"CHUK",10,0.167487684729064,"RF"
"CD40",10,0.165845648604269,"RF"
"BRCA1",10,0.170771756978654,"RF"
"CYP3A4",10,0.165845648604269,"RF"
"CYP27A1",10,0.163382594417077,"RF"
"Type",10,0.164203612479474,"RF"
"_baseline_",10,0.530377668308703,"RF"
