"variable","permutation","dropout_loss","label"
"_full_model_",0,0.134646962233169,"SVM"
"NOS1",0,0.132840722495895,"SVM"
"GHRL",0,0.133169129720854,"SVM"
"Type",0,0.134646962233169,"SVM"
"FURIN",0,0.134811165845649,"SVM"
"CCR7",0,0.135139573070608,"SVM"
"NQO1",0,0.135796387520525,"SVM"
"TGFB1",0,0.136288998357964,"SVM"
"INS",0,0.136781609195402,"SVM"
"PTGS1",0,0.137110016420361,"SVM"
"HMGCR",0,0.13743842364532,"SVM"
"APOE",0,0.137766830870279,"SVM"
"ESR1",0,0.137766830870279,"SVM"
"GSR",0,0.138095238095238,"SVM"
"CHUK",0,0.138095238095238,"SVM"
"BCHE",0,0.138259441707718,"SVM"
"NOTCH2",0,0.138259441707718,"SVM"
"NRP1",0,0.138259441707718,"SVM"
"PTGS2",0,0.138423645320197,"SVM"
"SOX9",0,0.138423645320197,"SVM"
"CYP27A1",0,0.138916256157635,"SVM"
"AKT1",0,0.139080459770115,"SVM"
"XDH",0,0.139901477832512,"SVM"
"CSF2",0,0.140065681444992,"SVM"
"DNMT3B",0,0.141050903119869,"SVM"
"IL6",0,0.141543513957307,"SVM"
"BRCA1",0,0.141707717569786,"SVM"
"CD36",0,0.142200328407225,"SVM"
"IGF1",0,0.142364532019704,"SVM"
"CYP3A4",0,0.142528735632184,"SVM"
"EPHX2",0,0.143185550082102,"SVM"
"ARRB2",0,0.143185550082102,"SVM"
"IL1B",0,0.143349753694581,"SVM"
"NR3C1",0,0.143349753694581,"SVM"
"SLC6A4",0,0.143513957307061,"SVM"
"ESR2",0,0.14367816091954,"SVM"
"DNMT3A",0,0.144006568144499,"SVM"
"AGT",0,0.144170771756979,"SVM"
"ADRB2",0,0.144334975369458,"SVM"
"CD40",0,0.145155993431855,"SVM"
"C3",0,0.148440065681445,"SVM"
"FOS",0,0.148440065681445,"SVM"
"CXCR4",0,0.153858784893268,"SVM"
"_baseline_",0,0.497372742200328,"SVM"
"_full_model_",1,0.134646962233169,"SVM"
"IL1B",1,0.149425287356322,"SVM"
"BCHE",1,0.139573070607553,"SVM"
"PTGS2",1,0.137931034482759,"SVM"
"IL6",1,0.142857142857143,"SVM"
"INS",1,0.134646962233169,"SVM"
"XDH",1,0.137931034482759,"SVM"
"EPHX2",1,0.141215106732348,"SVM"
"SLC6A4",1,0.147783251231527,"SVM"
"GSR",1,0.139573070607553,"SVM"
"NQO1",1,0.136288998357964,"SVM"
"ADRB2",1,0.155993431855501,"SVM"
"AKT1",1,0.144499178981938,"SVM"
"AGT",1,0.141215106732348,"SVM"
"NR3C1",1,0.144499178981938,"SVM"
"CCR7",1,0.134646962233169,"SVM"
"HMGCR",1,0.147783251231527,"SVM"
"GHRL",1,0.12807881773399,"SVM"
"CXCR4",1,0.149425287356322,"SVM"
"ARRB2",1,0.137931034482759,"SVM"
"TGFB1",1,0.136288998357964,"SVM"
"C3",1,0.144499178981938,"SVM"
"APOE",1,0.137931034482759,"SVM"
"FOS",1,0.155993431855501,"SVM"
"ESR2",1,0.139573070607553,"SVM"
"CD36",1,0.152709359605911,"SVM"
"ESR1",1,0.126436781609195,"SVM"
"NOS1",1,0.133004926108374,"SVM"
"IGF1",1,0.136288998357964,"SVM"
"FURIN",1,0.134646962233169,"SVM"
"SOX9",1,0.133004926108374,"SVM"
"NOTCH2",1,0.137931034482759,"SVM"
"DNMT3A",1,0.147783251231527,"SVM"
"NRP1",1,0.141215106732348,"SVM"
"CSF2",1,0.141215106732348,"SVM"
"DNMT3B",1,0.147783251231527,"SVM"
"PTGS1",1,0.139573070607553,"SVM"
"CHUK",1,0.136288998357964,"SVM"
"CD40",1,0.123152709359606,"SVM"
"BRCA1",1,0.133004926108374,"SVM"
"CYP3A4",1,0.141215106732348,"SVM"
"CYP27A1",1,0.137931034482759,"SVM"
"Type",1,0.134646962233169,"SVM"
"_baseline_",1,0.400656814449918,"SVM"
"_full_model_",2,0.134646962233169,"SVM"
"IL1B",2,0.133004926108374,"SVM"
"BCHE",2,0.137931034482759,"SVM"
"PTGS2",2,0.139573070607553,"SVM"
"IL6",2,0.155993431855501,"SVM"
"INS",2,0.144499178981938,"SVM"
"XDH",2,0.144499178981938,"SVM"
"EPHX2",2,0.147783251231527,"SVM"
"SLC6A4",2,0.134646962233169,"SVM"
"GSR",2,0.146141215106732,"SVM"
"NQO1",2,0.139573070607553,"SVM"
"ADRB2",2,0.151067323481117,"SVM"
"AKT1",2,0.139573070607553,"SVM"
"AGT",2,0.152709359605911,"SVM"
"NR3C1",2,0.144499178981938,"SVM"
"CCR7",2,0.129720853858785,"SVM"
"HMGCR",2,0.139573070607553,"SVM"
"GHRL",2,0.137931034482759,"SVM"
"CXCR4",2,0.142857142857143,"SVM"
"ARRB2",2,0.141215106732348,"SVM"
"TGFB1",2,0.136288998357964,"SVM"
"C3",2,0.147783251231527,"SVM"
"APOE",2,0.142857142857143,"SVM"
"FOS",2,0.15927750410509,"SVM"
"ESR2",2,0.142857142857143,"SVM"
"CD36",2,0.151067323481117,"SVM"
"ESR1",2,0.141215106732348,"SVM"
"NOS1",2,0.137931034482759,"SVM"
"IGF1",2,0.141215106732348,"SVM"
"FURIN",2,0.137931034482759,"SVM"
"SOX9",2,0.142857142857143,"SVM"
"NOTCH2",2,0.136288998357964,"SVM"
"DNMT3A",2,0.146141215106732,"SVM"
"NRP1",2,0.137931034482759,"SVM"
"CSF2",2,0.141215106732348,"SVM"
"DNMT3B",2,0.141215106732348,"SVM"
"PTGS1",2,0.137931034482759,"SVM"
"CHUK",2,0.141215106732348,"SVM"
"CD40",2,0.129720853858785,"SVM"
"BRCA1",2,0.144499178981938,"SVM"
"CYP3A4",2,0.139573070607553,"SVM"
"CYP27A1",2,0.139573070607553,"SVM"
"Type",2,0.134646962233169,"SVM"
"_baseline_",2,0.655172413793103,"SVM"
"_full_model_",3,0.134646962233169,"SVM"
"IL1B",3,0.157635467980296,"SVM"
"BCHE",3,0.133004926108374,"SVM"
"PTGS2",3,0.139573070607553,"SVM"
"IL6",3,0.141215106732348,"SVM"
"INS",3,0.139573070607553,"SVM"
"XDH",3,0.136288998357964,"SVM"
"EPHX2",3,0.144499178981938,"SVM"
"SLC6A4",3,0.149425287356322,"SVM"
"GSR",3,0.129720853858785,"SVM"
"NQO1",3,0.134646962233169,"SVM"
"ADRB2",3,0.141215106732348,"SVM"
"AKT1",3,0.144499178981938,"SVM"
"AGT",3,0.144499178981938,"SVM"
"NR3C1",3,0.146141215106732,"SVM"
"CCR7",3,0.142857142857143,"SVM"
"HMGCR",3,0.136288998357964,"SVM"
"GHRL",3,0.129720853858785,"SVM"
"CXCR4",3,0.149425287356322,"SVM"
"ARRB2",3,0.141215106732348,"SVM"
"TGFB1",3,0.133004926108374,"SVM"
"C3",3,0.155993431855501,"SVM"
"APOE",3,0.142857142857143,"SVM"
"FOS",3,0.152709359605911,"SVM"
"ESR2",3,0.149425287356322,"SVM"
"CD36",3,0.147783251231527,"SVM"
"ESR1",3,0.142857142857143,"SVM"
"NOS1",3,0.12807881773399,"SVM"
"IGF1",3,0.146141215106732,"SVM"
"FURIN",3,0.126436781609195,"SVM"
"SOX9",3,0.126436781609195,"SVM"
"NOTCH2",3,0.141215106732348,"SVM"
"DNMT3A",3,0.144499178981938,"SVM"
"NRP1",3,0.134646962233169,"SVM"
"CSF2",3,0.141215106732348,"SVM"
"DNMT3B",3,0.139573070607553,"SVM"
"PTGS1",3,0.137931034482759,"SVM"
"CHUK",3,0.136288998357964,"SVM"
"CD40",3,0.152709359605911,"SVM"
"BRCA1",3,0.141215106732348,"SVM"
"CYP3A4",3,0.137931034482759,"SVM"
"CYP27A1",3,0.141215106732348,"SVM"
"Type",3,0.134646962233169,"SVM"
"_baseline_",3,0.376026272577997,"SVM"
"_full_model_",4,0.134646962233169,"SVM"
"IL1B",4,0.149425287356322,"SVM"
"BCHE",4,0.137931034482759,"SVM"
"PTGS2",4,0.137931034482759,"SVM"
"IL6",4,0.144499178981938,"SVM"
"INS",4,0.136288998357964,"SVM"
"XDH",4,0.141215106732348,"SVM"
"EPHX2",4,0.141215106732348,"SVM"
"SLC6A4",4,0.146141215106732,"SVM"
"GSR",4,0.142857142857143,"SVM"
"NQO1",4,0.136288998357964,"SVM"
"ADRB2",4,0.147783251231527,"SVM"
"AKT1",4,0.137931034482759,"SVM"
"AGT",4,0.144499178981938,"SVM"
"NR3C1",4,0.141215106732348,"SVM"
"CCR7",4,0.133004926108374,"SVM"
"HMGCR",4,0.136288998357964,"SVM"
"GHRL",4,0.12807881773399,"SVM"
"CXCR4",4,0.165845648604269,"SVM"
"ARRB2",4,0.142857142857143,"SVM"
"TGFB1",4,0.133004926108374,"SVM"
"C3",4,0.16256157635468,"SVM"
"APOE",4,0.137931034482759,"SVM"
"FOS",4,0.146141215106732,"SVM"
"ESR2",4,0.139573070607553,"SVM"
"CD36",4,0.13136288998358,"SVM"
"ESR1",4,0.146141215106732,"SVM"
"NOS1",4,0.133004926108374,"SVM"
"IGF1",4,0.144499178981938,"SVM"
"FURIN",4,0.136288998357964,"SVM"
"SOX9",4,0.137931034482759,"SVM"
"NOTCH2",4,0.134646962233169,"SVM"
"DNMT3A",4,0.144499178981938,"SVM"
"NRP1",4,0.134646962233169,"SVM"
"CSF2",4,0.133004926108374,"SVM"
"DNMT3B",4,0.142857142857143,"SVM"
"PTGS1",4,0.139573070607553,"SVM"
"CHUK",4,0.136288998357964,"SVM"
"CD40",4,0.160919540229885,"SVM"
"BRCA1",4,0.147783251231527,"SVM"
"CYP3A4",4,0.142857142857143,"SVM"
"CYP27A1",4,0.142857142857143,"SVM"
"Type",4,0.134646962233169,"SVM"
"_baseline_",4,0.574712643678161,"SVM"
"_full_model_",5,0.134646962233169,"SVM"
"IL1B",5,0.142857142857143,"SVM"
"BCHE",5,0.139573070607553,"SVM"
"PTGS2",5,0.136288998357964,"SVM"
"IL6",5,0.136288998357964,"SVM"
"INS",5,0.129720853858785,"SVM"
"XDH",5,0.144499178981938,"SVM"
"EPHX2",5,0.141215106732348,"SVM"
"SLC6A4",5,0.142857142857143,"SVM"
"GSR",5,0.136288998357964,"SVM"
"NQO1",5,0.129720853858785,"SVM"
"ADRB2",5,0.137931034482759,"SVM"
"AKT1",5,0.139573070607553,"SVM"
"AGT",5,0.139573070607553,"SVM"
"NR3C1",5,0.141215106732348,"SVM"
"CCR7",5,0.144499178981938,"SVM"
"HMGCR",5,0.136288998357964,"SVM"
"GHRL",5,0.133004926108374,"SVM"
"CXCR4",5,0.164203612479475,"SVM"
"ARRB2",5,0.155993431855501,"SVM"
"TGFB1",5,0.141215106732348,"SVM"
"C3",5,0.144499178981938,"SVM"
"APOE",5,0.134646962233169,"SVM"
"FOS",5,0.144499178981938,"SVM"
"ESR2",5,0.146141215106732,"SVM"
"CD36",5,0.139573070607553,"SVM"
"ESR1",5,0.141215106732348,"SVM"
"NOS1",5,0.12807881773399,"SVM"
"IGF1",5,0.139573070607553,"SVM"
"FURIN",5,0.13136288998358,"SVM"
"SOX9",5,0.137931034482759,"SVM"
"NOTCH2",5,0.144499178981938,"SVM"
"DNMT3A",5,0.144499178981938,"SVM"
"NRP1",5,0.137931034482759,"SVM"
"CSF2",5,0.136288998357964,"SVM"
"DNMT3B",5,0.142857142857143,"SVM"
"PTGS1",5,0.133004926108374,"SVM"
"CHUK",5,0.129720853858785,"SVM"
"CD40",5,0.137931034482759,"SVM"
"BRCA1",5,0.144499178981938,"SVM"
"CYP3A4",5,0.137931034482759,"SVM"
"CYP27A1",5,0.137931034482759,"SVM"
"Type",5,0.134646962233169,"SVM"
"_baseline_",5,0.576354679802956,"SVM"
"_full_model_",6,0.134646962233169,"SVM"
"IL1B",6,0.134646962233169,"SVM"
"BCHE",6,0.137931034482759,"SVM"
"PTGS2",6,0.137931034482759,"SVM"
"IL6",6,0.139573070607553,"SVM"
"INS",6,0.136288998357964,"SVM"
"XDH",6,0.137931034482759,"SVM"
"EPHX2",6,0.147783251231527,"SVM"
"SLC6A4",6,0.139573070607553,"SVM"
"GSR",6,0.137931034482759,"SVM"
"NQO1",6,0.139573070607553,"SVM"
"ADRB2",6,0.146141215106732,"SVM"
"AKT1",6,0.139573070607553,"SVM"
"AGT",6,0.139573070607553,"SVM"
"NR3C1",6,0.149425287356322,"SVM"
"CCR7",6,0.139573070607553,"SVM"
"HMGCR",6,0.151067323481117,"SVM"
"GHRL",6,0.134646962233169,"SVM"
"CXCR4",6,0.167487684729064,"SVM"
"ARRB2",6,0.154351395730706,"SVM"
"TGFB1",6,0.13136288998358,"SVM"
"C3",6,0.134646962233169,"SVM"
"APOE",6,0.136288998357964,"SVM"
"FOS",6,0.15927750410509,"SVM"
"ESR2",6,0.147783251231527,"SVM"
"CD36",6,0.147783251231527,"SVM"
"ESR1",6,0.133004926108374,"SVM"
"NOS1",6,0.13136288998358,"SVM"
"IGF1",6,0.142857142857143,"SVM"
"FURIN",6,0.137931034482759,"SVM"
"SOX9",6,0.136288998357964,"SVM"
"NOTCH2",6,0.136288998357964,"SVM"
"DNMT3A",6,0.141215106732348,"SVM"
"NRP1",6,0.137931034482759,"SVM"
"CSF2",6,0.141215106732348,"SVM"
"DNMT3B",6,0.141215106732348,"SVM"
"PTGS1",6,0.141215106732348,"SVM"
"CHUK",6,0.147783251231527,"SVM"
"CD40",6,0.147783251231527,"SVM"
"BRCA1",6,0.137931034482759,"SVM"
"CYP3A4",6,0.146141215106732,"SVM"
"CYP27A1",6,0.13136288998358,"SVM"
"Type",6,0.134646962233169,"SVM"
"_baseline_",6,0.482758620689655,"SVM"
"_full_model_",7,0.134646962233169,"SVM"
"IL1B",7,0.146141215106732,"SVM"
"BCHE",7,0.139573070607553,"SVM"
"PTGS2",7,0.136288998357964,"SVM"
"IL6",7,0.136288998357964,"SVM"
"INS",7,0.137931034482759,"SVM"
"XDH",7,0.139573070607553,"SVM"
"EPHX2",7,0.137931034482759,"SVM"
"SLC6A4",7,0.134646962233169,"SVM"
"GSR",7,0.136288998357964,"SVM"
"NQO1",7,0.136288998357964,"SVM"
"ADRB2",7,0.137931034482759,"SVM"
"AKT1",7,0.134646962233169,"SVM"
"AGT",7,0.147783251231527,"SVM"
"NR3C1",7,0.142857142857143,"SVM"
"CCR7",7,0.129720853858785,"SVM"
"HMGCR",7,0.123152709359606,"SVM"
"GHRL",7,0.139573070607553,"SVM"
"CXCR4",7,0.154351395730706,"SVM"
"ARRB2",7,0.149425287356322,"SVM"
"TGFB1",7,0.136288998357964,"SVM"
"C3",7,0.123152709359606,"SVM"
"APOE",7,0.136288998357964,"SVM"
"FOS",7,0.126436781609195,"SVM"
"ESR2",7,0.141215106732348,"SVM"
"CD36",7,0.139573070607553,"SVM"
"ESR1",7,0.124794745484401,"SVM"
"NOS1",7,0.139573070607553,"SVM"
"IGF1",7,0.147783251231527,"SVM"
"FURIN",7,0.137931034482759,"SVM"
"SOX9",7,0.146141215106732,"SVM"
"NOTCH2",7,0.134646962233169,"SVM"
"DNMT3A",7,0.146141215106732,"SVM"
"NRP1",7,0.134646962233169,"SVM"
"CSF2",7,0.142857142857143,"SVM"
"DNMT3B",7,0.141215106732348,"SVM"
"PTGS1",7,0.133004926108374,"SVM"
"CHUK",7,0.142857142857143,"SVM"
"CD40",7,0.157635467980296,"SVM"
"BRCA1",7,0.146141215106732,"SVM"
"CYP3A4",7,0.141215106732348,"SVM"
"CYP27A1",7,0.144499178981938,"SVM"
"Type",7,0.134646962233169,"SVM"
"_baseline_",7,0.594417077175698,"SVM"
"_full_model_",8,0.134646962233169,"SVM"
"IL1B",8,0.136288998357964,"SVM"
"BCHE",8,0.139573070607553,"SVM"
"PTGS2",8,0.146141215106732,"SVM"
"IL6",8,0.137931034482759,"SVM"
"INS",8,0.139573070607553,"SVM"
"XDH",8,0.129720853858785,"SVM"
"EPHX2",8,0.13136288998358,"SVM"
"SLC6A4",8,0.147783251231527,"SVM"
"GSR",8,0.134646962233169,"SVM"
"NQO1",8,0.134646962233169,"SVM"
"ADRB2",8,0.146141215106732,"SVM"
"AKT1",8,0.139573070607553,"SVM"
"AGT",8,0.146141215106732,"SVM"
"NR3C1",8,0.136288998357964,"SVM"
"CCR7",8,0.13136288998358,"SVM"
"HMGCR",8,0.134646962233169,"SVM"
"GHRL",8,0.134646962233169,"SVM"
"CXCR4",8,0.146141215106732,"SVM"
"ARRB2",8,0.126436781609195,"SVM"
"TGFB1",8,0.137931034482759,"SVM"
"C3",8,0.154351395730706,"SVM"
"APOE",8,0.141215106732348,"SVM"
"FOS",8,0.149425287356322,"SVM"
"ESR2",8,0.139573070607553,"SVM"
"CD36",8,0.149425287356322,"SVM"
"ESR1",8,0.146141215106732,"SVM"
"NOS1",8,0.13136288998358,"SVM"
"IGF1",8,0.142857142857143,"SVM"
"FURIN",8,0.134646962233169,"SVM"
"SOX9",8,0.139573070607553,"SVM"
"NOTCH2",8,0.139573070607553,"SVM"
"DNMT3A",8,0.141215106732348,"SVM"
"NRP1",8,0.147783251231527,"SVM"
"CSF2",8,0.147783251231527,"SVM"
"DNMT3B",8,0.139573070607553,"SVM"
"PTGS1",8,0.142857142857143,"SVM"
"CHUK",8,0.141215106732348,"SVM"
"CD40",8,0.151067323481117,"SVM"
"BRCA1",8,0.137931034482759,"SVM"
"CYP3A4",8,0.147783251231527,"SVM"
"CYP27A1",8,0.136288998357964,"SVM"
"Type",8,0.134646962233169,"SVM"
"_baseline_",8,0.282430213464696,"SVM"
"_full_model_",9,0.134646962233169,"SVM"
"IL1B",9,0.147783251231527,"SVM"
"BCHE",9,0.137931034482759,"SVM"
"PTGS2",9,0.137931034482759,"SVM"
"IL6",9,0.142857142857143,"SVM"
"INS",9,0.13136288998358,"SVM"
"XDH",9,0.147783251231527,"SVM"
"EPHX2",9,0.147783251231527,"SVM"
"SLC6A4",9,0.151067323481117,"SVM"
"GSR",9,0.139573070607553,"SVM"
"NQO1",9,0.134646962233169,"SVM"
"ADRB2",9,0.146141215106732,"SVM"
"AKT1",9,0.139573070607553,"SVM"
"AGT",9,0.146141215106732,"SVM"
"NR3C1",9,0.144499178981938,"SVM"
"CCR7",9,0.133004926108374,"SVM"
"HMGCR",9,0.12807881773399,"SVM"
"GHRL",9,0.13136288998358,"SVM"
"CXCR4",9,0.157635467980296,"SVM"
"ARRB2",9,0.144499178981938,"SVM"
"TGFB1",9,0.139573070607553,"SVM"
"C3",9,0.160919540229885,"SVM"
"APOE",9,0.136288998357964,"SVM"
"FOS",9,0.133004926108374,"SVM"
"ESR2",9,0.146141215106732,"SVM"
"CD36",9,0.134646962233169,"SVM"
"ESR1",9,0.141215106732348,"SVM"
"NOS1",9,0.13136288998358,"SVM"
"IGF1",9,0.139573070607553,"SVM"
"FURIN",9,0.136288998357964,"SVM"
"SOX9",9,0.137931034482759,"SVM"
"NOTCH2",9,0.137931034482759,"SVM"
"DNMT3A",9,0.141215106732348,"SVM"
"NRP1",9,0.141215106732348,"SVM"
"CSF2",9,0.137931034482759,"SVM"
"DNMT3B",9,0.136288998357964,"SVM"
"PTGS1",9,0.133004926108374,"SVM"
"CHUK",9,0.136288998357964,"SVM"
"CD40",9,0.151067323481117,"SVM"
"BRCA1",9,0.137931034482759,"SVM"
"CYP3A4",9,0.147783251231527,"SVM"
"CYP27A1",9,0.136288998357964,"SVM"
"Type",9,0.134646962233169,"SVM"
"_baseline_",9,0.499178981937603,"SVM"
"_full_model_",10,0.134646962233169,"SVM"
"IL1B",10,0.136288998357964,"SVM"
"BCHE",10,0.139573070607553,"SVM"
"PTGS2",10,0.134646962233169,"SVM"
"IL6",10,0.137931034482759,"SVM"
"INS",10,0.137931034482759,"SVM"
"XDH",10,0.139573070607553,"SVM"
"EPHX2",10,0.151067323481117,"SVM"
"SLC6A4",10,0.141215106732348,"SVM"
"GSR",10,0.137931034482759,"SVM"
"NQO1",10,0.136288998357964,"SVM"
"ADRB2",10,0.133004926108374,"SVM"
"AKT1",10,0.13136288998358,"SVM"
"AGT",10,0.139573070607553,"SVM"
"NR3C1",10,0.142857142857143,"SVM"
"CCR7",10,0.133004926108374,"SVM"
"HMGCR",10,0.141215106732348,"SVM"
"GHRL",10,0.134646962233169,"SVM"
"CXCR4",10,0.141215106732348,"SVM"
"ARRB2",10,0.137931034482759,"SVM"
"TGFB1",10,0.137931034482759,"SVM"
"C3",10,0.155993431855501,"SVM"
"APOE",10,0.13136288998358,"SVM"
"FOS",10,0.157635467980296,"SVM"
"ESR2",10,0.144499178981938,"SVM"
"CD36",10,0.12807881773399,"SVM"
"ESR1",10,0.134646962233169,"SVM"
"NOS1",10,0.134646962233169,"SVM"
"IGF1",10,0.142857142857143,"SVM"
"FURIN",10,0.134646962233169,"SVM"
"SOX9",10,0.146141215106732,"SVM"
"NOTCH2",10,0.139573070607553,"SVM"
"DNMT3A",10,0.142857142857143,"SVM"
"NRP1",10,0.134646962233169,"SVM"
"CSF2",10,0.137931034482759,"SVM"
"DNMT3B",10,0.137931034482759,"SVM"
"PTGS1",10,0.133004926108374,"SVM"
"CHUK",10,0.133004926108374,"SVM"
"CD40",10,0.139573070607553,"SVM"
"BRCA1",10,0.146141215106732,"SVM"
"CYP3A4",10,0.142857142857143,"SVM"
"CYP27A1",10,0.141215106732348,"SVM"
"Type",10,0.134646962233169,"SVM"
"_baseline_",10,0.532019704433498,"SVM"
